longitude,latitude,No2_value(mol/m^2),No2_value(mol/m^2)
77.171,28.414,1.1082616765634157e-05,1.4504064893117176e-05
77.181,28.414,3.860015112877591e-06,
77.192,28.414,2.2405965864891182e-06,5.949192200205289e-06
77.202,28.414,1.2558117305161431e-05,3.0199014872778207e-05
77.213,28.414,2.835243685694877e-05,
77.223,28.414,6.194263278302969e-06,
77.171,28.424,1.710545120658935e-06,1.930557846208103e-05
77.181,28.424,1.2207428881083615e-06,2.088931250909809e-05
77.192,28.424,1.3570946066465694e-05,
77.202,28.424,1.0457330063218253e-05,1.814519782783464e-05
77.213,28.424,-5.855976041857502e-07,2.729174775595311e-05
77.223,28.424,-9.959055205399636e-06,
77.233,28.424,-5.201983185543213e-06,2.821762109306292e-06
77.244,28.424,5.619505373033462e-06,1.813397466321476e-05
77.161,28.434,1.7513876855446142e-06,2.376273914705962e-05
77.171,28.434,4.715239356301026e-06,3.413222293602303e-05
77.181,28.434,-5.627925020235125e-06,1.7746204321156256e-05
77.192,28.434,1.5246688235492911e-05,2.488396603439469e-05
77.202,28.434,,1.98515881493222e-05
77.213,28.434,-1.0762374586192893e-05,1.2153258467151318e-05
77.223,28.434,1.7111987062889966e-06,2.8351894798106517e-05
77.233,28.434,6.74777493259171e-06,1.2833642358600628e-05
77.244,28.434,6.797873083996819e-06,4.838907261728309e-05
77.129,28.443,7.597532203362789e-06,2.5645400455687195e-05
77.14,28.443,-3.761760353881982e-06,1.698760206636507e-05
77.15,28.443,2.1730007574660704e-05,2.6362791686551645e-05
77.161,28.443,,2.3899376174085774e-05
77.171,28.443,1.0169656889047474e-05,3.255277260905132e-05
77.181,28.443,1.1666118552966507e-05,3.1370036595035344e-05
77.192,28.443,1.700935717963148e-05,3.115624713245779e-05
77.202,28.443,1.4747739442100284e-05,4.493504457059316e-05
77.213,28.443,3.261409074184485e-05,2.8771484721801244e-05
77.223,28.443,,2.003727240662556e-05
77.233,28.443,6.355742243613349e-06,2.016950747929513e-05
77.244,28.443,2.120573071806575e-06,1.7188922356581315e-05
77.129,28.453,1.998011975956615e-05,1.5898542187642306e-05
77.14,28.453,-4.01386671455839e-07,2.23554925469216e-05
77.15,28.453,-0.0002401851961622,7.34793729861849e-06
77.161,28.453,5.679892637999728e-06,1.654819971008692e-05
77.171,28.453,-1.5259032807080075e-05,1.169425650004996e-05
77.181,28.453,1.2147772395110223e-05,1.3552417840401176e-05
77.192,28.453,-1.3506401955964977e-05,1.970078119484242e-05
77.202,28.453,5.619505373033462e-06,1.4460849342867732e-05
77.213,28.453,1.9851941033266485e-06,2.0675312043749727e-05
77.223,28.453,-1.2301552487770095e-05,1.7836422557593323e-05
77.233,28.453,3.899169314536266e-05,1.6277950635412708e-05
77.119,28.463,1.5177918612607756e-05,2.0868246792815626e-05
77.129,28.463,-1.2561537005240098e-05,7.277440090547316e-06
77.14,28.463,6.092850162531249e-05,
77.15,28.463,9.323020094598178e-06,2.091002716042567e-05
77.161,28.463,-1.1371628261258593e-06,1.5353331036749296e-05
77.171,28.463,1.4493553862848785e-05,2.77859053312568e-05
77.181,28.463,-5.509720722329803e-06,1.4717038538947236e-05
77.192,28.463,1.3927432519267311e-05,7.319501310121268e-05
77.202,28.463,1.561152566864621e-05,1.0337417734263e-05
77.213,28.463,-0.0001808248634915,
77.223,28.463,-4.352629184722901e-05,2.8387503334670328e-05
77.119,28.473,5.091167167847743e-06,1.5299645383493043e-05
77.129,28.473,-5.098735073261196e-06,1.0614841812639496e-05
77.14,28.473,1.1942238415940665e-05,1.4491395631921478e-05
77.15,28.473,2.868587580451276e-05,
77.161,28.473,2.2058215108700097e-05,2.5127394110313617e-05
77.171,28.473,1.6058742403401993e-05,8.621264896646608e-06
77.181,28.473,2.1624713554047048e-05,
77.192,28.473,2.095516947520082e-06,2.1719297365052626e-05
77.202,28.473,1.7566509995958768e-05,6.120420493971324e-06
77.213,28.473,5.523238542082254e-06,2.000411768676713e-05
77.223,28.473,1.9458488168311305e-05,2.952141403511632e-05
77.233,28.473,-9.673245813246467e-07,1.18868529170868e-05
77.119,28.482,,2.03708368644584e-05
77.129,28.482,-2.904597977249068e-06,2.7576676075113937e-05
77.14,28.482,9.686410521680957e-06,9.35347270569764e-06
77.15,28.482,-5.201983185543213e-06,9.744549060997088e-06
77.161,28.482,-6.4405176090076566e-06,2.333041629754007e-05
77.171,28.482,7.931831532914657e-06,3.2058669603429735e-05
77.181,28.482,,
77.192,28.482,1.4996586287452374e-05,2.29832930926932e-05
77.202,28.482,6.594613751076395e-06,1.617808811715804e-05
77.213,28.482,-1.0794172339956276e-05,2.1658523110090755e-05
77.223,28.482,8.237290785473306e-06,1.544435872347094e-05
77.233,28.482,4.56689995189663e-05,2.9154087314964272e-05
77.244,28.482,-2.7617606974672526e-06,
77.129,28.492,2.5638194074417697e-06,9.422232096767402e-07
77.14,28.492,6.1458385971491225e-06,5.54333564650733e-05
77.15,28.492,3.460429797996767e-05,
77.161,28.492,-1.2272179446881635e-05,2.0675312043749727e-05
77.171,28.492,5.609821982943686e-06,5.689512818207732e-06
77.181,28.492,-1.929562358782277e-06,2.5023502530530092e-05
77.192,28.492,1.2585898730321787e-05,1.645596967136953e-05
77.202,28.492,1.0968094102281611e-05,1.3570587725553196e-05
77.213,28.492,1.8752545656752773e-05,2.343207052035723e-05
77.223,28.492,,7.554966941825114e-06
77.233,28.492,1.9877138583979104e-06,1.5834259102120996e-05
77.244,28.492,8.88930844666902e-06,2.0227675122441724e-05
77.254,28.492,1.3158202818885911e-05,1.589688281455892e-06
77.264,28.492,1.020767285808688e-05,1.2780786164512392e-05
77.275,28.492,1.468543086957652e-05,1.857308416219894e-05
77.306,28.492,-4.372239345684648e-06,2.3370062990579758e-05
77.316,28.492,1.550126398797147e-05,
77.327,28.492,8.10752226243494e-06,1.607754711585585e-05
76.891,28.502,2.1058259846995497e-07,
77.109,28.502,2.047268208116293e-05,2.5447750886087302e-05
77.119,28.502,,1.9622861145762727e-05
77.129,28.502,-1.2837895155826118e-06,2.2608348444919105e-05
77.14,28.502,6.74777493259171e-06,1.62405503942864e-05
77.15,28.502,,2.2672449631500054e-05
77.161,28.502,2.1099887817399576e-05,1.2077009614586134e-07
77.171,28.502,1.1986107892880682e-05,5.077429887023754e-05
77.181,28.502,-1.2690402400039602e-06,-4.790173079527449e-06
77.192,28.502,1.1761490895878524e-05,8.639299267088063e-06
77.202,28.502,5.499866801983444e-06,1.6331716324202716e-05
77.213,28.502,-0.0002122321602655,
77.223,28.502,1.818096461647656e-05,4.280440043658018e-05
77.233,28.502,-2.4673643110872945e-06,2.0920428141835146e-05
77.244,28.502,1.6811880414024927e-05,9.575593139743432e-06
77.254,28.502,1.670458550506737e-05,
77.264,28.502,1.0944017958536278e-07,1.087811961042462e-05
77.275,28.502,1.0217802810075227e-05,1.1000825907103716e-05
77.285,28.502,9.07370758795878e-06,1.577077819092665e-05
77.296,28.502,-3.7908112062723376e-06,3.619238850660622e-05
77.306,28.502,8.760593118495308e-06,1.8039183487417176e-05
77.316,28.502,1.6541405784664676e-05,2.070791379082948e-05
77.327,28.502,2.5405681299162097e-05,
76.891,28.512,5.582810899795732e-06,1.2528607840067709e-05
76.901,28.512,1.8705222828430124e-05,2.2476193407783285e-05
76.922,28.512,1.1338389413140249e-05,2.5084686058107764e-05
76.932,28.512,2.8549418402690208e-06,1.5921366866678e-05
76.943,28.512,-9.878542186925188e-05,
76.953,28.512,,
76.963,28.512,4.422663914738223e-05,1.587917358847335e-05
77.098,28.512,,2.2438425730797466e-05
77.109,28.512,9.91701199382078e-06,5.313404926710064e-06
77.119,28.512,1.5469624486286193e-05,2.4443981601507403e-05
77.129,28.512,1.2253229215275496e-05,2.333462907699868e-05
77.14,28.512,2.5434098915866343e-06,3.353145802975632e-05
77.15,28.512,-3.831764843198471e-06,1.3258510989544448e-05
77.161,28.512,1.696236722636968e-05,
77.171,28.512,-2.1677211414772304e-10,
77.181,28.512,2.1865325550152196e-08,1.5257313862093724e-05
77.192,28.512,9.781958397070412e-06,3.119341272395104e-05
77.202,28.512,4.40036274085287e-06,1.3934754861111289e-05
77.213,28.512,5.880464868823765e-06,
77.223,28.512,-2.5652896511019208e-05,2.725591184571385e-05
77.233,28.512,,1.1430001904955134e-05
77.244,28.512,-1.3926694919064175e-05,1.2238875569892116e-05
77.254,28.512,-0.0001155713107436,2.678796045074705e-05
77.264,28.512,6.867279807920568e-06,1.1902435289812274e-05
77.275,28.512,,1.7154152374132536e-05
77.285,28.512,1.4840410358374356e-06,1.3056951502221636e-05
77.296,28.512,-6.127957021817565e-06,1.8263095853399136e-06
77.306,28.512,7.008338798186742e-06,2.143650817743037e-05
77.316,28.512,1.053295909514418e-05,1.402953603246715e-05
77.327,28.512,1.8438606275594797e-05,1.0394104492661429e-06
77.337,28.512,1.2211624380142894e-05,1.432169938198058e-05
76.891,28.522,6.335008947644383e-06,1.651012098591309e-05
76.901,28.522,2.264868817292154e-05,9.124285497819072e-06
76.911,28.522,2.3665530534344725e-05,2.177628630306572e-05
76.922,28.522,6.613388904952444e-06,
76.932,28.522,6.553061666636495e-07,
76.943,28.522,1.1063329111493658e-05,3.957500666729175e-06
76.953,28.522,4.31322632721276e-06,1.2103943845431786e-05
76.963,28.522,5.152674930286594e-06,3.476199708529748e-05
76.974,28.522,2.134149690391496e-05,1.8645048839971423e-05
76.984,28.522,2.1530318008444738e-06,1.3913322618464008e-05
76.994,28.522,,
77.005,28.522,2.076545388263185e-05,1.4742535313416738e-05
77.015,28.522,6.613921868847683e-06,1.3221926565165631e-05
77.057,28.522,3.3221444937225897e-06,2.3899376174085774e-05
77.067,28.522,3.0361376047949307e-05,1.810627509257756e-05
77.078,28.522,1.492729006713489e-05,3.03294145851396e-05
77.088,28.522,-2.1132555048097856e-06,1.98515881493222e-05
77.098,28.522,2.782849878713023e-05,1.7861852029454894e-05
77.109,28.522,,1.960339432116598e-05
77.119,28.522,9.475126717006788e-06,
77.129,28.522,6.433718681364553e-06,1.976666681002825e-05
77.14,28.522,1.3856003533874173e-05,1.7582477084943093e-05
77.15,28.522,-1.5351304227806397e-06,1.9707427782122977e-05
77.161,28.522,-4.91448627144564e-05,2.188173311878927e-05
77.171,28.522,-7.5293037298251875e-06,1.1386099686205853e-05
77.181,28.522,4.56689995189663e-05,1.0436090633447748e-05
77.192,28.522,3.0794948543189093e-05,2.2341586372931488e-05
77.202,28.522,2.075518568744883e-05,2.215757012891117e-05
77.213,28.522,,1.5065383195178583e-05
77.223,28.522,1.4786278370593209e-05,2.4385852157138288e-05
77.233,28.522,8.010520105017349e-06,1.3130253137205727e-05
77.244,28.522,5.471913755172864e-05,6.651627700193785e-06
77.254,28.522,-5.896673883398762e-06,3.208707494195551e-05
77.264,28.522,8.661532774567604e-06,
77.275,28.522,-1.2498944670369385e-05,3.1552066502626985e-05
77.285,28.522,,
77.296,28.522,-6.600629376407596e-07,
77.306,28.522,1.3345385013963096e-05,9.51656693359837e-06
77.316,28.522,6.83071493767784e-06,
77.327,28.522,4.87240095026209e-06,1.6406684153480455e-05
77.337,28.522,5.4355555221263785e-06,
76.88,28.531,7.023511443549069e-06,2.340713945159223e-05
76.891,28.531,7.3996952778543346e-06,
76.901,28.531,-1.017524664348457e-05,1.4001267118146645e-05
76.911,28.531,-0.0001946607808349,
76.922,28.531,8.234145752794575e-06,1.5334389900090173e-05
76.932,28.531,,9.430734280613253e-06
76.943,28.531,-5.153755773790181e-05,1.8892392290581483e-06
76.953,28.531,1.0191416549787393e-05,4.15053636970697e-06
76.963,28.531,,9.200989552482495e-06
76.974,28.531,4.224883014103398e-05,2.9916596758994277e-05
76.984,28.531,1.264767433895031e-05,1.3632437912747264e-05
76.994,28.531,1.3794582628179342e-05,2.6786958187585697e-05
77.036,28.531,3.937798283004668e-06,2.224275522166863e-05
77.046,28.531,1.144232192018535e-05,7.34793729861849e-06
77.057,28.531,1.851064371294342e-05,1.5348794477176853e-05
77.067,28.531,-1.1882425496878568e-05,7.325531896640314e-06
77.078,28.531,1.331239673163509e-06,1.4681930224469396e-05
77.088,28.531,1.5936704585328698e-05,1.7945532817975618e-05
77.098,28.531,1.2977789992874024e-05,2.69535794359399e-05
77.109,28.531,7.035749604256125e-06,1.970397715922445e-05
77.119,28.531,-1.3585778333435885e-06,1.1236294085392728e-05
77.129,28.531,2.312695505679585e-05,8.181774319382384e-06
77.14,28.531,6.706526619382203e-06,1.2733498806483112e-05
77.15,28.531,9.697344466985667e-06,1.5565483408863656e-06
77.161,28.531,2.500664595572744e-05,2.03998733923072e-05
77.171,28.531,6.959943675610703e-06,
77.181,28.531,8.432113645540085e-06,6.21061235506204e-06
77.192,28.531,1.9429304302320816e-05,1.5141723451961298e-05
77.202,28.531,7.563222879980458e-06,-5.40249004643556e-07
77.213,28.531,1.670458550506737e-05,
77.223,28.531,2.122512887581252e-05,2.049032264039852e-05
77.233,28.531,3.409987584745977e-06,3.126390220131725e-05
77.244,28.531,-1.1569188245630356e-05,2.9768747481284663e-05
77.254,28.531,2.2758189516025595e-05,2.816955020534806e-05
77.264,28.531,3.647282574092969e-05,2.1978132281219587e-05
77.275,28.531,3.2264466426568106e-05,-7.50762592360843e-06
77.285,28.531,4.4140469981357455e-06,3.617625407059677e-05
77.296,28.531,1.6068917148004402e-06,3.551054032868706e-05
77.306,28.531,1.0007881428464316e-05,1.2006137694697829e-05
77.316,28.531,0.0001358203444397,1.6242538549704477e-05
77.327,28.531,7.536994417023379e-06,1.559150950924959e-05
76.87,28.541,2.047640191449318e-05,2.2265559891820885e-05
76.88,28.541,1.0999747246387416e-05,1.783339394023642e-05
76.891,28.541,6.9345296651590616e-06,3.328312232042663e-05
76.901,28.541,1.0309063327440526e-05,1.5634042938472703e-05
76.911,28.541,1.142527526099002e-05,3.302865297882818e-05
76.922,28.541,4.1750217860681005e-06,4.5586712076328695e-05
76.932,28.541,,1.7810321878641844e-05
76.943,28.541,1.713235178613104e-05,1.2805963706341572e-05
76.953,28.541,6.572129223059164e-06,
76.963,28.541,-1.862864701251965e-05,2.4735665647313e-05
76.974,28.541,5.328671704774024e-06,4.1998526285169646e-05
76.984,28.541,,2.07904122362379e-05
76.994,28.541,3.188156188116409e-05,2.7692169169313274e-05
77.005,28.541,-1.3750250218436122e-05,1.4827788618276829e-05
77.015,28.541,5.200106897973456e-06,3.7003406760049984e-05
77.026,28.541,1.933627572725527e-05,1.8314023691345938e-05
77.036,28.541,-4.755288682645187e-05,
77.046,28.541,9.5246359705925e-06,1.5231186807795892e-05
77.057,28.541,,
77.067,28.541,-3.29281442645879e-06,9.911388588079715e-06
77.078,28.541,1.995978527702391e-05,8.621264896646608e-06
77.088,28.541,4.843719125346979e-06,2.8542723157443103e-05
77.098,28.541,2.913203843490919e-06,1.0146502063435037e-05
77.109,28.541,2.0970055629732087e-05,1.3192783626436722e-05
77.119,28.541,4.343973614595598e-06,1.4765314517717345e-05
77.129,28.541,-4.591876404447248e-06,2.1540008674492128e-05
77.14,28.541,-2.6771009288495407e-05,1.2099386367481202e-05
77.15,28.541,2.7637781386147253e-05,1.28822593978839e-05
77.161,28.541,1.699014137557242e-05,1.9652865375974216e-05
77.171,28.541,1.6894153304747306e-05,3.5600445698946714e-05
77.181,28.541,-1.242664552592032e-06,3.594548979890533e-05
77.192,28.541,9.937130016623996e-06,
77.202,28.541,1.5788531527505256e-05,1.884863377199508e-05
77.213,28.541,,1.8996284779859707e-05
77.223,28.541,2.2170538613863755e-06,
77.233,28.541,4.163389803579776e-06,-6.062332431611139e-06
77.244,28.541,1.9389337467146103e-05,2.2622292817686684e-05
77.254,28.541,3.064083330173162e-06,1.5816092854947783e-05
77.264,28.541,6.938700607861392e-06,2.860028689610772e-05
77.275,28.541,2.878890700230841e-05,1.570026324770879e-05
77.285,28.541,1.5495639672735706e-05,3.2689827094145585e-06
77.296,28.541,-5.6496714933018666e-06,1.5179407455434555e-05
77.306,28.541,2.186819619964808e-05,1.8950126104755327e-05
77.316,28.541,1.832671478041448e-05,1.552748290123418e-05
76.849,28.551,8.07520882517565e-06,2.6084047931362875e-05
76.86,28.551,-6.715059953421587e-06,4.6849509089952335e-06
76.87,28.551,1.0431504051666708e-05,1.2380039152048994e-05
76.88,28.551,1.9789224097621627e-05,1.7559710613568313e-05
76.891,28.551,1.4644834664068185e-05,1.580169737280812e-05
76.901,28.551,3.289494270575233e-05,1.376018008159008e-05
76.911,28.551,2.228614448540611e-06,2.3753955247229896e-06
76.922,28.551,1.7551792552694678e-06,4.041850843350403e-05
76.932,28.551,4.593111043504905e-06,2.601486812636722e-05
76.943,28.551,2.04387561097974e-05,2.033059354289435e-05
76.953,28.551,-2.660426844158792e-06,4.233338768244721e-05
76.963,28.551,2.4275634132209237e-05,1.4547400496667253e-05
76.974,28.551,3.419466156628914e-05,1.9221259208279665e-05
76.984,28.551,-3.352041176185594e-06,6.8125841607979964e-06
76.994,28.551,-3.619202470872551e-05,1.432951739843702e-05
77.005,28.551,6.456347364292014e-06,1.0576415661489593e-05
77.015,28.551,9.0327821453684e-06,8.742960744712036e-06
77.026,28.551,-7.880591874709353e-05,1.8296344933332875e-05
77.036,28.551,6.912078788445797e-06,1.255019560630899e-05
77.046,28.551,2.0300247342674996e-05,
77.057,28.551,-6.4405176090076566e-06,2.77859053312568e-05
77.067,28.551,1.3036288692092056e-05,1.8004662706516683e-05
77.078,28.551,,4.9250877054873854e-05
77.088,28.551,1.0089445822814014e-05,1.6464138752780855e-05
77.098,28.551,1.4297539564722683e-05,1.370178233628394e-05
77.109,28.551,-1.8650584024726413e-05,2.5025667127920315e-05
77.119,28.551,4.788282694789814e-06,2.251282421639189e-05
77.129,28.551,-8.591340701968875e-06,
77.14,28.551,9.781958397070412e-06,2.4636507077957503e-05
77.15,28.551,3.511228442221181e-06,2.1716465198551305e-05
77.161,28.551,2.0148352632531896e-05,2.2107242330093868e-05
77.171,28.551,1.624821379664354e-06,1.272328881896101e-05
77.181,28.551,7.6244955380389e-06,1.629042162676342e-05
77.192,28.551,1.8949560399050824e-05,1.337713638349669e-05
77.202,28.551,1.6619158486719243e-05,2.063070860458538e-05
77.213,28.551,2.029357710853219e-05,5.681500260834582e-05
77.223,28.551,-3.7908112062723376e-06,2.6403980882605534e-05
77.233,28.551,1.3115130059304649e-05,4.997978976462037e-05
77.244,28.551,1.417180919816019e-05,1.5908708519418724e-05
77.254,28.551,-0.0001606816804269,2.277169187436812e-05
77.264,28.551,1.833646820159629e-05,3.4818269341485575e-05
77.275,28.551,8.240495844802354e-06,3.754134013433941e-05
77.285,28.551,8.9505492724129e-06,6.88910859025782e-06
77.296,28.551,1.3770053556072526e-05,4.00847929995507e-05
77.306,28.551,7.249336704262532e-06,5.081319159216946e-06
77.316,28.551,,
76.849,28.561,6.415816642402206e-06,1.944595351233147e-05
76.86,28.561,1.1716355402313638e-05,1.6798341675894335e-05
76.87,28.561,2.4617033886897843e-06,5.868280823051464e-06
76.88,28.561,1.1499678294057958e-05,1.5011637515272014e-06
76.891,28.561,3.810051566688344e-05,
76.901,28.561,6.58355656923959e-06,2.196741479565389e-05
76.911,28.561,-1.7592734593563364e-06,2.635935743455775e-05
76.922,28.561,,1.8645048839971423e-05
76.932,28.561,1.5920111763989553e-05,
76.943,28.561,3.2138043479790213e-06,5.021563538321061e-06
76.953,28.561,,1.7054284398909658e-05
76.963,28.561,7.228273716464173e-06,-1.5988623545126757e-06
76.974,28.561,3.789270976994885e-07,8.652022529531678e-07
76.984,28.561,-1.728898155306524e-06,3.245250991312787e-05
76.994,28.561,6.586561539734248e-06,1.6869104001671076e-05
77.005,28.561,1.964646344276844e-06,1.492220053478377e-05
77.015,28.561,1.3664454854733776e-05,3.380780981387943e-05
77.026,28.561,,2.905844894485199e-06
77.036,28.561,-1.3506401955964977e-05,1.3552417840401176e-05
77.046,28.561,8.829957550915424e-06,1.529634573671501e-05
77.057,28.561,1.6058742403401993e-05,1.9871988115482964e-05
77.067,28.561,1.2544951459858568e-05,7.445263236149913e-06
77.078,28.561,7.864709004934411e-06,7.924842975626234e-06
77.088,28.561,-5.481168045662344e-05,2.171082451241091e-05
77.098,28.561,5.064817742095329e-06,2.062062958430033e-05
77.109,28.561,-5.705843432224356e-05,2.952141403511632e-05
77.119,28.561,3.110769057457219e-06,1.18868529170868e-05
77.129,28.561,6.728783318976639e-06,1.945827534655109e-05
77.14,28.561,-1.752884031702706e-06,2.09865283977706e-05
77.15,28.561,1.1224530680919996e-05,2.2903632270754315e-05
77.161,28.561,5.421578862296883e-06,1.5065383195178583e-05
77.171,28.561,1.7592701624380425e-05,5.513185533345677e-05
77.181,28.561,-1.5328676454373635e-05,1.213950599776581e-05
77.192,28.561,4.695886673289351e-06,
77.202,28.561,1.4657726751465816e-05,1.0022045898949727e-05
77.213,28.561,9.433887498744298e-06,3.265555642428808e-05
77.223,28.561,6.475631380453706e-06,3.1824576581129804e-05
77.233,28.561,2.6098319722223096e-05,6.32600449534948e-06
77.244,28.561,3.0002478524693288e-05,6.137248419690877e-06
77.254,28.561,1.1019460544048345e-05,2.217191286035813e-05
77.264,28.561,-5.824728759762365e-06,2.9165959858801216e-05
77.275,28.561,1.9180415620212443e-05,
77.285,28.561,1.3583468899014406e-05,1.8207279936177656e-05
77.296,28.561,3.2179154914047103e-06,1.5231500583468003e-05
77.306,28.561,3.4910310205304995e-05,1.3745549040322658e-05
76.849,28.571,1.2461837286537047e-05,1.4203899809217546e-05
76.86,28.571,-2.5805340555962172e-05,5.745996986661339e-06
76.87,28.571,1.142527526099002e-05,
76.88,28.571,-3.631963181760512e-06,3.2335643481928855e-05
76.891,28.571,2.4360786028410075e-06,2.2017205992597155e-05
76.901,28.571,1.937632987392135e-05,9.769165444595274e-06
76.911,28.571,5.56337272428209e-06,2.360210783081129e-05
76.922,28.571,1.4996268873801457e-05,-7.105219992808998e-06
76.932,28.571,5.871745088370517e-06,2.026687070610933e-05
76.943,28.571,-5.240430596131773e-07,1.0597527762001846e-05
76.953,28.571,9.916132512444165e-06,1.4069751159695444e-05
76.963,28.571,-4.5623364712810144e-05,
76.974,28.571,2.1367533918237317e-05,4.818768502445892e-06
76.984,28.571,6.324074092844967e-06,1.467655602027662e-05
76.994,28.571,2.893002238124609e-05,4.210970291751437e-05
77.005,28.571,6.967274657654343e-06,-1.144194811786292e-05
77.015,28.571,-0.0001228286128025,1.312029235123191e-05
77.026,28.571,1.9456871086731556e-05,3.115624713245779e-05
77.036,28.571,9.067730388778728e-06,2.403686085017398e-05
77.046,28.571,1.4755214579054154e-05,9.53715880314121e-06
77.057,28.571,6.679508146589797e-07,2.2852778783999383e-05
77.067,28.571,1.0764566468424164e-05,2.1441914213937707e-05
77.078,28.571,,5.883784979232587e-06
77.088,28.571,8.055134458118118e-06,6.283873062784551e-06
77.098,28.571,9.697344466985667e-06,9.81633274932392e-06
77.109,28.571,5.603762929240474e-07,1.1255429853918033e-05
77.119,28.571,1.5259869542205706e-05,3.1839806524658343e-06
77.129,28.571,9.11443237328058e-07,3.0571900424547493e-05
77.14,28.571,-1.1312588412693003e-06,
77.15,28.571,5.8751429605763406e-06,4.1070736187975854e-05
77.161,28.571,1.5788531527505256e-05,1.2100009371351916e-05
77.171,28.571,2.2964477466302924e-06,2.1110008674440905e-05
77.181,28.571,5.456389772007242e-06,3.126390220131725e-05
77.192,28.571,7.288207143574255e-06,
77.202,28.571,1.6877880625543185e-05,1.6562662494834512e-05
77.213,28.571,3.064083330173162e-06,
77.223,28.571,7.898507647041697e-06,
77.233,28.571,1.1121632269350812e-05,
77.244,28.571,2.6667405563785e-06,1.812479786167387e-05
77.254,28.571,,1.2006137694697829e-05
77.264,28.571,1.3877700439479668e-05,
77.275,28.571,7.817494406481273e-06,2.8650087187998e-05
77.285,28.571,,8.237653673859313e-06
77.296,28.571,2.2280999473878182e-05,2.032665906881448e-05
76.849,28.58,-1.4513865380649804e-06,9.277558092435356e-06
76.86,28.58,1.3956135262560563e-05,6.148108695924748e-06
76.87,28.58,6.906261205585906e-06,1.7409698557457887e-05
76.88,28.58,-1.3667805660588783e-06,3.309676321805455e-05
76.891,28.58,1.713235178613104e-05,2.7087538910564035e-05
76.901,28.58,,1.978781483558123e-06
76.911,28.58,1.2479006727517117e-05,3.9759452192811295e-06
76.922,28.58,2.4775865767878717e-06,1.6349658835679293e-05
76.932,28.58,-6.295315688475966e-05,3.008809289894998e-05
76.943,28.58,5.848674845765345e-06,7.374654614977771e-06
76.953,28.58,9.007693734019996e-06,7.587073469039751e-06
76.963,28.58,9.610638699086849e-06,1.4543960787705146e-05
76.974,28.58,1.144232192018535e-05,2.180346200475469e-05
76.984,28.58,4.183711098448839e-06,2.1850530174560845e-05
76.994,28.58,1.0057735380542e-05,2.18843124457635e-05
77.005,28.58,2.885836875066161e-05,2.8729167752317156e-05
77.015,28.58,6.559218036272796e-06,2.2101166905486025e-05
77.026,28.58,1.995978527702391e-05,-9.275445904677326e-07
77.036,28.58,1.2633681762963532e-05,2.224293348263018e-05
77.046,28.58,5.894029982300708e-06,2.203755320806522e-05
77.057,28.58,,4.598763553076424e-06
77.067,28.58,8.231305400840938e-05,6.911099262651987e-06
77.078,28.58,8.662481377541553e-06,5.822163871016528e-07
77.088,28.58,1.6467376553919166e-05,
77.098,28.58,1.1206473118363649e-06,1.5095554772415198e-05
77.109,28.58,2.9995588192832656e-05,8.339780833921395e-06
77.119,28.58,2.355700416956097e-06,1.738733408274129e-05
77.129,28.58,7.493425187021785e-07,3.1450032111024484e-05
77.14,28.58,2.4173150450224057e-06,2.7224343284615315e-05
77.15,28.58,-8.183462341548875e-06,-2.024480181717081e-06
77.161,28.58,1.1230184071564508e-07,1.6824898921186104e-05
77.171,28.58,1.4787742657063063e-05,2.2437638108385727e-05
77.181,28.58,1.3215265425969848e-05,
77.192,28.58,1.4840410358374356e-06,1.804204839572776e-05
77.202,28.58,9.998485666073975e-07,2.691778718144633e-05
77.213,28.58,-1.594803279658663e-06,1.2295348824409302e-05
77.223,28.58,2.2982807422522452e-05,1.8934662875835784e-05
77.233,28.58,7.767821443849243e-06,1.3981454685563222e-05
77.244,28.58,2.0743442291859537e-05,
77.254,28.58,1.6862384654814377e-05,
77.264,28.58,-6.322868284769356e-05,2.526025309634861e-05
77.275,28.58,1.7813683371059597e-05,2.236500586150214e-05
77.285,28.58,1.55000489030499e-05,1.9313230950501747e-05
77.296,28.58,4.996531970391516e-06,-2.4772557480901014e-06
76.87,28.59,,
76.88,28.59,-8.754549526202027e-06,1.326544770563487e-05
76.891,28.59,,1.1440430171205662e-05
76.901,28.59,1.7144902813015506e-05,2.8938424293301068e-05
76.911,28.59,1.1713203093677294e-05,1.8880640709539875e-05
76.922,28.59,-3.071544415433891e-05,1.2095708370907232e-05
76.932,28.59,3.632794323493727e-05,6.853489139757585e-06
76.943,28.59,1.891111622853714e-07,1.1752765203709714e-05
76.953,28.59,3.021926931978669e-05,-1.4741288396180607e-05
76.963,28.59,1.277069986826973e-05,6.124387709860457e-06
76.974,28.59,,3.731729157152586e-05
76.984,28.59,-4.536477717920207e-06,2.487144001861452e-06
76.994,28.59,-1.3506401955964977e-05,1.4851960258965846e-05
77.005,28.59,1.32606419356307e-05,5.903475539525971e-06
77.015,28.59,2.6017645723186437e-05,1.4145829482004046e-05
77.026,28.59,,1.4907427612342872e-05
77.036,28.59,1.1825033652712593e-05,1.537453499622643e-05
77.046,28.59,1.7566509995958768e-05,2.339389357075561e-05
77.057,28.59,4.29242436439381e-06,5.077429887023754e-05
77.067,28.59,1.030313524097437e-05,9.19271133170696e-06
77.078,28.59,5.508401955012232e-06,3.1201590900309384e-05
77.088,28.59,,3.60200137947686e-05
77.098,28.59,1.618339774722699e-05,3.75367199012544e-05
77.109,28.59,1.2354694263194688e-05,1.4855084373266436e-05
77.119,28.59,6.060112355044112e-06,2.3246191631187685e-05
77.129,28.59,1.961062662303448e-05,1.2499352123995776e-05
77.14,28.59,6.423107606678968e-06,1.9209268430131488e-05
77.15,28.59,7.932275366329122e-06,2.9519336749217476e-05
77.161,28.59,3.7631364193657646e-06,2.8399330403772183e-05
77.171,28.59,,1.6266254533547908e-05
77.181,28.59,-2.4343000859516906e-06,2.602261520223692e-05
77.192,28.59,3.948709945689188e-06,1.5247849660227075e-05
77.202,28.59,-1.8849328853320912e-06,1.163110755442176e-05
77.213,28.59,2.4809118258417584e-05,1.9390772649785504e-06
77.223,28.59,4.980985067959409e-06,1.934288775373716e-05
77.233,28.59,-0.0002166497870348,
77.244,28.59,-2.383535957051208e-06,2.5831390303210355e-05
77.254,28.59,2.349463102291338e-05,1.057071585819358e-05
77.264,28.59,-8.914890941014164e-07,8.147967491822783e-06
77.275,28.59,-8.323353313244297e-07,3.072463005082682e-05
77.285,28.59,,1.015656835079426e-06
77.296,28.59,3.1317886168835685e-06,3.889096660714131e-06
77.306,28.59,2.3413209419231865e-05,1.2206714018248022e-05
76.88,28.6,5.454322945297463e-06,1.019811588776065e-05
76.891,28.6,1.4436862329603173e-05,2.179376497224439e-05
76.901,28.6,2.300895175721962e-05,1.9330824216012843e-05
76.911,28.6,1.544313272461295e-05,1.845778569986578e-05
76.922,28.6,1.3525499525712805e-05,1.698760206636507e-05
76.932,28.6,7.838611054467037e-06,
76.943,28.6,-6.038074484848721e-09,2.9554477805504572e-05
76.953,28.6,3.5553780435293447e-06,2.151525768567808e-05
76.963,28.6,,1.2734833035210611e-05
76.974,28.6,7.69883808970917e-06,1.814519782783464e-05
76.984,28.6,4.298987278161803e-06,2.2438425730797466e-05
76.994,28.6,1.273900215892354e-05,1.898727896332275e-05
77.005,28.6,-0.0001037492183968,2.2896569134900343e-05
77.015,28.6,-3.755129364435561e-05,1.104441071220208e-05
77.026,28.6,4.818241450266214e-06,2.016950747929513e-05
77.036,28.6,3.0512264856952243e-06,1.0218118404736742e-05
77.046,28.6,2.8351181754260324e-05,1.91822400665842e-05
77.057,28.6,5.888940904696938e-06,1.807515036489349e-05
77.067,28.6,2.961218115160591e-06,2.4768936782493256e-05
77.078,28.6,1.9877138583979104e-06,
77.088,28.6,2.322682485100813e-05,3.7629306461894885e-05
77.098,28.6,-0.0002337065525352,2.2903632270754315e-05
77.109,28.6,5.8882352504952e-07,1.943563984241337e-05
77.119,28.6,8.625325790490024e-06,6.1070950323482975e-06
77.129,28.6,5.6352969295403454e-06,5.6514618336223066e-05
77.14,28.6,-9.484983820584604e-06,
77.15,28.6,-4.372239345684648e-06,3.9682221540715545e-05
77.161,28.6,1.3115130059304649e-05,1.7404541722498834e-05
77.171,28.6,,2.3017179046291855e-05
77.181,28.6,2.9186046958784573e-05,1.2387187780404927e-05
77.192,28.6,6.4725763877504505e-06,-2.9718132736888947e-06
77.202,28.6,,2.304311601619702e-05
77.213,28.6,5.233410320215626e-06,
77.223,28.6,,1.579951094754506e-05
77.233,28.6,-6.634710007347167e-05,1.3559610124502797e-05
77.244,28.6,1.1548376278369687e-05,1.8434950106893663e-05
77.254,28.6,-4.391749541809986e-07,2.26994015974924e-05
77.264,28.6,2.235757347079925e-05,3.6075407479074784e-06
77.275,28.6,1.2535581845440902e-05,1.467182028136449e-05
77.285,28.6,1.686560790403746e-05,2.0157836843281984e-05
77.296,28.6,-1.3619181800095248e-06,2.283783942402806e-05
77.306,28.6,8.614582839072682e-06,3.841811849270016e-05
77.316,28.6,-1.5990575775504112e-05,1.3918611330154818e-05
77.327,28.6,,5.436811989056878e-05
76.88,28.61,5.328671704774024e-06,
76.891,28.61,-3.722396968441899e-06,7.614164587721461e-06
76.901,28.61,3.088921403104905e-06,2.3322021661442704e-05
76.911,28.61,4.7556393838021904e-05,3.8514055631821975e-05
76.922,28.61,1.3454945246849093e-06,7.010621175140841e-06
76.932,28.61,,1.5259116480592638e-05
76.943,28.61,0.000181896451977,-2.557664402047521e-06
76.953,28.61,7.167081548686838e-06,
76.963,28.61,,1.9166653146385212e-05
76.974,28.61,6.859686891402816e-06,2.4779463274171576e-05
76.984,28.61,2.5219162125722505e-05,
76.994,28.61,1.7111987062889966e-06,1.977790270757396e-05
77.005,28.61,2.7307456548442133e-05,
77.015,28.61,1.0764566468424164e-05,3.0615377909271047e-05
77.026,28.61,2.27159216592554e-05,1.676266583672259e-05
77.036,28.61,8.055134458118118e-06,3.7081772461533546e-05
77.046,28.61,1.3462736205838157e-05,5.4761218052590266e-05
77.057,28.61,5.603394583886256e-06,5.412888640421443e-05
77.067,28.61,2.0159708583378236e-05,2.9154087314964272e-05
77.078,28.61,,1.0244693839922547e-05
77.088,28.61,1.0580207344901282e-05,1.3359639524423985e-05
77.098,28.61,2.178802969865501e-05,1.1432767678343224e-05
77.109,28.61,5.238840458332561e-06,3.420349821681157e-05
77.119,28.61,-9.574753221386343e-07,2.0762081476277672e-05
77.129,28.61,6.076945282984525e-06,3.437821942497976e-05
77.14,28.61,-5.526874701899942e-06,2.2574984541279264e-05
77.15,28.61,4.6811860556772444e-06,2.816955020534806e-05
77.161,28.61,9.998485666073975e-07,1.8479277059668675e-05
77.171,28.61,4.938985057378886e-06,2.1373936760937795e-05
77.181,28.61,3.201822255505249e-05,2.982484329550061e-05
77.192,28.61,,3.281026511103846e-05
77.202,28.61,-2.94630244752625e-05,6.528759968205122e-06
77.213,28.61,1.3770053556072526e-05,1.585477548360359e-05
77.223,28.61,,2.2719053959008303e-05
77.233,28.61,,1.6897462046472356e-05
77.244,28.61,,1.2816220987588167e-05
77.254,28.61,,1.4089482647250406e-05
77.264,28.61,9.765634786162993e-06,4.233359868521802e-05
77.275,28.61,-0.0002021327672991,3.990111508755945e-05
77.285,28.61,9.231027433997951e-06,5.099995178170502e-05
77.296,28.61,2.893564897021861e-06,2.115446113748476e-05
77.306,28.61,8.480303222313523e-06,2.2845450075692497e-05
77.316,28.61,1.6001766198314726e-05,9.347112381874468e-07
77.327,28.61,1.8314683984499425e-05,3.4606768167577684e-05
77.337,28.61,8.448530024907086e-06,2.5006393116200343e-05
76.891,28.619,2.19301746255951e-05,1.404371050739428e-05
76.901,28.619,1.8407079551252536e-05,
76.911,28.619,1.6535286704311147e-05,4.818768502445892e-06
76.922,28.619,2.8683784876193386e-06,2.0853036403423172e-05
76.932,28.619,2.966845204355195e-05,
76.943,28.619,3.6957021620764863e-06,2.493105239409488e-05
76.953,28.619,2.496612296454259e-06,
76.963,28.619,,1.7502990885986947e-05
76.974,28.619,1.2586927368829492e-05,
76.984,28.619,3.460429797996767e-05,1.2651677934627514e-05
76.994,28.619,1.824787432269659e-05,
77.005,28.619,,
77.015,28.619,4.29242436439381e-06,
77.026,28.619,5.347915248421487e-06,3.104444112977944e-05
77.036,28.619,1.1592629562073851e-05,
77.046,28.619,1.037451238516951e-05,3.9207890949910507e-05
77.057,28.619,7.175758582889102e-06,1.9915709344786592e-05
77.067,28.619,-7.986173500285076e-07,
77.078,28.619,1.5257544873747976e-05,3.1450032111024484e-05
77.088,28.619,-1.1127097820917697e-07,1.4922552509233356e-05
77.098,28.619,-0.0001976553176064,
77.109,28.619,3.7089660054334672e-06,1.087811961042462e-05
77.119,28.619,4.6775771807006095e-06,1.656826316320803e-05
77.129,28.619,1.982977300940547e-05,
77.14,28.619,1.1979780538240448e-05,1.605710895091761e-05
77.15,28.619,3.660554057205445e-06,3.501374521874823e-05
77.161,28.619,1.6013842468964867e-05,1.2295348824409302e-05
77.171,28.619,2.8402995667420328e-05,8.242035619332455e-06
77.181,28.619,2.7588272999423683e-08,1.4610947800974827e-05
77.192,28.619,2.5346695110783912e-05,3.865080725518055e-05
77.202,28.619,1.4674277508675004e-06,3.314748755656183e-05
77.213,28.619,1.0000869224313648e-05,1.838191201386508e-05
77.223,28.619,9.587110980646685e-06,1.1808110684796702e-05
77.233,28.619,1.193737352878088e-05,1.9313230950501747e-05
77.244,28.619,7.08181369191152e-06,0.0001080937508959
77.254,28.619,,
77.264,28.619,1.5775412975926884e-05,2.840208799170796e-05
77.275,28.619,1.1002533028658943e-05,9.104605851462113e-06
77.285,28.619,3.962183654948603e-06,
77.296,28.619,1.3634829883812928e-05,2.898907587223221e-05
77.306,28.619,1.3685275007446762e-05,1.186513873108197e-05
77.316,28.619,3.673121318570338e-05,3.606001700973138e-05
77.327,28.619,1.2869617421529256e-05,2.4242182917078026e-05
77.337,28.619,1.061870079865912e-05,2.274136022606399e-05
76.891,28.629,-1.728898155306524e-06,1.8919497961178425e-05
76.911,28.629,5.407128810475115e-06,4.240066846250557e-05
76.922,28.629,-3.4070540095854085e-06,1.3714840861211997e-05
76.953,28.629,1.7467438738094643e-05,3.277335451912222e-07
76.963,28.629,-0.0001808248634915,2.0667212083935738e-05
76.974,28.629,1.2253229215275496e-05,2.333462907699868e-05
76.984,28.629,1.4644368093286175e-05,2.192845931858756e-05
76.994,28.629,2.5208120860042985e-05,
77.005,28.629,1.8685514078242704e-05,2.312218384759035e-05
77.015,28.629,1.859547774074599e-05,-4.790173079527449e-06
77.026,28.629,,1.249533215741394e-05
77.036,28.629,4.696971984685661e-07,1.2499428521550726e-05
77.046,28.629,1.2215576134622095e-05,1.3640875295095611e-05
77.057,28.629,-2.4673643110872945e-06,1.11711815407034e-05
77.067,28.629,1.2307740462347283e-06,1.3473440958478022e-05
77.078,28.629,-3.4731579944491386e-05,6.1070950323482975e-06
77.088,28.629,2.705378165046568e-06,2.58865075011272e-05
77.098,28.629,2.665310603333637e-05,6.544972166011576e-06
77.109,28.629,5.198346570978174e-06,8.857864486344624e-06
77.119,28.629,7.145350991777377e-06,3.1236228096531704e-05
77.129,28.629,1.1480972716526594e-05,8.99520018720068e-05
77.14,28.629,1.2843048352806363e-05,1.5247849660227075e-05
77.15,28.629,3.543989805621095e-06,9.115591637964826e-06
77.161,28.629,1.7183065210701898e-05,1.282348148379242e-05
77.171,28.629,1.8392267520539463e-05,1.7112226487370208e-05
77.181,28.629,1.1376238035154527e-05,1.4581567484128756e-05
77.192,28.629,5.9502857766347006e-05,1.5188707038760184e-05
77.202,28.629,6.855069841549266e-06,9.652352446209989e-07
77.213,28.629,7.782529792166315e-06,2.110464447468985e-05
77.223,28.629,-1.1031889926016447e-06,-1.412104438713868e-06
77.233,28.629,3.931420451408485e-06,
77.244,28.629,-5.96471090830164e-06,
77.254,28.629,,
77.264,28.629,1.008119943435304e-05,1.602788506716024e-05
77.275,28.629,1.6461488030472538e-06,1.7244215996470302e-05
77.285,28.629,5.647114903695183e-06,2.353274430788588e-05
77.296,28.629,3.0958577553974465e-05,3.915599882020615e-05
77.306,28.629,-4.12135750593734e-06,3.876441405736841e-05
77.316,28.629,1.4886232747812755e-05,1.4368860320246313e-05
77.327,28.629,-1.2731823517242448e-05,5.062439959147014e-05
76.943,28.639,1.1927049854421057e-05,1.7945532817975618e-05
76.953,28.639,1.2792505685865765e-06,9.53715880314121e-06
76.963,28.639,4.010401880805148e-06,1.948329372680746e-05
76.974,28.639,7.864709004934411e-06,1.6464138752780855e-05
76.984,28.639,7.2220395850308705e-06,
76.994,28.639,1.4244786143535748e-05,1.063706531567732e-05
77.005,28.639,2.1865325550152196e-08,1.7965943698072806e-05
77.015,28.639,,1.28822593978839e-05
77.026,28.639,1.699014137557242e-05,2.1821289919898845e-05
77.036,28.639,,1.6065416275523603e-05
77.046,28.639,,
77.057,28.639,-1.973732651094906e-06,1.5589366739732213e-05
77.067,28.639,,3.420349821681157e-05
77.078,28.639,1.7142065189545974e-05,1.8109445591107946e-05
77.088,28.639,-1.6091863699330131e-06,3.051740350201726e-05
77.098,28.639,,3.280514647485688e-05
77.109,28.639,1.3644899809150957e-05,2.21031541514094e-06
77.119,28.639,1.0924421076197175e-05,1.4809334061283153e-05
77.129,28.639,1.6203604218389955e-06,3.98467636841815e-06
77.14,28.639,-0.0002151400694856,
77.15,28.639,7.973864740051795e-06,2.577942723291926e-05
77.161,28.639,1.8438606275594797e-05,4.920915216644062e-06
77.171,28.639,-6.068984930607257e-06,1.2980997325939825e-06
77.181,28.639,1.3078378287900703e-05,2.4180522814276628e-05
77.192,28.639,-8.300024092022795e-06,2.7527772544999607e-05
77.202,28.639,9.575754120305646e-06,3.787353853113018e-05
77.213,28.639,,8.27606436359929e-06
77.223,28.639,-8.310463272209745e-06,2.8507802198873837e-06
77.233,28.639,4.416415890773351e-07,7.007674139458686e-05
77.244,28.639,7.505251232942101e-06,
77.254,28.639,4.2379651858937e-06,1.581065953359939e-05
77.264,28.639,1.5648294720449485e-05,
77.275,28.639,4.936241111863637e-06,1.5023519154055975e-05
77.285,28.639,3.867698978865519e-06,
77.296,28.639,,1.5563586202915758e-05
77.306,28.639,8.736281415622216e-06,1.6583533579250798e-05
77.316,28.639,,2.2162388631841168e-05
76.932,28.649,2.782849878713023e-05,1.7208683857461438e-05
76.943,28.649,-0.0001842625060817,2.013577613979578e-05
76.953,28.649,9.476412742515096e-06,2.551577563281171e-05
76.963,28.649,1.0764566468424164e-05,1.631392842682544e-05
76.974,28.649,1.533239810669329e-05,
76.984,28.649,8.055134458118118e-06,1.3881986888009124e-05
76.994,28.649,,2.2008362066117115e-05
77.005,28.649,1.774429802026134e-05,2.3745022190269083e-05
77.015,28.649,6.545834821736207e-06,1.5408457329613157e-05
77.026,28.649,-9.415326348971575e-05,3.843598460662179e-05
77.036,28.649,0.0001647293538553,8.47713090479374e-06
77.046,28.649,7.6244955380389e-06,9.0658177214209e-06
77.057,28.649,-0.0001756742130964,1.7578102415427566e-05
77.067,28.649,1.582975164637901e-05,7.874469702073839e-06
77.078,28.649,-2.225415300927125e-06,1.8844952137442306e-05
77.088,28.649,3.255900992371608e-06,
77.098,28.649,-5.395606058300473e-05,1.4273736269387882e-05
77.109,28.649,1.3807117284159176e-05,4.935689048579661e-06
77.119,28.649,2.7855865482706577e-05,1.5197720131254757e-05
77.129,28.649,,6.137248419690877e-06
77.14,28.649,1.4317725799628532e-05,2.01150105567649e-05
77.15,28.649,-1.0073749763250817e-05,2.4056100301095285e-05
77.161,28.649,1.515165604359936e-05,2.702188976400066e-05
77.171,28.649,1.1590595931920689e-05,
77.181,28.649,-2.3705508283455856e-05,1.348272508039372e-05
77.192,28.649,-4.2255462176399305e-05,5.958867404842749e-06
77.202,28.649,7.182197805377655e-06,2.3122580387280323e-05
77.213,28.649,1.0860389920708258e-05,7.846961125324015e-06
77.223,28.649,7.269584784808103e-06,
77.233,28.649,1.4586200450139586e-05,2.1485644538188357e-05
77.244,28.649,3.0874518870405154e-06,
77.254,28.649,1.1628566426225008e-05,-1.995329512283206e-06
77.264,28.649,1.7135997040895745e-05,8.626218004792463e-06
77.275,28.649,1.6303800293826498e-05,3.7101301131770015e-05
77.285,28.649,-3.987100717495196e-05,2.1060470317024738e-05
77.296,28.649,3.731305923793116e-06,1.7256461433134973e-05
77.306,28.649,1.5135036846913865e-05,4.085888576810248e-05
77.316,28.649,,2.5697621822473596e-05
76.932,28.659,-0.0002510634076315,7.445263236149913e-06
76.943,28.659,1.558033727633301e-05,1.097421318263514e-05
76.953,28.659,1.1286082553851884e-05,2.4296809897350613e-06
76.963,28.659,8.941810847318266e-06,5.883784979232587e-06
76.974,28.659,1.859547774074599e-05,3.104444112977944e-05
76.984,28.659,4.249250196153298e-06,3.791485505644232e-05
76.994,28.659,7.909478881629184e-06,5.901359145354945e-06
77.005,28.659,4.407258984429063e-06,
77.015,28.659,1.122230605687946e-05,
77.026,28.659,1.9157547285431065e-05,
77.036,28.659,3.268710133852437e-05,1.3438070709526071e-05
77.046,28.659,-9.341481927549466e-06,
77.057,28.659,3.305409336462617e-06,8.788178092800081e-05
77.067,28.659,1.6105281247291714e-05,1.985277776839212e-05
77.078,28.659,4.259920387994498e-06,1.6152767784660682e-05
77.088,28.659,1.1480972716526594e-05,1.7775773812900297e-05
77.098,28.659,7.088791790010873e-06,2.6325229555368423e-05
77.109,28.659,-2.2824119696451817e-06,
77.119,28.659,2.8402995667420328e-05,1.340003564109793e-05
77.129,28.659,-0.0002166497870348,1.5863612134126015e-05
77.14,28.659,-6.181904609547928e-06,3.865080725518055e-05
77.15,28.659,4.924634595226962e-06,2.4220213163062e-05
77.161,28.659,1.102443548006704e-05,2.260458313685376e-05
77.171,28.659,,1.5471250662812963e-05
77.181,28.659,4.184552437891398e-07,1.7031608877005056e-05
77.192,28.659,3.931420451408485e-06,
77.202,28.659,-5.74053558466403e-07,2.504075928300153e-05
77.213,28.659,-5.6141125241993e-06,1.5277380953193642e-05
77.223,28.659,1.141788834502222e-05,3.027033562830184e-05
77.233,28.659,,1.0136215678357983e-05
77.244,28.659,1.2748942936013918e-05,2.898907587223221e-05
77.254,28.659,-1.5805362636456266e-05,8.604594768257812e-06
77.264,28.659,2.216520670117461e-06,3.606001700973138e-05
77.275,28.659,8.810166946204845e-06,1.832170892157592e-05
77.285,28.659,,1.775484997779131e-05
77.296,28.659,,
77.306,28.659,7.022723002592102e-05,2.034943099715747e-05
77.316,28.659,7.058588835207047e-06,
76.953,28.668,-4.352629184722901e-05,9.26964003156172e-06
76.963,28.668,7.390348400804214e-06,7.100167567841709e-05
76.974,28.668,3.217708126612706e-06,2.245959512947593e-05
76.984,28.668,7.721925612713676e-06,1.5115942915144842e-05
76.994,28.668,1.2215576134622095e-05,8.339780833921395e-06
77.005,28.668,,1.737194361339789e-05
77.015,28.668,8.752973371883854e-06,5.713482551072957e-06
77.026,28.668,3.870058662869269e-06,9.575593139743432e-06
77.036,28.668,1.2116602192691062e-05,
77.046,28.668,4.695886673289351e-06,1.8996284779859707e-05
77.057,28.668,-5.936080356150342e-07,
77.067,28.668,,1.0346787348680664e-05
77.078,28.668,1.0867374840017874e-05,
77.088,28.668,9.565258551447188e-06,2.272381061629858e-05
77.098,28.668,3.3059370707633207e-06,7.72085058997618e-06
77.109,28.668,1.3429833416012116e-05,2.8507020033430308e-05
77.119,28.668,1.5567169612040743e-05,1.1408976206439547e-05
77.129,28.668,9.237523045158014e-06,1.2067634088452904e-05
77.14,28.668,-4.002490186394425e-06,4.247032120474614e-05
77.15,28.668,2.242673872387968e-05,1.992301622522064e-05
77.161,28.668,1.6291445717797615e-05,6.2935746427683625e-06
77.171,28.668,9.158678039966617e-06,1.75806344486773e-05
77.181,28.668,7.98444034444401e-06,
77.192,28.668,-5.757476628787117e-06,1.9196098946849816e-05
77.202,28.668,2.1743946490460075e-05,8.526025339961052e-06
77.213,28.668,1.1713425919879228e-05,1.602788506716024e-05
77.223,28.668,9.87604471447412e-06,2.576599217718467e-05
77.233,28.668,-4.422507117851637e-06,1.1545518646016715e-05
77.244,28.668,1.3290488823258784e-05,2.1879597625229508e-05
77.254,28.668,1.2088928997400217e-05,1.2178099495940842e-05
77.264,28.668,,
77.275,28.668,-4.852085567108588e-06,1.5453282685484737e-05
77.285,28.668,9.513732948107643e-06,1.2995431461604312e-05
77.296,28.668,6.902321842972015e-07,7.820023711246904e-06
77.306,28.668,-8.457498552161269e-06,1.4582305084331892e-05
77.316,28.668,7.606812459926005e-07,1.2265830946489586e-06
76.963,28.678,8.432113645540085e-06,3.531418406055309e-05
76.974,28.678,-5.711675839847885e-06,2.6093723136000332e-05
76.984,28.678,1.4606494858071528e-07,2.0708092051791027e-05
76.994,28.678,9.739049346535468e-06,2.2903632270754315e-05
77.005,28.678,3.565321776477504e-06,3.800870035775006e-05
77.015,28.678,4.280113444110612e-06,6.13742940913653e-06
77.026,28.678,-0.0001202891726279,
77.036,28.678,-1.977219426407828e-06,1.870830419647973e-05
77.046,28.678,8.281875125248916e-06,1.8814156646840274e-05
77.057,28.678,2.661290818650741e-05,1.9262024579802528e-05
77.067,28.678,5.689431873179274e-06,
77.078,28.678,7.591350822622189e-06,3.98467636841815e-06
77.088,28.678,6.257307177293114e-06,2.2359492504619997e-05
77.098,28.678,3.3605626867938554e-06,1.0541596566326916e-05
77.109,28.678,1.0950172509183176e-05,9.02292231330648e-06
77.119,28.678,8.64027242641896e-06,9.076273386199318e-07
77.129,28.678,,2.837520332832355e-05
77.14,28.678,5.163439709576778e-06,1.0239357834507246e-05
77.15,28.678,7.874295079091098e-06,2.626982495712582e-05
77.161,28.678,-2.7516567570273764e-05,1.0413587915536482e-05
77.171,28.678,9.637452421884518e-06,2.0233810573699884e-05
77.181,28.678,0.00010001299961,8.825499207887333e-06
77.192,28.678,5.327942744770553e-06,2.2391785023501143e-05
77.202,28.678,9.553967174724676e-06,2.665282045200001e-05
77.213,28.678,6.711386049573775e-06,1.993218575080391e-05
77.223,28.678,2.3140341909311246e-06,
77.233,28.678,9.367419806949329e-06,4.580562745104544e-06
77.244,28.678,8.634163350507151e-06,1.9146795239066705e-05
77.254,28.678,2.107391992467456e-05,1.7906590073835105e-05
77.264,28.678,1.1525245099619497e-05,1.8802744307322428e-05
77.275,28.678,3.169498768329504e-06,2.1449914129334505e-05
77.285,28.678,6.251234026422026e-06,4.146761511947261e-06
77.296,28.678,,1.0681620551622473e-05
77.306,28.678,-2.8847500743722776e-07,1.5435085515491664e-05
77.316,28.678,7.372093477897579e-06,1.2380044609017204e-05
77.327,28.678,,1.713602978270501e-05
76.963,28.688,3.3022290608641924e-06,1.386411258863518e-05
76.974,28.688,-2.3523898562416437e-07,2.492336534487549e-05
76.984,28.688,-1.3165359860067838e-06,2.5870271201711148e-05
76.994,28.688,1.3158202818885911e-05,6.1070950323482975e-06
77.005,28.688,2.665466490725521e-05,
77.015,28.688,-1.6977287486952264e-06,1.5960009477566928e-05
77.026,28.688,-5.4345346143236384e-05,
77.036,28.688,,3.2443047530250624e-05
77.046,28.688,2.446066537231673e-05,5.267726010060869e-06
77.057,28.688,4.457462273421697e-05,1.078795685316436e-05
77.067,28.688,1.0816177564265672e-05,1.898079972306732e-05
77.078,28.688,8.450329005427193e-06,
77.088,28.688,5.233410320215626e-06,2.3063761545927264e-05
77.098,28.688,9.79610558715649e-06,8.511236046615522e-06
77.109,28.688,-1.8797072698362167e-06,2.912962190748658e-05
77.119,28.688,2.015547943301499e-05,1.8207279936177656e-05
77.129,28.688,-1.916464952955721e-06,2.5321724024252035e-05
77.14,28.688,1.130581040342804e-05,1.653605249885004e-05
77.15,28.688,-4.926443943986669e-05,8.531371349818073e-06
77.161,28.688,8.215493835450616e-06,1.6653133570798673e-05
77.171,28.688,1.1817072845587973e-05,2.153414061467629e-05
77.181,28.688,2.0206480257911608e-05,6.362128624459729e-05
77.192,28.688,4.008699033875018e-05,9.23208335734671e-06
77.202,28.688,1.382470964017557e-05,3.20308463415131e-05
77.213,28.688,,5.436811989056878e-05
77.223,28.688,7.505228040827205e-06,9.679685717856046e-06
77.233,28.688,5.510913524631178e-06,2.1060470317024738e-05
77.244,28.688,1.0732896953413729e-05,4.031449498143047e-05
77.254,28.688,1.6813311958685517e-05,2.5386005290783945e-05
77.264,28.688,1.5563153283437714e-05,7.138920409488492e-06
77.275,28.688,,
77.285,28.688,7.154927970987046e-06,1.9952067304984663e-05
77.296,28.688,,1.8124430425814356e-05
77.306,28.688,3.8819136534584686e-05,3.250144072808325e-05
77.316,28.688,1.3295009011926597e-05,5.364665867091389e-06
77.327,28.688,1.3512404620996676e-05,1.926399090734776e-05
76.974,28.698,,3.480774103081785e-05
76.984,28.698,1.0904483133344913e-05,1.138772495323792e-05
76.994,28.698,,1.725914808048401e-05
77.005,28.698,5.266147582005942e-06,2.0674166080425493e-05
77.015,28.698,1.958989014383405e-05,3.437821942497976e-05
77.026,28.698,-1.1569188245630356e-05,7.352402462856844e-06
77.036,28.698,1.6735999452066608e-05,1.3664074685948435e-05
77.046,28.698,3.3789647204685025e-06,1.8039183487417176e-05
77.057,28.698,-5.4752999858465046e-06,7.72085058997618e-06
77.067,28.698,1.264949059986975e-05,1.402953603246715e-05
77.078,28.698,4.980985067959409e-06,3.281026511103846e-05
77.088,28.698,7.74155978433555e-06,3.395799285499379e-05
77.098,28.698,3.384307638043538e-05,4.247032120474614e-05
77.109,28.698,5.665824210154824e-05,2.286634116899222e-05
77.119,28.698,4.199356226308737e-06,1.6897462046472356e-05
77.129,28.698,2.1684470993932337e-05,1.2630869605345652e-05
77.14,28.698,-6.104402018536348e-06,3.706991628860124e-05
77.15,28.698,1.679496926954016e-05,2.4987642973428592e-05
77.161,28.698,-0.0001730266376398,2.382840284553822e-05
77.171,28.698,1.63575623446377e-05,1.4964087313273922e-05
77.181,28.698,1.6461488030472538e-06,1.1659535630315077e-05
77.192,28.698,1.0464191291248426e-05,2.6854217139771208e-05
77.202,28.698,3.44776572092087e-06,1.6750786016928032e-05
77.213,28.698,3.673121318570338e-05,1.7654809198575094e-05
77.223,28.698,9.706755918159615e-06,
77.233,28.698,-6.754409241693793e-06,1.4323340110422578e-05
77.244,28.698,-5.518218131328467e-06,1.3385346392169596e-05
77.254,28.698,-3.8322216511232916e-08,1.689737109700218e-05
77.264,28.698,1.1074578651459888e-05,4.809871825273149e-06
77.275,28.698,1.9482691641314887e-05,1.5600049664499238e-05
77.285,28.698,-3.817454398813425e-06,-1.1222545253986029e-05
77.296,28.698,,2.4896260583773252e-05
77.306,28.698,7.889451808296144e-06,3.729753734660335e-05
77.316,28.698,3.984374779975042e-05,8.230005732912105e-06
76.963,28.707,3.4262588997080456e-06,3.1450032111024484e-05
76.974,28.707,1.5619905752828345e-05,2.3329388568527065e-05
76.984,28.707,-8.531505955033936e-06,-2.024480181717081e-06
76.994,28.707,1.1683999218803365e-05,7.253045623656362e-05
77.005,28.707,1.2555708963191137e-05,2.284863694512751e-05
77.015,28.707,1.6575082554481924e-05,1.07231733181834e-06
77.026,28.707,1.4210834706318565e-05,2.3370062990579758e-05
77.036,28.707,,2.767827027128078e-05
77.046,28.707,2.5370458388351835e-05,2.143650817743037e-05
77.057,28.707,1.826195148169063e-05,2.5365405235788785e-05
77.067,28.707,-5.506455181603087e-06,1.831003464758396e-05
77.078,28.707,1.4316424312710296e-05,2.3836031687096693e-05
77.088,28.707,,
77.098,28.707,-7.784348781569861e-06,1.9392373360460624e-05
77.109,28.707,1.0680591913114768e-05,1.712993071123492e-05
77.119,28.707,1.019869523588568e-05,6.51316895527998e-06
77.129,28.707,7.5525585998548195e-06,0.0001080937508959
77.14,28.707,5.480967047333252e-06,1.188751502922969e-05
77.15,28.707,1.836769843066577e-05,2.1718731659348123e-05
77.161,28.707,8.402548701269552e-06,1.595759385963902e-05
77.171,28.707,1.1597374395933002e-05,1.7823225789470598e-05
77.181,28.707,2.3140341909311246e-06,8.330106538778637e-06
77.192,28.707,3.3187970984727144e-05,
77.202,28.707,6.604794634768041e-06,-5.799236078019021e-06
77.213,28.707,1.6518850316060707e-05,1.488709676777944e-05
77.223,28.707,1.1525245099619497e-05,4.589161335388781e-07
77.233,28.707,9.894304639601614e-06,2.0087512893951495e-05
77.244,28.707,6.128864697529934e-06,1.5492412785533816e-05
77.254,28.707,9.915010195982177e-06,1.7526745068607852e-05
77.264,28.707,1.9337998310220428e-05,1.0163816114072688e-05
77.275,28.707,1.463459284423152e-06,1.5857312973821536e-05
77.285,28.707,,3.1504470825893804e-05
77.306,28.707,2.069439142360352e-05,1.6823098121676594e-05
77.316,28.707,7.847993401810527e-06,1.1679378985718358e-05
76.953,28.717,2.031706208072137e-05,1.5589366739732213e-05
76.963,28.717,,1.601024814590346e-05
76.974,28.717,2.022187618422322e-05,1.531776797492057e-05
76.984,28.717,2.325109926459845e-05,1.630273436603602e-05
76.994,28.717,,
77.005,28.717,2.2936839741305448e-05,
77.015,28.717,6.475631380453706e-06,8.801811418379657e-06
77.026,28.717,1.0816177564265672e-05,5.993122613290325e-05
77.036,28.717,-2.6923714813165134e-06,1.3165497875888832e-05
77.046,28.717,,3.068082151003182e-05
77.057,28.717,8.904163223633077e-06,1.92396928468952e-05
77.067,28.717,7.531158644269453e-06,7.967871169967111e-06
77.078,28.717,-9.950546200343524e-07,2.664820158315706e-06
77.088,28.717,2.0306810256442983e-05,8.419056393904611e-05
77.098,28.717,-1.4315182852442376e-06,
77.109,28.717,1.898980553960428e-05,1.1319463737891056e-05
77.119,28.717,8.598033673479222e-06,4.57293754152488e-05
77.129,28.717,1.1366737453499807e-05,1.5164953765633982e-05
77.14,28.717,-2.7065865651820783e-05,1.9485476514091715e-05
77.15,28.717,2.2015658032614734e-05,2.1892466975259595e-05
77.161,28.717,1.2419714039424434e-05,7.34339209884638e-06
77.171,28.717,8.404801519645844e-06,8.099766091618221e-06
77.181,28.717,6.193746685312362e-06,1.746114867273718e-05
77.192,28.717,5.510913524631178e-06,2.352683077333495e-05
77.202,28.717,2.2460297259385698e-05,1.695367927823099e-06
77.213,28.717,9.86656505119754e-06,
77.223,28.717,2.4663653675816025e-05,1.9470793631626293e-05
77.233,28.717,2.8112852305639532e-05,1.3484383998729754e-05
77.244,28.717,1.686196446826216e-05,1.2177397366031071e-05
77.254,28.717,1.5334930139943026e-05,1.5703642930020578e-05
77.264,28.717,-4.022850134788314e-06,3.250144072808325e-05
77.275,28.717,1.2559359674924052e-05,1.494906609877944e-05
77.285,28.717,6.343479526549345e-06,1.0802117685670964e-05
76.963,28.727,4.860332865064265e-06,5.6514618336223066e-05
76.974,28.727,8.528555190423504e-05,
76.984,28.727,-4.31090229540132e-05,9.782703273231164e-06
76.994,28.727,1.827625419537071e-05,
77.005,28.727,9.119112291955387e-06,2.7167056941834744e-06
77.015,28.727,2.047643647529185e-06,1.5197720131254757e-05
77.026,28.727,1.85421304195188e-05,1.340003564109793e-05
77.036,28.727,8.516928573953919e-06,3.051387466257438e-05
77.046,28.727,1.784575215424411e-05,2.5684068987175124e-06
77.057,28.727,8.113309377222322e-06,6.363198735925835e-06
77.067,28.727,,2.0566933017107655e-05
77.078,28.727,9.857574696070516e-06,1.1212241588509642e-05
77.088,28.727,-3.852083318633959e-05,6.569041488546645e-06
77.098,28.727,3.1911036785459146e-05,
77.109,28.727,6.008192485751351e-06,1.9860015527228825e-05
77.119,28.727,8.531467756256461e-06,1.4155923963699024e-05
77.129,28.727,1.63575623446377e-05,2.035350917140022e-05
77.14,28.727,1.4867096979287451e-05,2.111725370923523e-05
77.15,28.727,9.654583664087111e-06,3.569181353668682e-05
77.161,28.727,2.7133876301377317e-06,1.9611999960034154e-05
77.171,28.727,-1.4848411410639528e-05,1.6201622202061117e-05
77.181,28.727,4.595097834680928e-06,
77.192,28.727,1.1455642379587516e-05,1.719921056064777e-05
77.202,28.727,5.920790954405675e-06,1.3350037079362664e-05
77.213,28.727,8.751358109293506e-06,1.971989513549488e-05
77.223,28.727,5.915280780754984e-06,2.871061224141158e-05
77.233,28.727,6.995840976742329e-06,
77.244,28.727,-1.186205554404296e-05,1.8941331290989183e-05
77.254,28.727,1.1893232112925034e-05,1.6690899428795092e-05
77.264,28.727,3.831652975350153e-06,
77.275,28.727,2.2653237010672456e-06,1.5220834029605612e-05
76.963,28.737,1.0217802810075227e-05,1.678251283010468e-05
76.974,28.737,4.95446374770836e-06,1.07231733181834e-06
76.984,28.737,6.402738563338062e-06,1.7173835658468306e-05
76.994,28.737,3.666179281935911e-06,1.5908708519418724e-05
77.005,28.737,2.7143372790305875e-05,3.930521052097902e-05
77.015,28.737,3.201822255505249e-05,
77.026,28.737,1.3932213732914532e-05,5.158069325261749e-05
77.036,28.737,,7.358049970207503e-06
77.046,28.737,,
77.057,28.737,8.95755147212185e-06,5.007221989217214e-05
77.067,28.737,8.219996743719094e-06,1.5471250662812963e-05
77.078,28.737,-5.630970463244012e-06,1.4952075616747608e-05
77.088,28.737,9.499565749138128e-06,9.946792488335632e-06
77.098,28.737,1.0845949873328207e-05,
77.109,28.737,-6.674796395600424e-07,
77.119,28.737,9.7685115179047e-06,
77.129,28.737,1.2904900358989836e-05,
77.14,28.737,,3.55426236637868e-05
77.15,28.737,1.2127343325119e-05,
77.161,28.737,5.44670365343336e-06,3.7101301131770015e-05
77.171,28.737,8.872424587025307e-06,1.019943920255173e-05
77.181,28.737,2.1230398488114588e-05,1.807432818168309e-05
77.192,28.737,1.971552228496876e-05,
77.202,28.737,8.574879757361487e-06,4.855647057411261e-05
77.213,28.737,,
77.223,28.737,7.375336736004101e-06,1.025486835715128e-05
77.233,28.737,8.924300345825031e-06,-4.271887519280426e-06
77.244,28.737,5.323597633832833e-06,1.0016406122304032e-05
77.254,28.737,-9.745556781126652e-06,2.7381698600947857e-05
76.963,28.747,-3.365855036463472e-06,1.616701774764806e-05
76.974,28.747,2.254450009786524e-05,2.602261520223692e-05
76.984,28.747,3.87387080991175e-06,2.4450646378681995e-05
76.994,28.747,2.3448947104043327e-05,2.1822355847689323e-05
77.005,28.747,7.23933189874515e-05,
77.015,28.747,5.274943305266788e-06,
77.026,28.747,4.184341378277168e-06,1.2120011888328008e-05
77.036,28.747,5.86388750889455e-06,
77.046,28.747,2.5306021598225925e-06,1.992301622522064e-05
77.057,28.747,9.575754120305646e-06,6.829726771684364e-06
77.067,28.747,1.145082296716282e-05,5.267500091576949e-05
77.078,28.747,2.727538003455265e-06,7.698076842643786e-06
77.088,28.747,1.6768501254205148e-08,1.5825229638721794e-05
77.098,28.747,7.505251232942101e-06,
77.109,28.747,1.169019924418535e-06,3.845843821181916e-06
77.119,28.747,6.445123290177435e-06,
77.129,28.747,6.8041649683436844e-06,1.1851563613163307e-05
77.14,28.747,3.258456445109914e-06,0.0001232587674167
77.15,28.747,1.668221375439316e-05,1.5524012269452214e-05
77.161,28.747,1.0193643902312031e-05,1.4368860320246313e-05
77.171,28.747,1.82496241905028e-05,3.304140409454703e-05
77.181,28.747,1.345513555861544e-05,2.582007073215209e-05
77.192,28.747,8.20196328277234e-06,1.7206026313942857e-05
77.202,28.747,5.154220161784906e-06,1.1840009392471984e-05
77.213,28.747,2.469762875989545e-05,1.138553943746956e-05
77.223,28.747,4.672154773288639e-06,1.3259663319331594e-05
77.233,28.747,-1.3744849638896994e-05,1.1415035260142758e-05
77.244,28.747,-7.992924793143175e-07,1.510555375716649e-05
77.254,28.747,9.100765055336524e-06,
76.953,28.756,9.287418833991978e-06,3.683780232677236e-05
76.963,28.756,1.2138812053308357e-05,1.4801085853832774e-05
76.974,28.756,2.982949354191078e-06,2.37741169257788e-05
76.984,28.756,1.224439802172128e-05,9.115591637964826e-06
76.994,28.756,-1.282161338167498e-05,2.1526469936361536e-05
77.005,28.756,1.2419721315382048e-05,4.696776159107685e-05
77.015,28.756,-5.4098013606562745e-06,1.2560971299535597e-05
77.026,28.756,2.867715011234395e-06,1.854611218732316e-05
77.036,28.756,1.1823244676634204e-05,1.2186812455183826e-05
77.046,28.756,5.199449333304074e-06,6.524606305902125e-06
77.057,28.756,1.9434542991803028e-05,1.579112108629488e-06
77.067,28.756,6.310028311418137e-06,
77.078,28.756,2.208727346442174e-05,-2.0727015908050817e-06
77.088,28.756,1.4465584854406188e-06,-1.340823132522928e-06
77.098,28.756,,9.684677024779376e-07
77.109,28.756,1.3695139386982191e-05,
77.119,28.756,-0.0001536018535261,5.396624328568578e-05
77.129,28.756,3.966874373872997e-06,-8.590598554292228e-06
77.14,28.756,2.513415438443189e-06,3.061480356336688e-06
77.15,28.756,,
77.161,28.756,1.0015498446591664e-05,2.5103638108703308e-05
77.171,28.756,-7.130111043807119e-07,7.407308203255525e-06
77.181,28.756,9.252388736058492e-06,4.146999799559126e-06
77.192,28.756,1.5506604995607631e-06,2.8580134312505837e-05
77.202,28.756,8.82606673258124e-06,1.018443981593009e-05
77.213,28.756,1.158882150775753e-05,1.2116342077206356e-05
77.223,28.756,3.7016982332716e-06,
77.233,28.756,6.343479526549345e-06,1.2527410035545472e-05
77.244,28.756,-3.449981250014389e-06,
76.963,28.766,2.4809118258417584e-05,2.2310379790724252e-05
76.974,28.766,1.6068917148004402e-06,8.50415017339401e-06
76.984,28.766,1.1815541256510189e-05,1.5863612134126015e-05
76.994,28.766,1.0885745723498983e-05,1.934288775373716e-05
77.005,28.766,1.1311933121760376e-05,2.6732750484370627e-05
77.015,28.766,,2.5831390303210355e-05
77.026,28.766,9.0558452939149e-05,1.3276094250613824e-05
77.036,28.766,1.7945316358236596e-05,
77.046,28.766,1.0402103725937197e-05,2.2395715859602205e-05
77.057,28.766,3.1317886168835685e-06,1.0987411769747268e-05
77.067,28.766,1.363403680443298e-05,1.2206714018248022e-05
77.078,28.766,1.4443820873566438e-05,1.5618801626260392e-05
77.088,28.766,9.613641850592105e-06,
77.098,28.766,-4.857994326812332e-07,2.2954905944061466e-05
77.109,28.766,1.6989019059110433e-05,3.423016823944636e-05
77.119,28.766,1.139021696872078e-05,1.1345139682816807e-05
77.129,28.766,3.247818995077978e-06,2.182823845942039e-05
77.14,28.766,1.610630533832591e-05,5.686820077244192e-05
77.15,28.766,-3.573689582481165e-06,
77.161,28.766,1.6955409591901116e-05,
77.171,28.766,-1.9387916836421937e-05,2.0031173335155472e-05
77.181,28.766,,2.5388535505044277e-05
77.192,28.766,7.353851287916768e-06,3.6726243706652895e-05
77.202,28.766,1.8310713130631484e-05,
77.213,28.766,8.365846952074207e-06,1.931075530592352e-05
77.223,28.766,1.9684310245793316e-05,2.2695639927405864e-05
76.953,28.776,1.1019460544048345e-05,
76.963,28.776,2.370736547163688e-05,
76.974,28.776,6.625296009588055e-06,2.4431141355307773e-05
76.984,28.776,1.2254712373760412e-06,
76.994,28.776,1.2336359759501647e-05,2.912962190748658e-05
77.005,28.776,8.413735486101359e-06,
77.015,28.776,-3.984923750977032e-06,1.592520493431948e-05
77.026,28.776,1.3834622222930191e-05,2.0251218302291815e-05
77.036,28.776,1.2506563507486136e-05,2.637116085679736e-05
77.046,28.776,-4.845912189921364e-05,
77.057,28.776,-2.7065865651820783e-05,1.903344673337415e-05
77.067,28.776,9.882531230687164e-06,3.918763468391262e-06
77.078,28.776,8.576349500799552e-06,3.46284759871196e-05
77.088,28.776,,-1.995329512283206e-06
77.098,28.776,2.216520670117461e-06,1.44897658174159e-05
77.109,28.776,1.2962581422470976e-05,
77.119,28.776,1.4913510312908327e-05,4.031449498143047e-05
77.129,28.776,1.6929683624766767e-05,1.775484997779131e-05
77.14,28.776,,8.174247341230512e-06
77.15,28.776,9.274665899283718e-06,
77.161,28.776,7.08953393768752e-06,
77.171,28.776,4.970107511326205e-06,1.5418096154462546e-05
77.181,28.776,8.924300345825031e-06,3.441669377934886e-06
77.192,28.776,,6.838054105173796e-06
77.202,28.776,1.35696145662223e-05,2.679631688806694e-05
77.213,28.776,9.81980156211648e-06,2.283005642311764e-07
77.223,28.776,1.1764329428842755e-05,0.0001153871635324
76.953,28.786,1.245317889697617e-05,8.242035619332455e-06
76.963,28.786,1.2419721315382048e-05,
76.974,28.786,4.741023076348938e-07,3.10434952552896e-05
76.984,28.786,1.132783836510498e-05,
76.994,28.786,,1.1212241588509642e-05
77.005,28.786,1.019869523588568e-05,
77.015,28.786,-5.757476628787117e-06,2.1950039808871225e-05
77.026,28.786,9.203600711771289e-06,1.5025955690362023e-05
77.036,28.786,-0.0002338456979487,1.188751502922969e-05
77.046,28.786,1.1713425919879228e-05,2.2060423361836e-05
77.057,28.786,1.0719497367972508e-05,1.1620039003901184e-05
77.067,28.786,6.711386049573775e-06,1.97862864297349e-05
77.078,28.786,7.951440238684881e-06,3.95403039874509e-05
77.088,28.786,2.943154981949192e-07,2.1879597625229508e-05
77.098,28.786,-2.730182859522756e-05,3.4606768167577684e-05
77.109,28.786,1.0254697144773672e-06,3.609840496210381e-05
77.119,28.786,1.4984800145612098e-05,
77.129,28.786,,2.9797485694871284e-05
77.14,28.786,-2.923994543380104e-05,9.721352398628368e-05
77.15,28.786,7.440018180204788e-06,3.4091372071998194e-05
77.161,28.786,-3.665162751076423e-07,1.018443981593009e-05
77.171,28.786,1.455292022001231e-06,9.611728273739573e-06
77.181,28.786,1.2066750969097484e-05,2.230829522886779e-06
77.192,28.786,7.060897928568011e-07,7.507012014684733e-06
77.202,28.786,3.011117769347038e-06,2.0240079265931854e-06
77.213,28.786,1.6673617210472003e-05,5.288504780764924e-06
77.223,28.786,5.059066552348668e-06,1.3732005754718555e-05
76.953,28.795,7.74155978433555e-06,2.646870962053072e-05
76.963,28.795,7.568037290184293e-06,1.528839311504271e-05
76.974,28.795,-4.060859282617457e-06,1.7152762666228227e-05
76.984,28.795,1.337956746283453e-05,2.839743137883488e-05
76.994,28.795,1.4645871488028206e-05,1.104435432353057e-05
77.005,28.795,-4.93932020617649e-06,-1.9602980501076672e-06
77.015,28.795,-5.241640224085131e-07,2.0100408164580585e-06
77.026,28.795,-2.306240958205308e-06,0.0001195364529849
77.036,28.795,7.841802471375559e-06,1.956184860318899e-05
77.046,28.795,6.589064014406176e-06,
77.057,28.795,1.948838689713739e-05,-3.517555796861416e-06
77.067,28.795,,2.134704004674859e-07
77.078,28.795,2.4407991077168845e-05,1.5105636521184351e-05
77.088,28.795,-2.436466729704989e-06,-1.0208466846961528e-05
77.098,28.795,1.6518850316060707e-05,1.4368860320246313e-05
77.109,28.795,7.392328552668914e-05,2.618815233290661e-05
77.119,28.795,-1.0796144778169037e-07,
77.129,28.795,1.155267636931967e-05,3.3697026537993224e-06
77.14,28.795,1.0007341188611464e-05,2.325314380868804e-05
77.15,28.795,1.195093591377372e-05,1.6554897229070775e-05
77.161,28.795,1.158882150775753e-05,1.77417641680222e-05
77.171,28.795,2.634946577018127e-05,3.312958142487332e-05
77.181,28.795,1.1719529538822826e-05,8.454383532807697e-06
77.192,28.795,1.813555536500644e-05,2.4910208594519645e-05
77.202,28.795,7.441195521096233e-06,5.5266482377192006e-05
76.953,28.805,3.72644753952045e-05,9.844966371019837e-06
76.963,28.805,1.40102729346836e-05,2.837520332832355e-05
76.974,28.805,2.7756407234846847e-06,8.776200957072433e-06
76.984,28.805,2.820710051310016e-06,1.9332188458065502e-05
76.994,28.805,1.1183014976268169e-05,
77.005,28.805,9.765634786162993e-06,1.5517760402872227e-05
77.015,28.805,3.5375335301068844e-06,1.3836577636539005e-05
77.026,28.805,1.5517036445089616e-05,4.771646672452334e-06
77.036,28.805,3.962183654948603e-06,1.2131938092352357e-05
77.046,28.805,-5.295838718666346e-07,1.4214716429705732e-05
77.057,28.805,-5.180453172215493e-06,2.361209772061557e-05
77.067,28.805,1.5902291124803014e-05,2.8849326554336585e-05
77.078,28.805,9.706755918159615e-06,2.182823845942039e-05
77.088,28.805,1.6179941667360254e-05,
77.098,28.805,1.150081880041398e-05,3.2337593438569456e-05
77.109,28.805,3.951892358600162e-05,3.950102109229192e-05
77.119,28.805,9.915010195982177e-06,1.6222873455262743e-05
77.129,28.805,6.17615626197221e-07,
77.14,28.805,,2.2487602109322324e-05
77.15,28.805,1.8871131032938138e-05,
77.161,28.805,2.2115706087788567e-05,9.311039320891725e-06
77.171,28.805,5.378818968893029e-06,1.9612078176578507e-05
77.181,28.805,8.82988388184458e-06,2.227245022368152e-05
77.192,28.805,-1.4158833437249996e-05,2.3832899387343787e-05
76.953,28.815,7.817494406481273e-06,1.95456414076034e-05
76.963,28.815,5.788097610093246e-07,
76.974,28.815,1.685191637079697e-05,1.2816220987588167e-05
76.984,28.815,5.245607098913752e-06,1.148849696619436e-05
76.994,28.815,4.238800102029927e-05,2.2700991394231096e-05
77.005,28.815,9.807239621295594e-06,1.3345958905119916e-05
77.015,28.815,9.753547601576427e-06,
77.026,28.815,3.078107692999765e-05,9.23208335734671e-06
77.036,28.815,2.509627302060835e-05,3.659932190203108e-05
77.046,28.815,3.258456445109914e-06,1.7443422620999627e-05
77.057,28.815,-5.782711014035158e-05,1.5563586202915758e-05
77.067,28.815,1.261491979676066e-05,2.1153633497306142e-05
77.078,28.815,2.840679599103169e-06,2.11309361475287e-05
77.088,28.815,9.956274027445032e-09,2.5386005290783945e-05
77.098,28.815,2.785261312965304e-05,4.146761511947261e-06
77.109,28.815,,2.213463631051127e-05
77.119,28.815,1.2332670848991256e-05,8.629791409475729e-06
77.129,28.815,1.913231608341448e-05,6.358340760925785e-05
77.14,28.815,-1.4205162415237282e-06,1.7431282685720362e-05
77.15,28.815,2.4828521418385208e-05,1.2768822671205273e-05
77.161,28.815,-2.520911493775202e-06,1.1424220247135963e-05
77.171,28.815,-3.942484909202904e-05,1.9861694454448298e-05
77.181,28.815,,1.4892480976413935e-05
77.192,28.815,-4.219706625008257e-06,3.4086791856680065e-05
77.202,28.815,5.2847590268356726e-06,1.9515449821483344e-05
77.213,28.815,5.231519935477991e-06,1.7967420717468485e-05
76.974,28.825,5.041932581661968e-06,1.001745567918988e-05
76.984,28.825,1.3772357306152117e-05,2.414400842098985e-05
76.994,28.825,8.683561645739246e-06,1.68840451806318e-05
77.005,28.825,,1.6880969269550405e-05
77.015,28.825,8.884870112524368e-06,
77.026,28.825,-9.24144023883855e-06,3.005371763720177e-05
77.036,28.825,8.44538772071246e-06,2.3170268832473084e-05
77.046,28.825,6.468065294029657e-06,2.116994437528774e-05
77.057,28.825,-4.803604497283232e-06,9.943305485649034e-06
77.067,28.825,1.0458598808327224e-05,2.405823943263385e-05
77.078,28.825,9.860365025815554e-06,1.8441223801346496e-06
77.088,28.825,-9.453235179535112e-06,1.5687252016505226e-05
77.098,28.825,1.6087435142253526e-05,1.8528891814639792e-05
77.109,28.825,1.9337998310220428e-05,
77.119,28.825,1.7600392311578616e-05,2.5473986170254648e-05
77.129,28.825,1.4993899640103336e-05,1.9080363927059807e-05
77.14,28.825,4.728879957838217e-06,6.997944728937e-05
77.15,28.825,1.2991034964215942e-05,1.6548003259231336e-05
77.161,28.825,1.0949997886200435e-05,4.100840669707395e-06
77.171,28.825,8.340951353602577e-06,2.8571388611453585e-05
77.181,28.825,1.5540719687123783e-05,1.393164802721003e-05
77.192,28.825,-1.92750903806882e-05,1.02165058706305e-05
77.202,28.825,8.378330676350743e-06,9.979708011087496e-06
77.213,28.825,5.927197344135493e-05,1.060685008269502e-05
77.223,28.825,1.136112132371636e-05,1.928846904775128e-05
76.994,28.835,-1.2697719284915363e-06,2.665282045200001e-05
77.005,28.835,9.4902143246145e-06,4.802770490641706e-06
77.015,28.835,,2.6743300622911192e-05
77.026,28.835,5.44670365343336e-06,3.1460313039133325e-05
77.046,28.835,-2.128564847225789e-05,2.751396641542669e-05
77.057,28.835,4.885863381787203e-05,2.5103638108703308e-05
77.067,28.835,1.753026845108252e-05,7.407308203255525e-06
77.078,28.835,8.74678426043829e-06,4.37406670243945e-05
77.088,28.835,1.599822280695662e-05,3.5832101275445893e-05
77.098,28.835,2.469762875989545e-05,9.012033842736857e-05
77.109,28.835,2.126871913787909e-05,1.723212335491553e-05
77.119,28.835,,
77.129,28.835,1.3512404620996676e-05,0.0001107849457184
77.14,28.835,-5.258120381768094e-06,1.6291112842736766e-05
77.15,28.835,1.2593614883371629e-05,
77.161,28.835,1.657220309425611e-06,2.2473495846497823e-05
77.171,28.835,3.865128746838309e-06,1.8419954358250837e-05
77.181,28.835,1.8095242921845056e-05,
77.192,28.835,2.3923974367789924e-05,1.5584013453917578e-05
77.202,28.835,1.798193079594057e-05,1.387834799970733e-05
77.213,28.835,-2.108983608195558e-06,2.629133996379096e-05
77.046,28.844,2.1300998923834413e-05,3.292908149887808e-05
77.057,28.844,-9.049213986145332e-06,2.8528609618660997e-05
77.067,28.844,2.4685930384293897e-06,3.204091626685113e-05
77.078,28.844,1.9088118278887123e-05,1.6838586816447787e-05
77.088,28.844,-1.22878702768503e-06,1.560164673719555e-05
77.098,28.844,1.5342402548412792e-05,3.5627177567221224e-05
77.109,28.844,-2.159836412829464e-06,1.0347577699576505e-05
77.119,28.844,1.5786241419846192e-05,3.0514691388816573e-05
77.129,28.844,-1.7096000419769553e-06,
77.14,28.844,6.098695394030074e-06,2.5550647478667088e-05
77.171,28.844,6.3854968175292015e-06,
77.181,28.844,-2.992399288359593e-07,2.19356115849223e-05
77.192,28.844,1.6868458260432817e-05,2.302512984897476e-05
77.202,28.844,7.6001538218406495e-06,
77.213,28.844,5.812229119328549e-06,2.0714682250400077e-05
77.057,28.854,-3.031295250366384e-07,1.9410143067943864e-05
77.067,28.854,1.001352120511001e-05,1.1625158549577463e-05
77.078,28.854,1.913231608341448e-05,4.040374915348366e-05
77.088,28.854,1.2559359674924052e-05,1.719779902487062e-05
77.098,28.854,4.728879957838217e-06,1.3243135072116274e-05
77.109,28.854,2.304261943208985e-05,1.5312685718527064e-05
77.119,28.854,1.2402187167026568e-05,1.1501429980853572e-05
77.129,28.854,2.9424720196402632e-05,8.25701772555476e-06
77.14,28.854,2.549281362007605e-06,
77.181,28.854,1.3066604878986254e-05,2.3777720343787223e-05
77.192,28.854,6.176845545269316e-06,3.053187174373306e-05
77.202,28.854,1.5409719708259217e-05,1.2382737622829154e-05
77.057,28.864,9.044946637004614e-06,1.884748235170264e-05
77.067,28.864,1.8762464605970308e-05,1.2116342077206356e-05
77.078,28.864,-1.3744849638896994e-05,2.2467051167041063e-05
77.088,28.864,7.456474577338668e-06,2.006823888223153e-05
77.098,28.864,-1.835914190451149e-06,
77.109,28.864,1.0259746886731593e-05,1.1974603694397956e-05
77.088,28.874,-1.0241968084301334e-05,1.957998756552115e-05
