longitude,latitude,So2_value(mol/m^2),So2_value(mol/m^2)
76.83291625976568,28.408460617065373,,0.0009861912112683
76.83291625976568,28.42206208365299,0.0001233841176144,-0.0002257278683828
76.83291625976568,28.435663550240605,,
76.83291625976568,28.44926501682822,0.0001477311743656,-0.0002126699546352
76.83291625976568,28.46286648341584,,0.0005524974549189
76.83291625976568,28.476467950003453,,
76.83291625976568,28.49006941659107,,-5.6432094424963e-05
76.83291625976568,28.503670883178685,,-0.0003131246485281
76.83291625976568,28.5172723497663,6.146132818685146e-06,0.000436651520431
76.83291625976568,28.53087381635392,0.0003264877595938,0.0001526286505395
76.83291625976568,28.544475282941534,0.0003698105283547,0.0001191793271573
76.83291625976568,28.55807674952915,,4.894804806099273e-05
76.83291625976568,28.57167821611677,0.0003583454817999,
76.83291625976568,28.585279682704385,5.614552355837077e-05,-0.0006340027903206
76.83291625976568,28.598881149292,0.0004945253022015,-3.492750329314731e-05
76.83291625976568,28.61248261587961,0.0006411194335669,
76.83291625976568,28.62608408246723,-0.0001177738522528,0.0001413274439983
76.83291625976568,28.63968554905485,,9.455343388253824e-05
76.83291625976568,28.653287015642466,,
76.83291625976568,28.66688848223008,-0.0006148618413135,-0.0009331218898296
76.83291625976568,28.68048994881769,,
76.83291625976568,28.69409141540531,0.000400653341785,0.0009012790978886
76.83291625976568,28.707692881992926,0.0008216559654101,-0.0002875659265555
76.83291625976568,28.721294348580543,0.000890071329195,0.0002550954814068
76.83291625976568,28.73489581516816,0.0003444473841227,-0.0001849982363637
76.83291625976568,28.74849728175577,,-0.0001203114879899
76.83291625976568,28.76209874834339,,0.000206198907108
76.83291625976568,28.775700214931007,4.667929533752613e-05,7.012293644947931e-05
76.83291625976568,28.789301681518623,,
76.83291625976568,28.80290314810624,0.0004333176475483,-0.0004259917477611
76.83291625976568,28.81650461469385,,-0.0002344842505408
76.83291625976568,28.83010608128147,-0.0003450980293564,-0.0003547006926964
76.83291625976568,28.843707547869087,0.0005106588941998,-5.6878405302995816e-05
76.83291625976568,28.857309014456703,0.0002521892602089,0.0001771930401446
76.83291625976568,28.87091048104432,,
76.83291625976568,28.884511947631932,0.0002453888300806,
76.84631625976569,28.408460617065373,-8.899095701053739e-05,
76.84631625976569,28.42206208365299,-0.0002767554833553,
76.84631625976569,28.435663550240605,,1.977213287318591e-05
76.84631625976569,28.44926501682822,0.0005347712431102,-3.787088644457981e-05
76.84631625976569,28.46286648341584,-0.0002223604242317,0.0002163270401069
76.84631625976569,28.476467950003453,-0.0001130612799897,-0.0001578366063768
76.84631625976569,28.49006941659107,-2.994284477608744e-05,
76.84631625976569,28.503670883178685,0.0002188642392866,-0.0001066290496964
76.84631625976569,28.5172723497663,0.0002296143065905,0.0001305255136685
76.84631625976569,28.53087381635392,,9.263506217394024e-05
76.84631625976569,28.544475282941534,,0.0005117200780659
76.84631625976569,28.55807674952915,,-0.000152378459461
76.84631625976569,28.57167821611677,-0.0001620114053366,-0.0002037885133177
76.84631625976569,28.585279682704385,8.224241901189089e-05,3.6209145036991686e-05
76.84631625976569,28.598881149292,0.0001536563358968,0.0002726097591221
76.84631625976569,28.61248261587961,-0.0004366525681689,
76.84631625976569,28.62608408246723,,-0.0001122946778195
76.84631625976569,28.63968554905485,0.0001024753219098,
76.84631625976569,28.653287015642466,0.0002752767468336,9.683929238235578e-05
76.84631625976569,28.66688848223008,0.0002220688329543,-0.0001307772909058
76.84631625976569,28.68048994881769,0.0002404538972768,-0.0006023498717695
76.84631625976569,28.69409141540531,-0.0002770925930235,-0.000261134468019
76.84631625976569,28.707692881992926,-0.0004417981836013,-5.078062531538308e-05
76.84631625976569,28.721294348580543,,-4.523844108916819e-05
76.84631625976569,28.73489581516816,,-0.000546786468476
76.84631625976569,28.74849728175577,0.0001046240940922,3.457856655586511e-05
76.84631625976569,28.76209874834339,-9.861926082521676e-05,0.0001012043503578
76.84631625976569,28.775700214931007,4.698234624811448e-05,0.0003616149479057
76.84631625976569,28.789301681518623,,0.0003122798225376
76.84631625976569,28.80290314810624,1.4925741197657771e-05,0.0004383228369988
76.84631625976569,28.81650461469385,-0.0001010014748317,0.0009364390280097
76.84631625976569,28.83010608128147,,0.0002982716250699
76.84631625976569,28.843707547869087,-2.0334937289590016e-06,0.000148042832734
76.84631625976569,28.857309014456703,,
76.84631625976569,28.87091048104432,0.0003332929045427,-0.0002382437087362
76.84631625976569,28.884511947631932,-0.0003033079556189,0.0001077191482181
76.85971625976569,28.408460617065373,-0.0004295314138289,0.0001648525067139
76.85971625976569,28.42206208365299,-0.0001504350802861,-0.0001271500223083
76.85971625976569,28.435663550240605,,3.6568853829521686e-05
76.85971625976569,28.44926501682822,,0.0001348926452919
76.85971625976569,28.46286648341584,-0.0007088505662977,5.9712223446695134e-05
76.85971625976569,28.476467950003453,,-0.0001637052482692
76.85971625976569,28.49006941659107,-0.0002171872474718,
76.85971625976569,28.503670883178685,-0.0244268737733364,0.000573618162889
76.85971625976569,28.5172723497663,-3.640708382590674e-05,-0.0006638811319135
76.85971625976569,28.53087381635392,-3.795017619268037e-05,0.0004946357803419
76.85971625976569,28.544475282941534,-5.482873530127108e-05,-2.9273383916006424e-05
76.85971625976569,28.55807674952915,0.0001024209122988,-0.0006460009026341
76.85971625976569,28.57167821611677,-7.148285658331588e-05,0.0002600704028736
76.85971625976569,28.585279682704385,0.0002248436358058,9.63060520007275e-05
76.85971625976569,28.598881149292,-0.000112960813567,0.0001091095837182
76.85971625976569,28.61248261587961,0.0001696626131888,0.0002337573969271
76.85971625976569,28.62608408246723,,2.561756082286593e-05
76.85971625976569,28.63968554905485,,
76.85971625976569,28.653287015642466,8.478011295665056e-05,-0.0002657177974469
76.85971625976569,28.66688848223008,0.0001254156959475,-4.667392931878567e-05
76.85971625976569,28.68048994881769,-3.857732372125611e-05,-2.815365587593988e-05
76.85971625976569,28.69409141540531,0.0015640110941603,
76.85971625976569,28.707692881992926,-0.0273039415478706,-0.0001470283459639
76.85971625976569,28.721294348580543,7.512754382332787e-05,
76.85971625976569,28.73489581516816,,-0.0001879059709608
76.85971625976569,28.74849728175577,-0.030975854024291,5.314043664839119e-05
76.85971625976569,28.76209874834339,,
76.85971625976569,28.775700214931007,,-0.0001408184325555
76.85971625976569,28.789301681518623,0.0003154761216137,5.688254896085709e-05
76.85971625976569,28.80290314810624,4.616647129296325e-05,
76.85971625976569,28.81650461469385,0.0001054884924087,0.0008279939065687
76.85971625976569,28.83010608128147,,
76.85971625976569,28.843707547869087,-0.0004202424897812,0.0005085230804979
76.85971625976569,28.857309014456703,,0.0001961541565833
76.85971625976569,28.87091048104432,-6.262451643124223e-05,0.0003987019881606
76.85971625976569,28.884511947631932,6.760274845873937e-05,0.0001138373554567
76.8731162597657,28.408460617065373,0.0001579574454808,
76.8731162597657,28.42206208365299,4.36202171840705e-05,
76.8731162597657,28.435663550240605,,7.382556941593066e-05
76.8731162597657,28.44926501682822,0.0007982745300978,0.000124365920783
76.8731162597657,28.46286648341584,,
76.8731162597657,28.476467950003453,,8.732752030482516e-05
76.8731162597657,28.49006941659107,,0.0007040743366815
76.8731162597657,28.503670883178685,-0.0001729921641526,-0.000121999401017
76.8731162597657,28.5172723497663,9.446767217013984e-05,
76.8731162597657,28.53087381635392,,-0.0001664786832407
76.8731162597657,28.544475282941534,,0.000143554265378
76.8731162597657,28.55807674952915,9.93186331470497e-05,
76.8731162597657,28.57167821611677,0.0001946447591762,0.0002962480066344
76.8731162597657,28.585279682704385,9.99561816570349e-05,
76.8731162597657,28.598881149292,,
76.8731162597657,28.61248261587961,0.1386855691671371,-0.0003691283927764
76.8731162597657,28.62608408246723,,-0.0006061946623958
76.8731162597657,28.63968554905485,7.364859629888088e-05,0.0003364089934621
76.8731162597657,28.653287015642466,0.0001663530565565,-0.000260147236986
76.8731162597657,28.66688848223008,-1.4144115084491204e-05,
76.8731162597657,28.68048994881769,0.000344237225363,-0.0007775945705361
76.8731162597657,28.69409141540531,-0.0001902136864373,-3.231840310036205e-05
76.8731162597657,28.707692881992926,-2.570185824879445e-05,-0.0001382224436383
76.8731162597657,28.721294348580543,1.1737120075849816e-05,9.58181990426965e-05
76.8731162597657,28.73489581516816,-0.000290107273031,
76.8731162597657,28.74849728175577,0.0001650339982006,-0.0012342609697952
76.8731162597657,28.76209874834339,-0.0013361313613131,9.97089737211354e-05
76.8731162597657,28.775700214931007,-0.0003481224994175,
76.8731162597657,28.789301681518623,,
76.8731162597657,28.80290314810624,-0.0002941243292298,9.851808863459156e-05
76.8731162597657,28.81650461469385,-0.0002852312754839,3.615598325268365e-05
76.8731162597657,28.83010608128147,0.0007154840277507,-7.76033048168756e-05
76.8731162597657,28.843707547869087,0.0002389336004853,-9.124606003751978e-05
76.8731162597657,28.857309014456703,-0.0004082116065546,
76.8731162597657,28.87091048104432,-0.0003209276765119,
76.8731162597657,28.884511947631932,-0.0001951924205059,6.209210550878197e-05
76.8865162597657,28.408460617065373,4.060032733832486e-05,
76.8865162597657,28.42206208365299,7.919038580439519e-06,
76.8865162597657,28.435663550240605,,
76.8865162597657,28.44926501682822,,0.0003647913108579
76.8865162597657,28.46286648341584,0.0002096910757245,0.0005827898858115
76.8865162597657,28.476467950003453,,
76.8865162597657,28.49006941659107,,-0.0002971982466988
76.8865162597657,28.503670883178685,,0.000482386938529
76.8865162597657,28.5172723497663,-0.0004561597306746,1.221722959598992e-05
76.8865162597657,28.53087381635392,-8.26469185994938e-05,
76.8865162597657,28.544475282941534,-0.0005167693598195,
76.8865162597657,28.55807674952915,0.0001520741789136,-7.149904558900744e-05
76.8865162597657,28.57167821611677,,0.0001133772821049
76.8865162597657,28.585279682704385,-0.0006169284461066,5.140059511177242e-05
76.8865162597657,28.598881149292,0.0006304327398538,
76.8865162597657,28.61248261587961,,-5.563217200688087e-06
76.8865162597657,28.62608408246723,,
76.8865162597657,28.63968554905485,-4.079459904460237e-05,0.0007374319247901
76.8865162597657,28.653287015642466,4.123056714888662e-05,
76.8865162597657,28.66688848223008,,0.0001580102689331
76.8865162597657,28.68048994881769,,
76.8865162597657,28.69409141540531,0.0002777244080789,4.379568781587295e-05
76.8865162597657,28.707692881992926,4.354017619334627e-06,1.743891516525764e-05
76.8865162597657,28.721294348580543,-0.0003835305979009,-0.0002927114255726
76.8865162597657,28.73489581516816,,
76.8865162597657,28.74849728175577,,
76.8865162597657,28.76209874834339,,0.0004727524355985
76.8865162597657,28.775700214931007,0.000263661466306,0.000257254083408
76.8865162597657,28.789301681518623,0.0001008590261335,5.069471808383241e-05
76.8865162597657,28.80290314810624,-6.401786959031597e-05,-9.810301708057524e-05
76.8865162597657,28.81650461469385,7.358772563748062e-05,-0.0002511647471692
76.8865162597657,28.83010608128147,,0.0003322098636999
76.8865162597657,28.843707547869087,,-0.0002539860724937
76.8865162597657,28.857309014456703,0.0527932941913604,-0.000178687449079
76.8865162597657,28.87091048104432,-7.706667929596733e-06,
76.8865162597657,28.884511947631932,,0.0001256944378837
76.8999162597657,28.408460617065373,2.209023659816012e-05,0.0005074524669907
76.8999162597657,28.42206208365299,-7.085786637617275e-05,0.000145511541632
76.8999162597657,28.435663550240605,,0.0001869540719781
76.8999162597657,28.44926501682822,,
76.8999162597657,28.46286648341584,0.0002255571307614,8.057391096372157e-05
76.8999162597657,28.476467950003453,0.0002146844635717,0.0001592363987583
76.8999162597657,28.49006941659107,,-0.0004881837521679
76.8999162597657,28.503670883178685,0.000246593990596,9.166935342364012e-06
76.8999162597657,28.5172723497663,-0.0002914170618169,-0.0001770097587723
76.8999162597657,28.53087381635392,4.2678504541981965e-05,0.0002248632663395
76.8999162597657,28.544475282941534,,-0.0014514815993607
76.8999162597657,28.55807674952915,0.0001536563358968,
76.8999162597657,28.57167821611677,,0.0002618275466375
76.8999162597657,28.585279682704385,0.0002232608676422,0.0002533557999413
76.8999162597657,28.598881149292,0.0002006040012929,
76.8999162597657,28.61248261587961,,0.0005882857949472
76.8999162597657,28.62608408246723,0.0001160972678917,-0.0009409090271219
76.8999162597657,28.63968554905485,-0.000748956692405,0.0003386109601706
76.8999162597657,28.653287015642466,0.00031576823676,
76.8999162597657,28.66688848223008,,0.0002139455464202
76.8999162597657,28.68048994881769,,
76.8999162597657,28.69409141540531,,
76.8999162597657,28.707692881992926,,
76.8999162597657,28.721294348580543,,0.0001279753196286
76.8999162597657,28.73489581516816,,0.0001590340107213
76.8999162597657,28.74849728175577,-0.0001563694386277,
76.8999162597657,28.76209874834339,4.805443950317567e-06,-0.00158940278925
76.8999162597657,28.775700214931007,,0.0001182821724796
76.8999162597657,28.789301681518623,,0.0001259412674698
76.8999162597657,28.80290314810624,,0.0001843270583776
76.8999162597657,28.81650461469385,-0.0001270272332476,0.0002547854965087
76.8999162597657,28.83010608128147,,
76.8999162597657,28.843707547869087,8.85307053977158e-06,-0.0001396913430653
76.8999162597657,28.857309014456703,0.0001207295426866,0.0008106487221084
76.8999162597657,28.87091048104432,,0.0001971791061805
76.8999162597657,28.884511947631932,,2.922100611613132e-05
76.91331625976571,28.408460617065373,0.0005373254534788,0.0002508936158847
76.91331625976571,28.42206208365299,0.0002006750437431,-0.0001267192710656
76.91331625976571,28.435663550240605,-0.0001104080074583,0.0002768809790723
76.91331625976571,28.44926501682822,0.002088664099574,
76.91331625976571,28.46286648341584,-0.0003338622336741,
76.91331625976571,28.476467950003453,-7.340822776313871e-05,
76.91331625976571,28.49006941659107,-0.0005578063428401,
76.91331625976571,28.503670883178685,-0.000249959382927,-0.000313256168738
76.91331625976571,28.5172723497663,0.0001446443930035,
76.91331625976571,28.53087381635392,0.0004379778110887,0.0003715675265993
76.91331625976571,28.544475282941534,0.0001762469037203,0.0005383667885325
76.91331625976571,28.55807674952915,,-1.5859031918807887e-05
76.91331625976571,28.57167821611677,,0.0004228613397572
76.91331625976571,28.585279682704385,0.0008277709130197,-0.0008537250105291
76.91331625976571,28.598881149292,0.0003025260812137,4.194319626549259e-05
76.91331625976571,28.61248261587961,0.0006981288315728,
76.91331625976571,28.62608408246723,-0.000465451128548,-0.0001564470003359
76.91331625976571,28.63968554905485,-5.330282147042453e-05,0.0006217764457687
76.91331625976571,28.653287015642466,,0.0005700578331016
76.91331625976571,28.66688848223008,0.0003908521030098,0.0004094051837455
76.91331625976571,28.68048994881769,,0.0003550184483174
76.91331625976571,28.69409141540531,,5.094962034490891e-05
76.91331625976571,28.707692881992926,,0.0001032528016366
76.91331625976571,28.721294348580543,9.83375457508373e-07,
76.91331625976571,28.73489581516816,0.0004761407326441,0.0004295985563658
76.91331625976571,28.74849728175577,-0.0005234238342382,-6.90496526658535e-05
76.91331625976571,28.76209874834339,,0.0007996258791536
76.91331625976571,28.775700214931007,,-2.273690734000411e-05
76.91331625976571,28.789301681518623,,-0.0005360607756301
76.91331625976571,28.80290314810624,0.0015884381718933,0.0001605161232873
76.91331625976571,28.81650461469385,,-0.0002192972169723
76.91331625976571,28.83010608128147,2.967802356579341e-05,-0.0007605963037349
76.91331625976571,28.843707547869087,-0.0002568097552284,0.0004994019982405
76.91331625976571,28.857309014456703,0.0002646944485604,0.0003682812675833
76.91331625976571,28.87091048104432,,
76.91331625976571,28.884511947631932,,2.2687047021463517e-05
76.92671625976571,28.408460617065373,-0.0001738618302624,-0.0001010685009532
76.92671625976571,28.42206208365299,-0.00011369396816,-0.0004101885133422
76.92671625976571,28.435663550240605,0.0006045178161002,8.048306335695088e-05
76.92671625976571,28.44926501682822,-0.0011649981606751,0.0005606009508483
76.92671625976571,28.46286648341584,,-0.0001067343328031
76.92671625976571,28.476467950003453,-0.1029845550656318,
76.92671625976571,28.49006941659107,0.0004061515210196,0.0002939129481092
76.92671625976571,28.503670883178685,,-0.0003550729015842
76.92671625976571,28.5172723497663,,0.0001717314735287
76.92671625976571,28.53087381635392,-0.0002048915193881,0.0003185443638358
76.92671625976571,28.544475282941534,,1.9252618585596792e-05
76.92671625976571,28.55807674952915,,
76.92671625976571,28.57167821611677,8.010363671928644e-05,0.0001099820947274
76.92671625976571,28.585279682704385,,0.0005360095528885
76.92671625976571,28.598881149292,-0.0001575057540321,-0.0001734091929392
76.92671625976571,28.61248261587961,0.000116082112072,0.0009342352859675
76.92671625976571,28.62608408246723,-0.0001225647720275,0.0001467959227738
76.92671625976571,28.63968554905485,0.4229269623756408,0.0001234631199622
76.92671625976571,28.653287015642466,,
76.92671625976571,28.66688848223008,-0.0003869171778205,0.0023098716046661
76.92671625976571,28.68048994881769,,0.0002220717869931
76.92671625976571,28.69409141540531,,
76.92671625976571,28.707692881992926,0.0005080733099021,2.5551262297085486e-05
76.92671625976571,28.721294348580543,-0.0001944410760188,0.0003216670884285
76.92671625976571,28.73489581516816,-3.153754005325027e-05,0.00063016457716
76.92671625976571,28.74849728175577,-0.0002329747076146,-0.0002024432615144
76.92671625976571,28.76209874834339,0.00083226012066,-0.0002038216189248
76.92671625976571,28.775700214931007,0.0002276681188959,
76.92671625976571,28.789301681518623,5.218699152464978e-05,-7.16411232133396e-05
76.92671625976571,28.80290314810624,0.0004897590843029,0.0003900459851138
76.92671625976571,28.81650461469385,-0.0004269858181942,-0.0001232149807037
76.92671625976571,28.83010608128147,-0.0006273031467571,
76.92671625976571,28.843707547869087,0.0001927257253555,
76.92671625976571,28.857309014456703,,6.499539449578151e-05
76.92671625976571,28.87091048104432,,-0.0003385469026397
76.92671625976571,28.884511947631932,5.617051556328079e-06,0.0001299791474593
76.94011625976572,28.408460617065373,,0.0002439257805235
76.94011625976572,28.42206208365299,-6.443326856242493e-05,-0.0001746646303217
76.94011625976572,28.435663550240605,0.0006788405007682,0.0006220917566679
76.94011625976572,28.44926501682822,-0.0002404576953267,0.0002142629527952
76.94011625976572,28.46286648341584,-0.0003011777007486,
76.94011625976572,28.476467950003453,-0.0005141323781572,9.166935342364012e-06
76.94011625976572,28.49006941659107,-5.571216024691239e-05,0.0005937280366197
76.94011625976572,28.503670883178685,,-0.0002083083818433
76.94011625976572,28.5172723497663,0.0001384262868668,-2.043924541794695e-05
76.94011625976572,28.53087381635392,,
76.94011625976572,28.544475282941534,0.0002187358331866,0.0001440196938347
76.94011625976572,28.55807674952915,,-0.0001829141256166
76.94011625976572,28.57167821611677,-0.000148661332787,
76.94011625976572,28.585279682704385,-0.0001292741799261,
76.94011625976572,28.598881149292,,
76.94011625976572,28.61248261587961,0.0001090350560843,-7.112330786185339e-05
76.94011625976572,28.62608408246723,-7.471162098227069e-05,0.000186056815437
76.94011625976572,28.63968554905485,0.0007164438138715,0.0004452615103218
76.94011625976572,28.653287015642466,,
76.94011625976572,28.66688848223008,,
76.94011625976572,28.68048994881769,0.0002391300949966,0.000305643712636
76.94011625976572,28.69409141540531,-0.000201092872885,0.0006346789305098
76.94011625976572,28.707692881992926,-9.803619832382536e-06,0.0004969453439116
76.94011625976572,28.721294348580543,-0.0002077120152534,
76.94011625976572,28.73489581516816,-0.0009010400972329,-8.435530617134646e-05
76.94011625976572,28.74849728175577,-0.0001532814349047,-0.0002344842505408
76.94011625976572,28.76209874834339,,-8.15326493466273e-05
76.94011625976572,28.775700214931007,-2.0334937289590016e-06,-1.6876218069228344e-05
76.94011625976572,28.789301681518623,-0.0002260192268295,-0.0002016450162045
76.94011625976572,28.80290314810624,-0.0007454578881151,1.4630382793257011e-05
76.94011625976572,28.81650461469385,-0.0004502335505094,
76.94011625976572,28.83010608128147,-5.575930117629469e-05,0.0005370524595491
76.94011625976572,28.843707547869087,-0.0001106341587728,0.0012561896583065
76.94011625976572,28.857309014456703,0.0009929211810231,0.0008107667090371
76.94011625976572,28.87091048104432,-0.0001079733119695,-6.415072857635096e-05
76.94011625976572,28.884511947631932,,-0.000435400113929
76.95351625976572,28.408460617065373,,0.0002588412025943
76.95351625976572,28.42206208365299,0.0002188642392866,-0.0004010998818557
76.95351625976572,28.435663550240605,-0.0004543758986983,0.0005262157064862
76.95351625976572,28.44926501682822,-3.640708382590674e-05,-6.191428838064894e-05
76.95351625976572,28.46286648341584,7.556049240520224e-05,-0.0002431137254461
76.95351625976572,28.476467950003453,-3.887768980348483e-05,
76.95351625976572,28.49006941659107,-9.720769594423472e-05,0.0004767245845869
76.95351625976572,28.503670883178685,0.0001280131982639,
76.95351625976572,28.5172723497663,,-0.0003729130839928
76.95351625976572,28.53087381635392,,
76.95351625976572,28.544475282941534,0.0004736552364192,0.00050162919797
76.95351625976572,28.55807674952915,2.6695921405917037e-05,0.0001337915600743
76.95351625976572,28.57167821611677,0.0002521403948776,9.708888683235271e-05
76.95351625976572,28.585279682704385,,0.0003324451099615
76.95351625976572,28.598881149292,-0.0004914352903142,-0.0006514432025142
76.95351625976572,28.61248261587961,-0.000444771052571,
76.95351625976572,28.62608408246723,-3.071489845751785e-05,-0.000261134468019
76.95351625976572,28.63968554905485,,
76.95351625976572,28.653287015642466,0.0002859364903997,-0.0001917345362016
76.95351625976572,28.66688848223008,,
76.95351625976572,28.68048994881769,0.0005222992622293,
76.95351625976572,28.69409141540531,,0.0002843719848897
76.95351625976572,28.707692881992926,,0.0004596365033648
76.95351625976572,28.721294348580543,-0.0001722023007459,0.0005350465071387
76.95351625976572,28.73489581516816,4.927206100546755e-05,-6.071670577512123e-05
76.95351625976572,28.74849728175577,,0.0003343675343785
76.95351625976572,28.76209874834339,4.569517841446213e-05,0.0005894940113648
76.95351625976572,28.775700214931007,-0.0001519922370789,0.0001437852042727
76.95351625976572,28.789301681518623,3.319234565424267e-06,0.0003649009740911
76.95351625976572,28.80290314810624,,0.0013990313746035
76.95351625976572,28.81650461469385,0.000487492798129,
76.95351625976572,28.83010608128147,-1.5787541997269727e-05,-8.59877181937918e-05
76.95351625976572,28.843707547869087,,
76.95351625976572,28.857309014456703,,0.0003768333117477
76.95351625976572,28.87091048104432,4.631273259292357e-05,
76.95351625976572,28.884511947631932,,0.0001528756984043
76.96691625976572,28.408460617065373,-0.0001711465884,0.0003036612470168
76.96691625976572,28.42206208365299,0.0002100900746881,0.0001331549283349
76.96691625976572,28.435663550240605,-0.0003782555286306,
76.96691625976572,28.44926501682822,4.670735143008642e-05,
76.96691625976572,28.46286648341584,,0.0003045113116968
76.96691625976572,28.476467950003453,0.0006000754074193,
76.96691625976572,28.49006941659107,-0.0001991385797737,5.946083547314629e-06
76.96691625976572,28.503670883178685,0.000201294067665,0.0003841344441752
76.96691625976572,28.5172723497663,0.000230279911193,1.481360050092917e-05
76.96691625976572,28.53087381635392,0.0001696626131888,-0.0001273227098863
76.96691625976572,28.544475282941534,0.0006304327398538,-0.0001864213263615
76.96691625976572,28.55807674952915,-0.0001646990567678,-0.0002718644682317
76.96691625976572,28.57167821611677,-0.000140833799378,0.0001150352181866
76.96691625976572,28.585279682704385,,
76.96691625976572,28.598881149292,0.0002214913547504,
76.96691625976572,28.61248261587961,-0.0002614739059936,0.0005175985279493
76.96691625976572,28.62608408246723,-0.0001902136864373,0.0003112323465757
76.96691625976572,28.63968554905485,,
76.96691625976572,28.653287015642466,1.0866076081583742e-05,0.0003773885255213
76.96691625976572,28.66688848223008,-0.0002354409662075,-0.0002092711365548
76.96691625976572,28.68048994881769,,1.0538070455368144e-05
76.96691625976572,28.69409141540531,0.0002824378025252,0.0001915725151775
76.96691625976572,28.707692881992926,0.0003428489144425,0.0001777969155227
76.96691625976572,28.721294348580543,,-2.442106051603332e-05
76.96691625976572,28.73489581516816,0.0004012670542579,
76.96691625976572,28.74849728175577,,0.0002269147225888
76.96691625976572,28.76209874834339,,-0.0003763006534427
76.96691625976572,28.775700214931007,-5.7036271755350754e-05,
76.96691625976572,28.789301681518623,-0.0004082116065546,0.0001169940296676
76.96691625976572,28.80290314810624,,-0.0002556627732701
76.96691625976572,28.81650461469385,6.34163516224362e-05,0.0006799416150897
76.96691625976572,28.83010608128147,-0.0001459502091165,3.357814784976654e-05
76.96691625976572,28.843707547869087,,
76.96691625976572,28.857309014456703,3.559616379789077e-05,
76.96691625976572,28.87091048104432,,4.954103496856988e-05
76.96691625976572,28.884511947631932,0.000115550137707,-0.0005645881756208
76.98031625976573,28.408460617065373,0.0010406026849523,4.745363548863679e-05
76.98031625976573,28.42206208365299,-0.0002730078413151,0.0001750372030073
76.98031625976573,28.435663550240605,0.0001653640938457,
76.98031625976573,28.44926501682822,0.0001799987221602,
76.98031625976573,28.46286648341584,-0.0002043689019046,-7.650619954802096e-05
76.98031625976573,28.476467950003453,-0.0009019887074828,-0.0002447616716381
76.98031625976573,28.49006941659107,7.856992306187749e-05,
76.98031625976573,28.503670883178685,-7.602541154483333e-05,
76.98031625976573,28.5172723497663,0.0001369239325867,0.000528804725036
76.98031625976573,28.53087381635392,0.0004071706498507,0.0001585499412612
76.98031625976573,28.544475282941534,,
76.98031625976573,28.55807674952915,0.0002929097681771,0.000248117459705
76.98031625976573,28.57167821611677,-0.0001440837077097,-0.0002495914814062
76.98031625976573,28.585279682704385,,-0.0002274422440677
76.98031625976573,28.598881149292,4.633528078556992e-05,
76.98031625976573,28.61248261587961,,
76.98031625976573,28.62608408246723,-0.0013213449856266,-0.0002110993082169
76.98031625976573,28.63968554905485,0.0016678547253832,
76.98031625976573,28.653287015642466,-0.0004045540990773,0.0002736733586061
76.98031625976573,28.66688848223008,-8.286333468277007e-05,0.0004122821555938
76.98031625976573,28.68048994881769,,
76.98031625976573,28.69409141540531,0.0001913881860673,-0.0002275480510434
76.98031625976573,28.707692881992926,0.0002480633265804,-2.911896626756061e-05
76.98031625976573,28.721294348580543,1.0756157280411571e-05,7.535551412729546e-05
76.98031625976573,28.73489581516816,-0.0001247360924025,0.0001267782208742
76.98031625976573,28.74849728175577,0.0002797800698317,-0.0002024315326707
76.98031625976573,28.76209874834339,0.000183848576853,
76.98031625976573,28.775700214931007,0.0003273571492172,0.0003925391647499
76.98031625976573,28.789301681518623,,
76.98031625976573,28.80290314810624,-0.0002144324535038,3.677534186863341e-05
76.98031625976573,28.81650461469385,0.000214356550714,-4.3867938074981794e-05
76.98031625976573,28.83010608128147,0.0001242950093001,0.0003108993405476
76.98031625976573,28.843707547869087,,-0.0002494894724804
76.98031625976573,28.857309014456703,3.471805030130781e-06,0.0002755385357886
76.98031625976573,28.87091048104432,-0.0003367863537278,
76.98031625976573,28.884511947631932,-0.000491208396852,
76.99371625976573,28.408460617065373,-0.0001265370374312,
76.99371625976573,28.42206208365299,9.63049751590006e-05,-0.0002477930393069
76.99371625976573,28.435663550240605,,1.0360004125686828e-05
76.99371625976573,28.44926501682822,0.0003414913662709,0.0002325817185919
76.99371625976573,28.46286648341584,-0.0001620114053366,0.0005325122037902
76.99371625976573,28.476467950003453,0.0001555589551571,-0.0001645439479034
76.99371625976573,28.49006941659107,0.0001831304252846,-0.0002589261857792
76.99371625976573,28.503670883178685,9.04640637600096e-06,-0.0002531633945181
76.99371625976573,28.5172723497663,-0.000317697005812,
76.99371625976573,28.53087381635392,,3.3532818633830175e-05
76.99371625976573,28.544475282941534,-0.0001330633240286,8.895684004528448e-05
76.99371625976573,28.55807674952915,,
76.99371625976573,28.57167821611677,-0.0001380794565193,-6.163952639326453e-05
76.99371625976573,28.585279682704385,3.626176112447865e-05,-0.0016313693486154
76.99371625976573,28.598881149292,-0.0002637083816807,0.0003665530239231
76.99371625976573,28.61248261587961,,
76.99371625976573,28.62608408246723,,0.0001103974209399
76.99371625976573,28.63968554905485,-9.360616968479007e-05,5.927911479375325e-05
76.99371625976573,28.653287015642466,,0.0003785420267377
76.99371625976573,28.66688848223008,,0.0002503405266907
76.99371625976573,28.68048994881769,0.0001105333285522,-0.0001093740575015
76.99371625976573,28.69409141540531,,0.0001881237549241
76.99371625976573,28.707692881992926,0.0001698622509138,0.0002116620453307
76.99371625976573,28.721294348580543,-6.799958646297455e-05,-0.0003232938761357
76.99371625976573,28.73489581516816,0.0002031010226346,0.0005720966728404
76.99371625976573,28.74849728175577,-0.0001332305982941,0.0001151525430032
76.99371625976573,28.76209874834339,-5.191660602577031e-05,0.0002594047982711
76.99371625976573,28.775700214931007,-0.0004502335505094,
76.99371625976573,28.789301681518623,5.377554043661803e-05,3.851818746625213e-06
76.99371625976573,28.80290314810624,8.656055433675647e-05,
76.99371625976573,28.81650461469385,-7.321759039768949e-05,0.000287136354018
76.99371625976573,28.83010608128147,0.0002654749841894,-0.0005564541788771
76.99371625976573,28.843707547869087,-0.0004248328041285,-4.278761844034307e-05
76.99371625976573,28.857309014456703,0.0004881153290625,0.0002223324845544
76.99371625976573,28.87091048104432,,-0.0001005886442726
76.99371625976573,28.884511947631932,,
77.00711625976574,28.408460617065373,,
77.00711625976574,28.42206208365299,-0.0002316240716027,
77.00711625976574,28.435663550240605,-0.000518285203725,5.153191864337714e-07
77.00711625976574,28.44926501682822,-0.0003350177139509,
77.00711625976574,28.46286648341584,-0.0002819400397129,0.0004637058300431
77.00711625976574,28.476467950003453,-0.0004514762549661,0.0001218927354784
77.00711625976574,28.49006941659107,-0.0002575678227003,5.427324504125863e-05
77.00711625976574,28.503670883178685,,
77.00711625976574,28.5172723497663,-8.236191933974624e-05,-4.297108898754232e-05
77.00711625976574,28.53087381635392,8.312559657497332e-05,
77.00711625976574,28.544475282941534,,-0.0001833404967328
77.00711625976574,28.55807674952915,0.0008197731804102,0.0002246288495371
77.00711625976574,28.57167821611677,-0.0005090088234283,-6.07655820203945e-05
77.00711625976574,28.585279682704385,0.000462995521957,-0.0001217908647959
77.00711625976574,28.598881149292,,0.0004767078498844
77.00711625976574,28.61248261587961,0.0004581364046316,0.0002859880914911
77.00711625976574,28.62608408246723,-0.000499065441545,0.0008179020369425
77.00711625976574,28.63968554905485,-2.197984031226952e-05,
77.00711625976574,28.653287015642466,0.0001463697262806,-0.0002415065100649
77.00711625976574,28.66688848223008,,2.102514736179728e-05
77.00711625976574,28.68048994881769,0.0018948576180264,-9.133067942457274e-05
77.00711625976574,28.69409141540531,-0.0004436464514583,
77.00711625976574,28.707692881992926,0.0011458455119282,0.0007996258791536
77.00711625976574,28.721294348580543,-8.478708332404494e-05,
77.00711625976574,28.73489581516816,0.0004606649745255,-1.6876218069228344e-05
77.00711625976574,28.74849728175577,0.0002622998727019,8.764735639488208e-07
77.00711625976574,28.76209874834339,,
77.00711625976574,28.775700214931007,0.0014426127308979,
77.00711625976574,28.789301681518623,0.000431663764175,
77.00711625976574,28.80290314810624,-9.702529496280476e-06,
77.00711625976574,28.81650461469385,-0.000399113545427,-0.0002111978537868
77.00711625976574,28.83010608128147,0.0001740744773996,0.0005058657261542
77.00711625976574,28.843707547869087,0.0001218953402712,-0.0003036069392692
77.00711625976574,28.857309014456703,0.0014582390431314,4.9599850171944126e-05
77.00711625976574,28.87091048104432,-0.0007014985894784,
77.00711625976574,28.884511947631932,-0.0003186175308655,6.704364932375029e-05
77.02051625976574,28.408460617065373,,
77.02051625976574,28.42206208365299,-2.814291292452253e-05,-9.105652861762792e-05
77.02051625976574,28.435663550240605,0.0002530811761971,-4.888438706984744e-05
77.02051625976574,28.44926501682822,1.1506208466016687e-05,0.0002061195846181
77.02051625976574,28.46286648341584,-7.139503577491269e-05,
77.02051625976574,28.476467950003453,0.0001421211491106,-3.776488301809877e-05
77.02051625976574,28.49006941659107,-5.870731183676981e-05,7.282537262653932e-05
77.02051625976574,28.503670883178685,5.28113087057136e-05,-0.00020566607418
77.02051625976574,28.5172723497663,0.0001235974195878,0.0001671500940574
77.02051625976574,28.53087381635392,0.0001502324594184,-4.839792745769955e-05
77.02051625976574,28.544475282941534,,0.0003765278379432
77.02051625976574,28.55807674952915,-0.0008382644155062,
77.02051625976574,28.57167821611677,-0.0002362205268582,-9.185768431052566e-05
77.02051625976574,28.585279682704385,0.0392780192196369,
77.02051625976574,28.598881149292,,
77.02051625976574,28.61248261587961,-0.0005612005479633,0.000162785014254
77.02051625976574,28.62608408246723,,
77.02051625976574,28.63968554905485,0.0003057155699934,
77.02051625976574,28.653287015642466,-5.983200753689744e-05,-0.000666425388772
77.02051625976574,28.66688848223008,-0.0002848890435416,
77.02051625976574,28.68048994881769,-0.0005854545743204,
77.02051625976574,28.69409141540531,,0.0002831281162798
77.02051625976574,28.707692881992926,,5.754096491727978e-05
77.02051625976574,28.721294348580543,-0.0002192408428527,
77.02051625976574,28.73489581516816,0.0002146199258277,-5.010899258195423e-05
77.02051625976574,28.74849728175577,,-0.0003830536734312
77.02051625976574,28.76209874834339,,
77.02051625976574,28.775700214931007,-9.587408567313104e-05,9.463891183258966e-05
77.02051625976574,28.789301681518623,,-5.3750405641039833e-05
77.02051625976574,28.80290314810624,0.0439256355166435,0.0001107495627366
77.02051625976574,28.81650461469385,0.000162531636306,0.0004068147973157
77.02051625976574,28.83010608128147,-6.025625771144405e-05,
77.02051625976574,28.843707547869087,0.0002039937098743,-0.0001133550977101
77.02051625976574,28.857309014456703,-0.0001619022659724,0.0001621018163859
77.02051625976574,28.87091048104432,0.0003713706100825,
77.02051625976574,28.884511947631932,-0.0001824378268793,4.540493682725355e-05
77.03391625976575,28.408460617065373,,2.550460294514778e-06
77.03391625976575,28.42206208365299,0.0002098670374834,
77.03391625976575,28.435663550240605,,
77.03391625976575,28.44926501682822,9.335803770227358e-05,5.946083547314629e-06
77.03391625976575,28.46286648341584,-0.00073532119859,-0.0002292927383678
77.03391625976575,28.476467950003453,-0.0001098710126825,7.1150452640722506e-06
77.03391625976575,28.49006941659107,,-0.0002612542593851
77.03391625976575,28.503670883178685,-0.0004027654649689,0.0003869348438456
77.03391625976575,28.5172723497663,-0.0001292741799261,-0.0003415763494558
77.03391625976575,28.53087381635392,-0.0002940114936791,4.405335130286403e-05
77.03391625976575,28.544475282941534,,0.0012036864645779
77.03391625976575,28.55807674952915,-0.0002770925930235,0.0002358994825044
77.03391625976575,28.57167821611677,-0.0001944422110682,-0.0002632910909596
77.03391625976575,28.585279682704385,-0.0005515185766853,-0.0001610798935871
77.03391625976575,28.598881149292,5.722506557503948e-06,0.0003099517489317
77.03391625976575,28.61248261587961,,5.96411564401933e-06
77.03391625976575,28.62608408246723,3.359238326083869e-05,-1.9351864466443654e-05
77.03391625976575,28.63968554905485,-9.216419130098076e-05,-0.0001762025785865
77.03391625976575,28.653287015642466,-0.0001932681479956,-0.0002407634165138
77.03391625976575,28.66688848223008,0.0011025929125025,-0.0002196957793785
77.03391625976575,28.68048994881769,0.0004337382852099,4.6881319576641545e-05
77.03391625976575,28.69409141540531,,
77.03391625976575,28.707692881992926,0.0003684684052132,0.0006548361852765
77.03391625976575,28.721294348580543,-0.0003449612995609,-0.0012458595447242
77.03391625976575,28.73489581516816,1.9644272470031865e-05,0.0001587608858244
77.03391625976575,28.74849728175577,-0.0002226687647635,-0.0003894903929904
77.03391625976575,28.76209874834339,-6.0168287745909765e-05,-9.021862933877856e-05
77.03391625976575,28.775700214931007,0.0004346861678641,5.575324394158088e-06
77.03391625976575,28.789301681518623,0.0002646166249178,-0.0001677127293078
77.03391625976575,28.80290314810624,0.0007355774869211,0.0001498336350778
77.03391625976575,28.81650461469385,,7.451241981470957e-05
77.03391625976575,28.83010608128147,,-3.689300910991733e-06
77.03391625976575,28.843707547869087,8.922546840040013e-05,
77.03391625976575,28.857309014456703,5.703045644622762e-06,0.0004225648008286
77.03391625976575,28.87091048104432,0.0001542521495139,0.0005924145807512
77.03391625976575,28.884511947631932,-0.0010813237167894,0.0002731342683546
77.04731625976575,28.408460617065373,3.827603359241039e-05,0.0002069705806206
77.04731625976575,28.42206208365299,5.614552355837077e-05,-0.0006540300673805
77.04731625976575,28.435663550240605,,
77.04731625976575,28.44926501682822,0.0004081378865521,
77.04731625976575,28.46286648341584,-0.0244268737733364,-0.0002957482938654
77.04731625976575,28.476467950003453,,
77.04731625976575,28.49006941659107,,
77.04731625976575,28.503670883178685,0.0005127646727487,4.194319626549259e-05
77.04731625976575,28.5172723497663,-0.0013432911364361,-0.0002844178816303
77.04731625976575,28.53087381635392,0.0005199933075346,0.0002220097085228
77.04731625976575,28.544475282941534,0.0002694886643439,3.344237120472826e-05
77.04731625976575,28.55807674952915,-9.30814421735704e-05,-1.2705552762781736e-05
77.04731625976575,28.57167821611677,0.0005592562374658,
77.04731625976575,28.585279682704385,0.026255814358592,-2.553783815528732e-05
77.04731625976575,28.598881149292,0.0001595257199369,-6.645590474363416e-05
77.04731625976575,28.61248261587961,-0.0007313159876503,
77.04731625976575,28.62608408246723,4.558194996207021e-05,
77.04731625976575,28.63968554905485,-0.000547856092453,-0.0003179502382408
77.04731625976575,28.653287015642466,6.378659600159153e-05,0.0001051132348948
77.04731625976575,28.66688848223008,4.616647129296325e-05,
77.04731625976575,28.68048994881769,7.51091429265216e-05,-7.474224730685819e-06
77.04731625976575,28.69409141540531,-0.001017230330035,
77.04731625976575,28.707692881992926,0.0001648275792831,-0.0001221874845214
77.04731625976575,28.721294348580543,-0.000507403165102,-0.0003196014731656
77.04731625976575,28.73489581516816,2.4085537006612867e-05,-0.0001438553445041
77.04731625976575,28.74849728175577,0.000117208721349,-8.600825094617903e-05
77.04731625976575,28.76209874834339,,
77.04731625976575,28.775700214931007,7.833878044039011e-05,0.0001089114812202
77.04731625976575,28.789301681518623,0.0008546208846382,0.0002147359482478
77.04731625976575,28.80290314810624,,
77.04731625976575,28.81650461469385,0.0001132302932091,
77.04731625976575,28.83010608128147,,0.0006768977618776
77.04731625976575,28.843707547869087,0.0005001762765459,2.329937160538975e-05
77.04731625976575,28.857309014456703,-0.0001201243358082,0.0005853205220773
77.04731625976575,28.87091048104432,-6.68452339596115e-05,0.0003288810548838
77.04731625976575,28.884511947631932,,
77.06071625976575,28.408460617065373,,
77.06071625976575,28.42206208365299,-0.0005370005383156,
77.06071625976575,28.435663550240605,,
77.06071625976575,28.44926501682822,-0.0005440043169073,-0.000354159186827
77.06071625976575,28.46286648341584,-0.0001297749695368,0.0004672088252846
77.06071625976575,28.476467950003453,,0.0001201186605612
77.06071625976575,28.49006941659107,0.0001369105448247,-0.000290386902634
77.06071625976575,28.503670883178685,-4.308571078581736e-05,8.510521001880988e-05
77.06071625976575,28.5172723497663,,0.0002154639660147
77.06071625976575,28.53087381635392,0.0001742944441502,0.0002158040733775
77.06071625976575,28.544475282941534,-0.0002237425069324,
77.06071625976575,28.55807674952915,0.0003891205415129,
77.06071625976575,28.57167821611677,-2.8473034035414457e-05,0.0001916328619699
77.06071625976575,28.585279682704385,-0.0002651915128808,-6.508429942186922e-05
77.06071625976575,28.598881149292,0.0001111626261263,-5.0050157369696535e-06
77.06071625976575,28.61248261587961,-0.0006894379039295,-0.0001950578443938
77.06071625976575,28.62608408246723,0.0001732126547722,
77.06071625976575,28.63968554905485,,0.0004317937418818
77.06071625976575,28.653287015642466,,
77.06071625976575,28.66688848223008,0.0003708108270075,-0.0001263002486666
77.06071625976575,28.68048994881769,8.748901746002957e-05,-5.616592534352094e-05
77.06071625976575,28.69409141540531,0.0006150339613668,-0.0001838718599174
77.06071625976575,28.707692881992926,0.0004220302798785,-0.000227631200687
77.06071625976575,28.721294348580543,-0.0003033079556189,-0.0002539860724937
77.06071625976575,28.73489581516816,-0.0001478748745284,
77.06071625976575,28.74849728175577,0.000370357214706,0.0005258464370854
77.06071625976575,28.76209874834339,-0.0001806678483262,-6.0956404922762886e-05
77.06071625976575,28.775700214931007,8.359033927263226e-06,2.1933148673269894e-05
77.06071625976575,28.789301681518623,-0.0006623267545364,
77.06071625976575,28.80290314810624,-3.3643274946371093e-05,
77.06071625976575,28.81650461469385,-0.0011860396480187,0.0001565849088365
77.06071625976575,28.83010608128147,,-0.0002882126427721
77.06071625976575,28.843707547869087,-2.87712064164225e-05,5.048540697316639e-05
77.06071625976575,28.857309014456703,0.0002889615134336,8.604108734289184e-05
77.06071625976575,28.87091048104432,-0.0002373752649873,-0.0009164341026917
77.06071625976575,28.884511947631932,,-7.945881952764466e-05
77.07411625976576,28.408460617065373,1.5189836631179787e-05,-0.0002298226463608
77.07411625976576,28.42206208365299,6.873309030197561e-05,0.0004740779986605
77.07411625976576,28.435663550240605,-7.602541154483333e-05,0.0004299647989682
77.07411625976576,28.44926501682822,,-7.60975217417581e-06
77.07411625976576,28.46286648341584,5.28113087057136e-05,0.0004308384377509
77.07411625976576,28.476467950003453,0.0009913232643157,9.871240763459356e-05
77.07411625976576,28.49006941659107,3.231079244869761e-05,
77.07411625976576,28.503670883178685,-0.0005741483764722,5.3934523748466745e-05
77.07411625976576,28.5172723497663,,-0.0001936502812895
77.07411625976576,28.53087381635392,8.982449071481824e-05,
77.07411625976576,28.544475282941534,4.2899438994936645e-05,5.944792428635992e-05
77.07411625976576,28.55807674952915,2.416541065031197e-05,5.02034199598711e-05
77.07411625976576,28.57167821611677,0.0002014791389228,0.0003334670618642
77.07411625976576,28.585279682704385,6.61628000671044e-05,
77.07411625976576,28.598881149292,8.536817040294409e-05,-0.0001088367716874
77.07411625976576,28.61248261587961,,-0.0003052115789614
77.07411625976576,28.62608408246723,-7.145243580453098e-05,
77.07411625976576,28.63968554905485,0.00053866248345,0.0001392334379488
77.07411625976576,28.653287015642466,,0.000309603579808
77.07411625976576,28.66688848223008,0.000493116735015,
77.07411625976576,28.68048994881769,,-0.0001973550824914
77.07411625976576,28.69409141540531,,-0.0001619223767193
77.07411625976576,28.707692881992926,,0.000308934279019
77.07411625976576,28.721294348580543,,
77.07411625976576,28.73489581516816,,-0.0001474639575462
77.07411625976576,28.74849728175577,,-0.0001089952056645
77.07411625976576,28.76209874834339,-0.0002690056280698,-0.0003444196772761
77.07411625976576,28.775700214931007,-6.355901132337749e-05,0.0005513608921319
77.07411625976576,28.789301681518623,-3.766339432331733e-05,-0.0001079037829185
77.07411625976576,28.80290314810624,,7.482682121917605e-05
77.07411625976576,28.81650461469385,,-2.81947577605024e-05
77.07411625976576,28.83010608128147,-0.0006750265019945,-0.0001979298976948
77.07411625976576,28.843707547869087,,
77.07411625976576,28.857309014456703,,-0.0002330869174329
77.07411625976576,28.87091048104432,,0.0003062927862629
77.07411625976576,28.884511947631932,-6.860816938569769e-05,
77.08751625976576,28.408460617065373,-3.897305577993393e-05,0.0002007596340263
77.08751625976576,28.42206208365299,0.0012834131484851,-0.0001411704870406
77.08751625976576,28.435663550240605,8.153176895575598e-05,0.0001053794185281
77.08751625976576,28.44926501682822,0.0004238054389134,
77.08751625976576,28.46286648341584,,5.576466355705634e-05
77.08751625976576,28.476467950003453,,-0.0003433465608395
77.08751625976576,28.49006941659107,0.0001725111651467,0.0003364089934621
77.08751625976576,28.503670883178685,-0.0003869997453875,-2.8725429729092863e-05
77.08751625976576,28.5172723497663,,0.0004241267160978
77.08751625976576,28.53087381635392,-0.0001166104630101,
77.08751625976576,28.544475282941534,7.407876546494663e-05,
77.08751625976576,28.55807674952915,-0.0001193927746498,0.0002914833603426
77.08751625976576,28.57167821611677,9.8980322945863e-05,-0.0001792881521396
77.08751625976576,28.585279682704385,-0.0007088324637152,0.0006438952405005
77.08751625976576,28.598881149292,3.465198096819222e-05,0.000265325710643
77.08751625976576,28.61248261587961,-0.0003481224994175,0.000357710319804
77.08751625976576,28.62608408246723,0.0001943663373822,-0.0007150355377234
77.08751625976576,28.63968554905485,,
77.08751625976576,28.653287015642466,-0.0001062463124981,0.0003441536682657
77.08751625976576,28.66688848223008,0.0002692916314117,0.0002989813219755
77.08751625976576,28.68048994881769,-0.0001975682098418,0.0006147729000076
77.08751625976576,28.69409141540531,-0.0010387116344645,
77.08751625976576,28.707692881992926,0.0004581147222779,-3.686057971208356e-05
77.08751625976576,28.721294348580543,0.0002486235753167,0.0003397716791369
77.08751625976576,28.73489581516816,0.0004129520966671,-0.0001677011750871
77.08751625976576,28.74849728175577,0.0001286698679905,
77.08751625976576,28.76209874834339,0.0002654749841894,-0.0007630852051079
77.08751625976576,28.775700214931007,-0.0002292927529197,
77.08751625976576,28.789301681518623,-0.0002098534168908,-0.0001002393182716
77.08751625976576,28.80290314810624,,-8.534466178389266e-05
77.08751625976576,28.81650461469385,-0.0010432089911773,0.0003981664776802
77.08751625976576,28.83010608128147,-0.0003245929547119,
77.08751625976576,28.843707547869087,0.0006111575639806,-7.885332161094993e-05
77.08751625976576,28.857309014456703,-0.0002166980411857,6.450718501582742e-05
77.08751625976576,28.87091048104432,,-0.0001684641320025
77.08751625976576,28.884511947631932,0.0004077272606082,0.0002216129942098
77.10091625976577,28.408460617065373,-0.0004514762549661,-4.019912012154237e-05
77.10091625976577,28.42206208365299,-0.0004366525681689,4.398986857268028e-05
77.10091625976577,28.435663550240605,-6.50498695904389e-05,0.0002356095938012
77.10091625976577,28.44926501682822,0.000126101571368,0.0003233051684219
77.10091625976577,28.46286648341584,8.06237367214635e-05,0.0014992037322372
77.10091625976577,28.476467950003453,-2.502568895579316e-05,-0.0002963138686027
77.10091625976577,28.49006941659107,-0.0004914352903142,0.0001320212468272
77.10091625976577,28.503670883178685,6.853369268355891e-05,
77.10091625976577,28.5172723497663,-0.0002184314798796,-0.000641050748527
77.10091625976577,28.53087381635392,0.0001723894674796,0.0001143164918175
77.10091625976577,28.544475282941534,,-1.942259223142173e-05
77.10091625976577,28.55807674952915,-6.328293238766491e-06,-0.0001968389988178
77.10091625976577,28.57167821611677,0.0879770964384079,-7.592527981614694e-05
77.10091625976577,28.585279682704385,8.367234113393351e-05,0.0001441498316125
77.10091625976577,28.598881149292,,
77.10091625976577,28.61248261587961,0.0006849259370937,
77.10091625976577,28.62608408246723,,-0.0001740965526551
77.10091625976577,28.63968554905485,,
77.10091625976577,28.653287015642466,5.507629248313606e-05,-3.891088272212073e-05
77.10091625976577,28.66688848223008,-0.0018448560731485,-1.805070678528864e-05
77.10091625976577,28.68048994881769,-0.0965087786316871,-0.0001741465239319
77.10091625976577,28.69409141540531,0.0003370445629116,
77.10091625976577,28.707692881992926,-1.201871327793924e-05,0.0002466620353516
77.10091625976577,28.721294348580543,0.0004938916536048,
77.10091625976577,28.73489581516816,0.0003253218310419,0.0001322757452726
77.10091625976577,28.74849728175577,7.172585173975676e-05,
77.10091625976577,28.76209874834339,-0.0001901416544569,
77.10091625976577,28.775700214931007,1.2721918210445438e-05,0.0005065986770205
77.10091625976577,28.789301681518623,-8.728884131414816e-05,0.0004629265458788
77.10091625976577,28.80290314810624,-0.0002981979050673,-6.906613998580724e-05
77.10091625976577,28.81650461469385,,0.000656010757666
77.10091625976577,28.83010608128147,-6.68452339596115e-05,4.235989399603568e-05
77.10091625976577,28.843707547869087,0.0002856876526493,0.0001766275963746
77.10091625976577,28.857309014456703,,5.833194154547528e-05
77.10091625976577,28.87091048104432,0.0001907784753711,
77.10091625976577,28.884511947631932,-0.0002826257259584,-2.676719986993703e-06
77.11431625976577,28.408460617065373,,
77.11431625976577,28.42206208365299,-0.0001297749695368,6.956896413612412e-06
77.11431625976577,28.435663550240605,,0.0001585499412612
77.11431625976577,28.44926501682822,9.619670890970156e-05,-0.0001145523347076
77.11431625976577,28.46286648341584,-1.3226031114754733e-05,-1.5537929357378744e-05
77.11431625976577,28.476467950003453,-0.0003020707517862,
77.11431625976577,28.49006941659107,,
77.11431625976577,28.503670883178685,,
77.11431625976577,28.5172723497663,2.1121644749655388e-05,-0.000157998612849
77.11431625976577,28.53087381635392,0.0006382092251442,5.048039383837022e-05
77.11431625976577,28.544475282941534,-0.0002357941120862,
77.11431625976577,28.55807674952915,-0.0001317720743827,2.432055771350861e-05
77.11431625976577,28.57167821611677,4.278383494238369e-05,
77.11431625976577,28.585279682704385,-9.803619832382536e-06,-0.0007358053117059
77.11431625976577,28.598881149292,,-0.0002443410921841
77.11431625976577,28.61248261587961,9.403933654539288e-05,9.97089737211354e-05
77.11431625976577,28.62608408246723,0.000122848432511,
77.11431625976577,28.63968554905485,-0.0004802246694453,-0.0003161041531711
77.11431625976577,28.653287015642466,,
77.11431625976577,28.66688848223008,6.810956983827055e-05,0.0001567588187754
77.11431625976577,28.68048994881769,-0.0003033079556189,-2.543387608966441e-06
77.11431625976577,28.69409141540531,-0.0843282416462898,0.0005347339319996
77.11431625976577,28.707692881992926,0.0002646944485604,0.0001750484516378
77.11431625976577,28.721294348580543,-0.0003238974895793,
77.11431625976577,28.73489581516816,-0.0001941621303558,
77.11431625976577,28.74849728175577,-0.0004123464168515,0.0003843052254524
77.11431625976577,28.76209874834339,,0.0008107667090371
77.11431625976577,28.775700214931007,7.844981882954016e-05,0.000746271922253
77.11431625976577,28.789301681518623,0.0002251952537335,-0.0001073585808626
77.11431625976577,28.80290314810624,0.0003511277318466,-0.0002423934492981
77.11431625976577,28.81650461469385,2.3343895009020343e-05,
77.11431625976577,28.83010608128147,5.519629485206679e-05,
77.11431625976577,28.843707547869087,7.687965990044177e-05,
77.11431625976577,28.857309014456703,0.0004349591908976,1.1439231457188724e-05
77.11431625976577,28.87091048104432,-0.0002061471896013,0.0002390509907854
77.11431625976577,28.884511947631932,0.0001631558698136,0.0006906717899255
77.12771625976578,28.408460617065373,-4.673850708059035e-05,0.000107018960989
77.12771625976578,28.42206208365299,0.0002290539414389,-0.0003397410619072
77.12771625976578,28.435663550240605,0.0001024753219098,-0.0001766768691595
77.12771625976578,28.44926501682822,0.0006307401927188,0.0002536164829507
77.12771625976578,28.46286648341584,,-0.0001002251592581
77.12771625976578,28.476467950003453,-0.0001225647720275,0.0005282403435558
77.12771625976578,28.49006941659107,,-0.0002220120950369
77.12771625976578,28.503670883178685,-4.950800575898029e-05,1.916439396154601e-05
77.12771625976578,28.5172723497663,-0.000389401538996,0.000101989324321
77.12771625976578,28.53087381635392,,-0.0002811188751365
77.12771625976578,28.544475282941534,9.251415758626536e-05,-2.662698989297496e-06
77.12771625976578,28.55807674952915,0.1386855691671371,4.833655111724511e-05
77.12771625976578,28.57167821611677,0.0002444057026877,
77.12771625976578,28.585279682704385,,
77.12771625976578,28.598881149292,-0.0002341696963412,0.000788735167589
77.12771625976578,28.61248261587961,,
77.12771625976578,28.62608408246723,-0.000284136418486,0.0004615492944139
77.12771625976578,28.63968554905485,0.0002933803480118,0.0001629787002457
77.12771625976578,28.653287015642466,3.145091613987461e-05,6.77753851050511e-05
77.12771625976578,28.66688848223008,-0.0004269858181942,
77.12771625976578,28.68048994881769,0.0003408614720683,-6.326851871563122e-05
77.12771625976578,28.69409141540531,,1.3344188118935564e-05
77.12771625976578,28.707692881992926,-6.490677151305135e-07,0.0003586786624509
77.12771625976578,28.721294348580543,-6.033540557837114e-05,0.0002666700456757
77.12771625976578,28.73489581516816,-0.0002018397208303,0.0004044428642373
77.12771625976578,28.74849728175577,0.0003913446853403,0.0004006529925391
77.12771625976578,28.76209874834339,0.000115550137707,0.0006141701596789
77.12771625976578,28.775700214931007,-0.0007415696163661,0.0011276891455054
77.12771625976578,28.789301681518623,0.0007395049906335,0.0002247426891699
77.12771625976578,28.80290314810624,0.0001783643674571,
77.12771625976578,28.81650461469385,,0.0001946938136825
77.12771625976578,28.83010608128147,-0.0003009852371178,-9.637811308493838e-05
77.12771625976578,28.843707547869087,0.0002968899789266,-0.0001174755379906
77.12771625976578,28.857309014456703,2.8030250177835118e-05,0.0006473076646216
77.12771625976578,28.87091048104432,0.0003159418993163,-1.4000051123730373e-05
77.12771625976578,28.884511947631932,0.0001724648318486,0.0002220069000031
77.14111625976578,28.408460617065373,0.0005832681199535,
77.14111625976578,28.42206208365299,-0.0002458789967931,-7.206650479929522e-05
77.14111625976578,28.435663550240605,0.0007762138848192,-3.3292394618911203e-06
77.14111625976578,28.44926501682822,,-0.0006478015566244
77.14111625976578,28.46286648341584,0.000168759128428,-7.542675302829593e-05
77.14111625976578,28.476467950003453,-4.949533104081638e-05,0.0003378887486178
77.14111625976578,28.49006941659107,-0.0002184314798796,0.0002465681172907
77.14111625976578,28.503670883178685,-0.0004175027715973,-0.0002140044380212
77.14111625976578,28.5172723497663,0.0005413875333033,
77.14111625976578,28.53087381635392,2.8575615942827423e-05,-0.0004475348687265
77.14111625976578,28.544475282941534,,0.0005555250681936
77.14111625976578,28.55807674952915,0.0007937996997497,0.0003401022113393
77.14111625976578,28.57167821611677,0.0001928480924107,0.0002451290492899
77.14111625976578,28.585279682704385,0.0001943663373822,-4.515196906140773e-06
77.14111625976578,28.598881149292,4.616647129296325e-05,
77.14111625976578,28.61248261587961,-6.278951332205907e-05,0.0002116620453307
77.14111625976578,28.62608408246723,,
77.14111625976578,28.63968554905485,,0.0001504114625276
77.14111625976578,28.653287015642466,,-3.177018152200617e-05
77.14111625976578,28.66688848223008,8.85307053977158e-06,
77.14111625976578,28.68048994881769,0.0004227858153171,8.581260044593364e-05
77.14111625976578,28.69409141540531,-0.0003600748605094,0.0002475895744282
77.14111625976578,28.707692881992926,,0.0006551420083269
77.14111625976578,28.721294348580543,-0.0001487983972765,0.0007292030495591
77.14111625976578,28.73489581516816,,
77.14111625976578,28.74849728175577,-0.0002098534168908,0.0005311067798174
77.14111625976578,28.76209874834339,2.613552896946203e-05,3.763451968552545e-05
77.14111625976578,28.775700214931007,,0.0003797304525505
77.14111625976578,28.789301681518623,6.814153312006965e-05,
77.14111625976578,28.80290314810624,0.0527932941913604,9.432994556846096e-05
77.14111625976578,28.81650461469385,,0.0005259634926915
77.14111625976578,28.83010608128147,0.0001742589811328,-0.0002114182570949
77.14111625976578,28.843707547869087,-0.0001347090583294,-0.0001923934323713
77.14111625976578,28.857309014456703,1.2605025403900072e-05,4.16374095948413e-05
77.14111625976578,28.87091048104432,-0.0002927643363364,0.0003211985458619
77.14111625976578,28.884511947631932,0.0002995312970597,-0.0003565229708328
77.15451625976578,28.408460617065373,-0.0011510864133015,0.0007646707235835
77.15451625976578,28.42206208365299,,
77.15451625976578,28.435663550240605,,0.0001741302694426
77.15451625976578,28.44926501682822,,0.0004550961311906
77.15451625976578,28.46286648341584,-0.0004744512843899,0.0003604930825531
77.15451625976578,28.476467950003453,,0.0005695248255506
77.15451625976578,28.49006941659107,-0.0002581667213235,
77.15451625976578,28.503670883178685,0.0002777244080789,
77.15451625976578,28.5172723497663,,
77.15451625976578,28.53087381635392,-1.550873821543064e-05,5.213433178141713e-05
77.15451625976578,28.544475282941534,,0.0009344692807644
77.15451625976578,28.55807674952915,4.489201273827348e-06,
77.15451625976578,28.57167821611677,,-8.41848086565733e-05
77.15451625976578,28.585279682704385,-0.0002511282800696,0.0004383228369988
77.15451625976578,28.598881149292,0.0003532767004799,
77.15451625976578,28.61248261587961,-0.0001101646703318,-1.004708155960543e-05
77.15451625976578,28.62608408246723,-0.0003450980293564,-3.988082244177349e-05
77.15451625976578,28.63968554905485,0.000187858910067,
77.15451625976578,28.653287015642466,0.0006890377262607,0.0003551829140633
77.15451625976578,28.66688848223008,-0.000112634137622,4.82567265862599e-05
77.15451625976578,28.68048994881769,,0.0001725716865621
77.15451625976578,28.69409141540531,6.349199247779325e-05,-0.0001992035104194
77.15451625976578,28.707692881992926,,7.515317702200264e-05
77.15451625976578,28.721294348580543,0.0003506291250232,-0.0001168692324426
77.15451625976578,28.73489581516816,-0.0001778943405952,-0.0001006870807032
77.15451625976578,28.74849728175577,-0.0005187717615626,-0.0001503862731624
77.15451625976578,28.76209874834339,0.0004259466659277,
77.15451625976578,28.775700214931007,0.0439256355166435,
77.15451625976578,28.789301681518623,,-0.000210477024666
77.15451625976578,28.80290314810624,-0.0003419312706682,8.970267663244158e-05
77.15451625976578,28.81650461469385,,0.0002559637941885
77.15451625976578,28.83010608128147,-0.0001209373658639,-0.0002069491747533
77.15451625976578,28.843707547869087,-0.0002847978903446,-0.0002604385081212
77.15451625976578,28.857309014456703,,0.000278865249129
77.15451625976578,28.87091048104432,,-2.424375088594388e-05
77.15451625976578,28.884511947631932,5.831250746268779e-05,-0.0001057549889083
77.16791625976579,28.408460617065373,-6.086112080083694e-06,-5.4462077969219536e-05
77.16791625976579,28.42206208365299,,-7.486266986234114e-05
77.16791625976579,28.435663550240605,0.000142118500662,
77.16791625976579,28.44926501682822,,
77.16791625976579,28.46286648341584,,0.0001931793085532
77.16791625976579,28.476467950003453,1.5239696949720384e-05,-9.185768431052566e-05
77.16791625976579,28.49006941659107,,0.0004941746010445
77.16791625976579,28.503670883178685,0.0004820825415663,
77.16791625976579,28.5172723497663,-4.55022272944916e-05,0.0002095747622661
77.16791625976579,28.53087381635392,-0.0002558588457759,0.0002990600187331
77.16791625976579,28.544475282941534,,0.0002609802759252
77.16791625976579,28.55807674952915,-3.153754005325027e-05,0.0001485366519773
77.16791625976579,28.57167821611677,-0.0001940369838848,
77.16791625976579,28.585279682704385,-8.71810843818821e-05,8.142751175910234e-05
77.16791625976579,28.598881149292,0.0004401537007652,0.0003544092178344
77.16791625976579,28.61248261587961,-1.739343315421138e-05,-0.0001424787769792
77.16791625976579,28.62608408246723,,0.000300993269775
77.16791625976579,28.63968554905485,,0.000319196464261
77.16791625976579,28.653287015642466,-0.0006510288803838,-2.1639069018419832e-05
77.16791625976579,28.66688848223008,-7.239729893626645e-05,
77.16791625976579,28.68048994881769,,1.1461671419965567e-05
77.16791625976579,28.69409141540531,0.0002432314213365,-0.0001453598379157
77.16791625976579,28.707692881992926,0.0001596684887772,0.0003108993405476
77.16791625976579,28.721294348580543,,
77.16791625976579,28.73489581516816,,4.810407699551433e-05
77.16791625976579,28.74849728175577,-0.0008313499274663,-0.0001790387323126
77.16791625976579,28.76209874834339,,0.0006173092406243
77.16791625976579,28.775700214931007,0.0001264228631043,-0.0001822364574763
77.16791625976579,28.789301681518623,-2.4314515030710027e-05,-0.0003563162172213
77.16791625976579,28.80290314810624,-9.817342652240768e-05,-0.0001945173862623
77.16791625976579,28.81650461469385,,-0.0006382944993674
77.16791625976579,28.83010608128147,0.0005234208656474,
77.16791625976579,28.843707547869087,0.000169443534105,0.0003979722678195
77.16791625976579,28.857309014456703,0.0003887249913532,0.0002216532302554
77.16791625976579,28.87091048104432,0.0002188438666053,0.0006910926895216
77.16791625976579,28.884511947631932,,-0.0001243250007973
77.1813162597658,28.408460617065373,,9.455343388253824e-05
77.1813162597658,28.42206208365299,0.0001950246514752,0.0003470911760814
77.1813162597658,28.435663550240605,2.4100965674733743e-05,0.0003332296328153
77.1813162597658,28.44926501682822,0.0002642160106915,
77.1813162597658,28.46286648341584,0.0002701155026443,-4.526764314505272e-06
77.1813162597658,28.476467950003453,-1.0100495728693204e-06,-0.0002074893709504
77.1813162597658,28.49006941659107,,-9.897782729240134e-05
77.1813162597658,28.503670883178685,,0.0001412557903677
77.1813162597658,28.5172723497663,,-0.000141742901178
77.1813162597658,28.53087381635392,0.0008405809639953,
77.1813162597658,28.544475282941534,-0.0001629989710636,-6.900918378960341e-05
77.1813162597658,28.55807674952915,,
77.1813162597658,28.57167821611677,,0.0002843454421963
77.1813162597658,28.585279682704385,0.0007857416057959,0.0001925184042192
77.1813162597658,28.598881149292,0.0004389197274576,-0.0005390333826653
77.1813162597658,28.61248261587961,,0.0001553648180561
77.1813162597658,28.62608408246723,0.0003816012758761,-7.764558176859282e-06
77.1813162597658,28.63968554905485,0.0002510341873858,0.0003876775735989
77.1813162597658,28.653287015642466,,-0.0007182483095675
77.1813162597658,28.66688848223008,0.0001895892055472,-0.0004896691534668
77.1813162597658,28.68048994881769,,-0.00015293857723
77.1813162597658,28.69409141540531,-0.000146915204823,0.000574622536078
77.1813162597658,28.707692881992926,4.394177449285053e-05,-4.665007509174757e-05
77.1813162597658,28.721294348580543,0.0001359466696158,-9.735562343848868e-05
77.1813162597658,28.73489581516816,-0.0007215351215563,-0.0002934029616881
77.1813162597658,28.74849728175577,0.0004675599921029,-2.1696519979741424e-05
77.1813162597658,28.76209874834339,,-0.000237990898313
77.1813162597658,28.775700214931007,-9.291238143305236e-07,
77.1813162597658,28.789301681518623,0.0001907279656734,0.0009694237378425
77.1813162597658,28.80290314810624,0.000109088330646,-0.0002387107233516
77.1813162597658,28.81650461469385,,-0.0004750712250825
77.1813162597658,28.83010608128147,0.0001774457196006,0.0001164371496997
77.1813162597658,28.843707547869087,,4.944925967720337e-05
77.1813162597658,28.857309014456703,8.574192906962708e-05,0.0001325302000623
77.1813162597658,28.87091048104432,0.0002949496847577,0.0005364361568354
77.1813162597658,28.884511947631932,-0.0003115988220088,0.0002799325156956
77.1947162597658,28.408460617065373,-3.836172982119024e-05,9.410073835169896e-05
77.1947162597658,28.42206208365299,7.6745373007725e-06,-0.0001172477932414
77.1947162597658,28.435663550240605,0.0003803943400271,-0.0001706649200059
77.1947162597658,28.44926501682822,0.0004271372163202,0.0003518917947076
77.1947162597658,28.46286648341584,6.42434461042285e-05,-5.868861262570135e-05
77.1947162597658,28.476467950003453,-4.482642179937102e-05,0.0001386450749123
77.1947162597658,28.49006941659107,-0.0001577822986291,0.0003056412970181
77.1947162597658,28.503670883178685,,
77.1947162597658,28.5172723497663,,-0.0002927114255726
77.1947162597658,28.53087381635392,-0.0002103674778481,-0.0002596822450868
77.1947162597658,28.544475282941534,,-0.0001487896515754
77.1947162597658,28.55807674952915,0.0001938903733389,
77.1947162597658,28.57167821611677,-0.0001417833700543,
77.1947162597658,28.585279682704385,,
77.1947162597658,28.598881149292,0.0002521892602089,-9.826743189478292e-05
77.1947162597658,28.61248261587961,0.0004220302798785,
77.1947162597658,28.62608408246723,,-1.4409637515200302e-05
77.1947162597658,28.63968554905485,0.000166495097801,0.0003629266866482
77.1947162597658,28.653287015642466,0.0004305613692849,
77.1947162597658,28.66688848223008,-0.0002745022356975,-0.0002644190681166
77.1947162597658,28.68048994881769,5.815263648401015e-05,9.544681233819574e-05
77.1947162597658,28.69409141540531,0.0007284783059731,
77.1947162597658,28.707692881992926,,2.61687036982039e-05
77.1947162597658,28.721294348580543,0.0002984770981129,-6.315700011327863e-05
77.1947162597658,28.73489581516816,-0.000491208396852,0.0002746867830865
77.1947162597658,28.74849728175577,-0.00013426366786,
77.1947162597658,28.76209874834339,,-0.0019343573367223
77.1947162597658,28.775700214931007,-3.3755255572032183e-05,-7.885332161094993e-05
77.1947162597658,28.789301681518623,0.0001167500959127,0.0001616453810129
77.1947162597658,28.80290314810624,,
77.1947162597658,28.81650461469385,0.0008279416360892,9.73916976363398e-05
77.1947162597658,28.83010608128147,0.0001508363493485,-0.0001773044641595
77.1947162597658,28.843707547869087,,-0.00020273582777
77.1947162597658,28.857309014456703,0.001669097226113,0.000260577420704
77.1947162597658,28.87091048104432,,
77.1947162597658,28.884511947631932,0.000286119262455,
77.2081162597658,28.408460617065373,,
77.2081162597658,28.42206208365299,0.0005104788579046,0.0006408367189578
77.2081162597658,28.435663550240605,-0.0001049972124747,-2.262439920741599e-05
77.2081162597658,28.44926501682822,-0.000223397888476,0.0002524635056033
77.2081162597658,28.46286648341584,9.840973507380112e-05,-0.0002185803605243
77.2081162597658,28.476467950003453,-0.0004045446112286,
77.2081162597658,28.49006941659107,-0.0001317720743827,
77.2081162597658,28.503670883178685,,
77.2081162597658,28.5172723497663,6.484556070063263e-05,-0.0002580015861894
77.2081162597658,28.53087381635392,0.0003640876093413,-1.904689997900277e-05
77.2081162597658,28.544475282941534,,8.173487731255591e-05
77.2081162597658,28.55807674952915,,-5.926966332481243e-05
77.2081162597658,28.57167821611677,-8.016629726625979e-05,0.0006507674697786
77.2081162597658,28.585279682704385,,0.0004529372090473
77.2081162597658,28.598881149292,-8.591736695962027e-05,-9.335110371466726e-05
77.2081162597658,28.61248261587961,,0.0007618733798153
77.2081162597658,28.62608408246723,0.0002575615071691,-0.001200160710141
77.2081162597658,28.63968554905485,0.0019570551812648,
77.2081162597658,28.653287015642466,0.0001752998505253,
77.2081162597658,28.66688848223008,-0.0001834071154007,-0.0001489284186391
77.2081162597658,28.68048994881769,0.0001596684887772,-0.0001949700526893
77.2081162597658,28.69409141540531,,5.475364741869271e-05
77.2081162597658,28.707692881992926,0.0003978612658102,4.056518810102716e-05
77.2081162597658,28.721294348580543,,
77.2081162597658,28.73489581516816,-1.6944091839832254e-05,-0.0003974093415308
77.2081162597658,28.74849728175577,,7.8413519077003e-05
77.2081162597658,28.76209874834339,0.0003899825096596,
77.2081162597658,28.775700214931007,,-9.164027869701384e-05
77.2081162597658,28.789301681518623,0.0006483601173385,-4.826374060939997e-05
77.2081162597658,28.80290314810624,,-0.0002475911460351
77.2081162597658,28.81650461469385,5.716485611628741e-05,
77.2081162597658,28.83010608128147,,
77.2081162597658,28.843707547869087,0.0003645304532255,0.0003662592207547
77.2081162597658,28.857309014456703,4.086259286850691e-05,0.0003329514875076
77.2081162597658,28.87091048104432,-0.0001132327306549,1.4844384168100078e-05
77.2081162597658,28.884511947631932,2.138240961357951e-05,1.6722789951018058e-05
77.2215162597658,28.408460617065373,-0.0003869997453875,-0.0002782324736472
77.2215162597658,28.42206208365299,0.0008718170574866,0.0012132710544392
77.2215162597658,28.435663550240605,,0.0002019880630541
77.2215162597658,28.44926501682822,,-0.0003301625256426
77.2215162597658,28.46286648341584,-5.99740378675051e-05,-0.000143294542795
77.2215162597658,28.476467950003453,9.251415758626536e-05,-0.0001382224436383
77.2215162597658,28.49006941659107,6.446662882808596e-05,-6.645590474363416e-05
77.2215162597658,28.503670883178685,-2.751367173914332e-05,
77.2215162597658,28.5172723497663,-0.0113147180527448,
77.2215162597658,28.53087381635392,,
77.2215162597658,28.544475282941534,0.000475620268844,0.0003704456030391
77.2215162597658,28.55807674952915,-0.0004802246694453,8.821319352136925e-05
77.2215162597658,28.57167821611677,,0.0004087447887286
77.2215162597658,28.585279682704385,-0.0003348182071931,-0.0014172293012961
77.2215162597658,28.598881149292,0.0005214334814809,8.968050678959116e-05
77.2215162597658,28.61248261587961,0.0001966154086403,
77.2215162597658,28.62608408246723,-0.0001951924205059,
77.2215162597658,28.63968554905485,0.0001058064444805,0.0003493348194751
77.2215162597658,28.653287015642466,-8.116547542158514e-05,-0.0004547974094748
77.2215162597658,28.66688848223008,0.0004529828147497,
77.2215162597658,28.68048994881769,-0.0004738817515317,-4.665007509174757e-05
77.2215162597658,28.69409141540531,,-0.000181678275112
77.2215162597658,28.707692881992926,,0.0004698979901149
77.2215162597658,28.721294348580543,,0.0003964045026805
77.2215162597658,28.73489581516816,,0.000112024237751
77.2215162597658,28.74849728175577,,-0.0012361505068838
77.2215162597658,28.76209874834339,,8.394053293159232e-05
77.2215162597658,28.775700214931007,0.0001866953389253,
77.2215162597658,28.789301681518623,-0.001080508925952,
77.2215162597658,28.80290314810624,0.0001411733246641,0.0003678684006445
77.2215162597658,28.81650461469385,,
77.2215162597658,28.83010608128147,-0.0003095295687671,
77.2215162597658,28.843707547869087,,0.0008260566391982
77.2215162597658,28.857309014456703,0.0001052007646649,-0.0003550991823431
77.2215162597658,28.87091048104432,,-0.0001233584625879
77.2215162597658,28.884511947631932,-0.0001673147489782,-9.590353874955326e-05
77.23491625976581,28.408460617065373,-0.0003847497573588,
77.23491625976581,28.42206208365299,,-2.629465416248422e-05
77.23491625976581,28.435663550240605,-2.570185824879445e-05,0.0008427393040619
77.23491625976581,28.44926501682822,-0.0002592698147054,0.001600568764843
77.23491625976581,28.46286648341584,-0.0002354409662075,-9.68422828009352e-05
77.23491625976581,28.476467950003453,0.0001438297040294,7.030060260149185e-06
77.23491625976581,28.49006941659107,-6.474483234342188e-05,0.0003976868174504
77.23491625976581,28.503670883178685,-3.581249620765448e-05,-0.0001088367716874
77.23491625976581,28.5172723497663,0.0004097603959962,-3.5967546864412725e-05
77.23491625976581,28.53087381635392,8.757803152548149e-05,
77.23491625976581,28.544475282941534,0.0002276681188959,-4.19668504036963e-06
77.23491625976581,28.55807674952915,-0.0006809405167587,-9.507130016572772e-05
77.23491625976581,28.57167821611677,-0.0002623086038511,6.426191976061091e-05
77.23491625976581,28.585279682704385,0.000170949351741,-7.620350288561895e-07
77.23491625976581,28.598881149292,,-0.0002821283414959
77.23491625976581,28.61248261587961,-0.0007786385249346,0.0005866823485121
77.23491625976581,28.62608408246723,0.0001895892055472,2.6424775569466877e-05
77.23491625976581,28.63968554905485,-0.0001511360605945,
77.23491625976581,28.653287015642466,-0.0001700372085906,
77.23491625976581,28.66688848223008,-0.030975854024291,-0.0001453988661523
77.23491625976581,28.68048994881769,-0.0006015733233653,-0.0007630852051079
77.23491625976581,28.69409141540531,,-6.904553174535977e-06
77.23491625976581,28.707692881992926,-0.0001189389149658,0.0001300004514632
77.23491625976581,28.721294348580543,-0.0003245929547119,-0.0001677065738476
77.23491625976581,28.73489581516816,-0.0003920246381312,-0.0002278855681652
77.23491625976581,28.74849728175577,-0.0001100557492463,-0.0008013997576199
77.23491625976581,28.76209874834339,0.0002495400258339,0.0005760876229032
77.23491625976581,28.775700214931007,0.0001907784753711,
77.23491625976581,28.789301681518623,,-6.177376781124622e-05
77.23491625976581,28.80290314810624,,-1.7599089915165678e-05
77.23491625976581,28.81650461469385,0.0001826091174734,
77.23491625976581,28.83010608128147,2.5969511625589803e-05,
77.23491625976581,28.843707547869087,-0.0002209249796578,9.587110980646683e-05
77.23491625976581,28.857309014456703,-0.0001905583631014,-0.0007648273021914
77.23491625976581,28.87091048104432,-8.752015855861828e-05,0.0004923966480419
77.23491625976581,28.884511947631932,,-6.147148815216497e-05
77.24831625976582,28.408460617065373,,0.0005282403435558
77.24831625976582,28.42206208365299,,0.0002352755545871
77.24831625976582,28.435663550240605,,-0.0003649853460956
77.24831625976582,28.44926501682822,-0.0001956648338818,
77.24831625976582,28.46286648341584,-0.000122855475638,0.0001863677462097
77.24831625976582,28.476467950003453,-0.0002540603745728,0.0001428937976015
77.24831625976582,28.49006941659107,0.0004400884208735,0.0007250981871038
77.24831625976582,28.503670883178685,0.0001450647687306,
77.24831625976582,28.5172723497663,-0.0004264764138497,
77.24831625976582,28.53087381635392,-1.3121377378411124e-05,
77.24831625976582,28.544475282941534,0.0005106588941998,-0.0002736376191023
77.24831625976582,28.55807674952915,,
77.24831625976582,28.57167821611677,-0.0010323097230866,0.0001878473558463
77.24831625976582,28.585279682704385,0.0003332929045427,-3.35548902512528e-05
77.24831625976582,28.598881149292,,
77.24831625976582,28.61248261587961,,-0.0001434000150766
77.24831625976582,28.62608408246723,-7.321759039768949e-05,-8.600825094617903e-05
77.24831625976582,28.63968554905485,5.815263648401015e-05,-0.0001453598379157
77.24831625976582,28.653287015642466,-0.0003741013060789,0.000574622536078
77.24831625976582,28.66688848223008,0.000226959658903,0.0003047176287509
77.24831625976582,28.68048994881769,0.0002216823631897,
77.24831625976582,28.69409141540531,0.0002060549595626,0.0004255474486853
77.24831625976582,28.707692881992926,-6.138365279184654e-05,0.0002862327673938
77.24831625976582,28.721294348580543,,0.0001087175551219
77.24831625976582,28.73489581516816,-0.0010239428374916,
77.24831625976582,28.74849728175577,-0.0003359768015798,-8.400589285884053e-05
77.24831625976582,28.76209874834339,8.156370313372463e-06,0.0003004054888151
77.24831625976582,28.775700214931007,-0.0004364819906186,
77.24831625976582,28.789301681518623,,
77.24831625976582,28.80290314810624,0.0005003720289096,8.92954776645638e-05
77.24831625976582,28.81650461469385,,-0.0001887347752926
77.24831625976582,28.83010608128147,-0.0002414521004538,-0.0007098151254467
77.24831625976582,28.843707547869087,0.0001384224015055,0.0004989273729734
77.24831625976582,28.857309014456703,-1.621388946659863e-05,0.0003219527716282
77.24831625976582,28.87091048104432,0.0001705886388663,
77.24831625976582,28.884511947631932,6.821285751357209e-06,-0.0001185644578072
77.26171625976582,28.408460617065373,,0.0002551599754951
77.26171625976582,28.42206208365299,-0.0011001189704984,
77.26171625976582,28.435663550240605,-0.0003869171778205,5.048039383837022e-05
77.26171625976582,28.44926501682822,,0.0001705304603092
77.26171625976582,28.46286648341584,,
77.26171625976582,28.476467950003453,1.0911609024333302e-05,0.000305643712636
77.26171625976582,28.49006941659107,,
77.26171625976582,28.503670883178685,6.264747207751498e-05,1.1542075299075805e-05
77.26171625976582,28.5172723497663,,-0.0001059458372765
77.26171625976582,28.53087381635392,-0.0001101646703318,0.0004946362460032
77.26171625976582,28.544475282941534,-0.0001870547275757,5.049121227784781e-06
77.26171625976582,28.55807674952915,,0.0003778530226554
77.26171625976582,28.57167821611677,-0.0003233860479667,-0.0002331237483303
77.26171625976582,28.585279682704385,-6.271729216678068e-05,-0.0001018933180603
77.26171625976582,28.598881149292,0.0003530984686221,0.0003410374629311
77.26171625976582,28.61248261587961,1.4155098142509814e-05,0.0001956997002707
77.26171625976582,28.62608408246723,0.0008338961633853,
77.26171625976582,28.63968554905485,-1.2193450857012069e-05,0.0001682168367551
77.26171625976582,28.653287015642466,,-4.665007509174757e-05
77.26171625976582,28.66688848223008,-5.709704419132322e-05,0.0001236331154359
77.26171625976582,28.68048994881769,,-0.0002178668364649
77.26171625976582,28.69409141540531,,-2.636524186527822e-05
77.26171625976582,28.707692881992926,,
77.26171625976582,28.721294348580543,-0.0002373752649873,-8.734205039218068e-06
77.26171625976582,28.73489581516816,0.0003100497706327,
77.26171625976582,28.74849728175577,,-0.0002505956799723
77.26171625976582,28.76209874834339,8.88645627128426e-06,
77.26171625976582,28.775700214931007,,-0.0002283676731167
77.26171625976582,28.789301681518623,-2.797042361635249e-05,
77.26171625976582,28.80290314810624,3.082462353631854e-05,
77.26171625976582,28.81650461469385,,
77.26171625976582,28.83010608128147,0.0005413087783381,-0.0001102765745599
77.26171625976582,28.843707547869087,-1.355767290078802e-05,-6.620278145419434e-05
77.26171625976582,28.857309014456703,-0.0004883531946688,-2.4914763343986124e-05
77.26171625976582,28.87091048104432,-0.0002453527704346,0.0002379325451329
77.26171625976582,28.884511947631932,-0.0001788127701729,-0.0002426849532639
77.27511625976582,28.408460617065373,-0.0001103128888644,0.0001649116165935
77.27511625976582,28.42206208365299,-0.000491885584779,0.0003731173637788
77.27511625976582,28.435663550240605,-0.0003201731888111,-9.68422828009352e-05
77.27511625976582,28.44926501682822,,0.0001400553592247
77.27511625976582,28.46286648341584,2.4491993826814e-05,-6.173041765578091e-05
77.27511625976582,28.476467950003453,5.8892568631563336e-05,-0.0001690178032731
77.27511625976582,28.49006941659107,0.0002155862894142,-0.0002835903724189
77.27511625976582,28.503670883178685,0.000619342259597,-9.825368761084974e-05
77.27511625976582,28.5172723497663,,0.0007320512668229
77.27511625976582,28.53087381635392,6.512283289339393e-05,0.000624987471383
77.27511625976582,28.544475282941534,0.0001467388356104,0.0004444831574801
77.27511625976582,28.55807674952915,-4.606242509908043e-05,0.0002325795503566
77.27511625976582,28.57167821611677,0.0001966154086403,
77.27511625976582,28.585279682704385,-0.0007484243833459,-0.0001539690128993
77.27511625976582,28.598881149292,-2.7323570975568146e-05,0.0002091497299261
77.27511625976582,28.61248261587961,,
77.27511625976582,28.62608408246723,-5.65272566745989e-05,-0.0002062920102616
77.27511625976582,28.63968554905485,-0.000738559407182,0.0004044428642373
77.27511625976582,28.653287015642466,,-0.0001627319870749
77.27511625976582,28.66688848223008,,
77.27511625976582,28.68048994881769,,6.599897460546345e-05
77.27511625976582,28.69409141540531,,4.7853169235168025e-05
77.27511625976582,28.707692881992926,-2.5152467060252093e-05,0.0002959617122542
77.27511625976582,28.721294348580543,,
77.27511625976582,28.73489581516816,-0.0011725240619853,0.0001627804304007
77.27511625976582,28.74849728175577,9.649281128076836e-05,6.725807179464027e-05
77.27511625976582,28.76209874834339,0.0500182099640369,
77.27511625976582,28.775700214931007,8.932782657211646e-05,0.0002211025421274
77.27511625976582,28.789301681518623,,-1.845383735599171e-06
77.27511625976582,28.80290314810624,0.0002640198508743,3.8237492844928056e-05
77.27511625976582,28.81650461469385,-0.0001485948305344,9.152398706646636e-05
77.27511625976582,28.83010608128147,0.0005900557735003,-0.0008095361408777
77.27511625976582,28.843707547869087,-0.0004957117489539,0.0008573102531954
77.27511625976582,28.857309014456703,-0.000654382398352,-0.0003315470239613
77.27511625976582,28.87091048104432,-0.045649766921997,6.284259870881215e-05
77.27511625976582,28.884511947631932,,-0.00036811773316
77.28851625976583,28.408460617065373,-0.0001085400144802,0.0005480008549056
77.28851625976583,28.42206208365299,0.0002216120483353,
77.28851625976583,28.435663550240605,-5.957905523246154e-05,
77.28851625976583,28.44926501682822,-0.0002540603745728,0.0002026120491791
77.28851625976583,28.46286648341584,-0.0002103674778481,
77.28851625976583,28.476467950003453,,
77.28851625976583,28.49006941659107,-0.0001742621388984,-0.0003142818459309
77.28851625976583,28.503670883178685,1.0756157280411571e-05,1.2280982446100095e-05
77.28851625976583,28.5172723497663,,-0.0002038216189248
77.28851625976583,28.53087381635392,-0.0002479509275872,-0.0002922973653767
77.28851625976583,28.544475282941534,0.0001780836173566,
77.28851625976583,28.55807674952915,0.0004581147222779,
77.28851625976583,28.57167821611677,0.0003356118977535,
77.28851625976583,28.585279682704385,,-0.0005623992183245
77.28851625976583,28.598881149292,0.0001346263452433,0.0001271795335924
77.28851625976583,28.61248261587961,-5.0298342102905735e-05,-0.0001453598379157
77.28851625976583,28.62608408246723,2.830979065038264e-05,0.0001594341883901
77.28851625976583,28.63968554905485,-5.281959602143616e-05,
77.28851625976583,28.653287015642466,2.613552896946203e-05,0.000628178473562
77.28851625976583,28.66688848223008,9.695428161649032e-05,0.0005081717390567
77.28851625976583,28.68048994881769,-0.0002749473496805,-0.0001296518748858
77.28851625976583,28.69409141540531,,0.0001355824060738
77.28851625976583,28.707692881992926,-0.0020649619400501,0.0001310309016844
77.28851625976583,28.721294348580543,,-8.253250416601077e-05
77.28851625976583,28.73489581516816,0.0003296591166872,3.999434557044879e-05
77.28851625976583,28.74849728175577,-0.0002209443191532,-0.0001613279018783
77.28851625976583,28.76209874834339,-0.0002589028445072,-0.0002348598791286
77.28851625976583,28.775700214931007,-9.733068145578728e-05,-0.0002834106853697
77.28851625976583,28.789301681518623,0.0003004690515808,4.194921348243952e-05
77.28851625976583,28.80290314810624,0.0001927432604134,-0.0001405720395268
77.28851625976583,28.81650461469385,-0.0001277624251088,
77.28851625976583,28.83010608128147,,
77.28851625976583,28.843707547869087,2.3628072085557505e-05,-0.0004027174436487
77.28851625976583,28.857309014456703,,0.0003666195552796
77.28851625976583,28.87091048104432,8.14616032585036e-06,
77.28851625976583,28.884511947631932,,-0.0003760353720281
77.30191625976583,28.408460617065373,,-0.0002950840862467
77.30191625976583,28.42206208365299,-0.0001317720743827,-0.0002025463472818
77.30191625976583,28.435663550240605,,
77.30191625976583,28.44926501682822,0.0002824378025252,
77.30191625976583,28.46286648341584,-0.0002368577406741,
77.30191625976583,28.476467950003453,3.176031168550253e-05,0.0004377129371277
77.30191625976583,28.49006941659107,-0.0002941243292298,0.0001339255977654
77.30191625976583,28.503670883178685,-0.0001770693343132,
77.30191625976583,28.5172723497663,-0.0003192122094333,
77.30191625976583,28.53087381635392,-0.0001175863581011,-5.6878405302995816e-05
77.30191625976583,28.544475282941534,,-3.527404260239564e-05
77.30191625976583,28.55807674952915,-6.288266740739346e-05,-3.986559750046581e-05
77.30191625976583,28.57167821611677,,5.464508376462618e-06
77.30191625976583,28.585279682704385,6.349199247779325e-05,
77.30191625976583,28.598881149292,5.815263648401015e-05,
77.30191625976583,28.61248261587961,,-0.0003202685620635
77.30191625976583,28.62608408246723,-0.0003186315007042,-0.0001168692324426
77.30191625976583,28.63968554905485,-0.0009508904186077,-0.0001904703967738
77.30191625976583,28.653287015642466,,-3.689300910991733e-06
77.30191625976583,28.66688848223008,1.3816046703141184e-05,
77.30191625976583,28.68048994881769,-0.0001937639608513,0.0003509997040964
77.30191625976583,28.69409141540531,-0.0005063955322839,0.0005126085015945
77.30191625976583,28.707692881992926,,
77.30191625976583,28.721294348580543,-4.823291965294629e-05,-9.22752296901308e-05
77.30191625976583,28.73489581516816,-1.6035570297390223e-05,0.0003470740921329
77.30191625976583,28.74849728175577,-2.0972747734049332e-05,0.0006998689495958
77.30191625976583,28.76209874834339,,-9.325071005150676e-05
77.30191625976583,28.775700214931007,,0.0002746729005593
77.30191625976583,28.789301681518623,,-9.740525274537504e-05
77.30191625976583,28.80290314810624,,0.0001795557909645
77.30191625976583,28.81650461469385,-0.0169672891497612,8.176814299076796e-05
77.30191625976583,28.83010608128147,,0.0002212683757534
77.30191625976583,28.843707547869087,,-0.0006899769068695
77.30191625976583,28.857309014456703,-4.4274715037317947e-05,
77.30191625976583,28.87091048104432,-0.0001210780901601,
77.30191625976583,28.884511947631932,-5.057523958384991e-05,-0.0001223621366079
77.31531625976584,28.408460617065373,,-9.68422828009352e-05
77.31531625976584,28.42206208365299,-0.0001870176492957,5.761090505984612e-05
77.31531625976584,28.435663550240605,-0.0006197023321874,-4.14049718528986e-05
77.31531625976584,28.44926501682822,0.000607008812949,0.0005911563639529
77.31531625976584,28.46286648341584,-0.0002116668765665,1.8873428416554816e-05
77.31531625976584,28.476467950003453,-0.0019000616157427,-0.0002678721793927
77.31531625976584,28.49006941659107,-6.401786959031597e-05,
77.31531625976584,28.503670883178685,-0.0001319255097769,
77.31531625976584,28.5172723497663,,-6.36212425888516e-05
77.31531625976584,28.53087381635392,7.168993761297315e-05,-0.0008094216464087
77.31531625976584,28.544475282941534,-0.0001875190937425,0.0002257284941151
77.31531625976584,28.55807674952915,0.0002212376130046,5.8293564507039264e-05
77.31531625976584,28.57167821611677,-0.000576025864575,-0.0001110378943849
77.31531625976584,28.585279682704385,,-0.0001543859252706
77.31531625976584,28.598881149292,,0.0002988514024764
77.31531625976584,28.61248261587961,,9.769626922206952e-05
77.31531625976584,28.62608408246723,-0.0003367863537278,0.0002502662828192
77.31531625976584,28.63968554905485,-0.0001325808552792,-0.000264376605628
77.31531625976584,28.653287015642466,-0.0005965327145531,
77.31531625976584,28.66688848223008,,5.556312316912226e-05
77.31531625976584,28.68048994881769,,
77.31531625976584,28.69409141540531,-0.0002853828773368,-8.424201951129362e-05
77.31531625976584,28.707692881992926,-0.0005776252364739,-0.0003532825503498
77.31531625976584,28.721294348580543,,0.0001517042983323
77.31531625976584,28.73489581516816,-0.0001854446163633,-8.454529165646818e-07
77.31531625976584,28.74849728175577,-7.866384294175077e-06,0.0002402831305516
77.31531625976584,28.76209874834339,0.0002470321487635,8.232235995819792e-05
77.31531625976584,28.775700214931007,3.994123471784405e-05,-0.0004067466361448
77.31531625976584,28.789301681518623,-0.0002277094463352,
77.31531625976584,28.80290314810624,7.594435737701133e-05,-0.0001443237124476
77.31531625976584,28.81650461469385,-0.0001365989592159,
77.31531625976584,28.83010608128147,0.0001654137740842,3.159725747536868e-05
77.31531625976584,28.843707547869087,,0.0004214606015011
77.31531625976584,28.857309014456703,0.0016353584360331,
77.31531625976584,28.87091048104432,-6.859717541374266e-05,-0.0003443659807089
77.31531625976584,28.884511947631932,,0.0001734196703182
77.32871625976584,28.408460617065373,-0.000577175640501,-0.001463386695832
77.32871625976584,28.42206208365299,3.465198096819222e-05,0.0001324794138781
77.32871625976584,28.435663550240605,0.0007900103810243,1.743891516525764e-05
77.32871625976584,28.44926501682822,-0.000208352037589,
77.32871625976584,28.46286648341584,4.117381467949599e-05,-0.0003405023890081
77.32871625976584,28.476467950003453,,
77.32871625976584,28.49006941659107,,0.0005226066568866
77.32871625976584,28.503670883178685,6.790534712308727e-07,0.0006014132522977
77.32871625976584,28.5172723497663,,0.000202039751457
77.32871625976584,28.53087381635392,0.0001966154086403,4.778329093824141e-05
77.32871625976584,28.544475282941534,0.0002330558781977,0.0004555719788186
77.32871625976584,28.55807674952915,0.0003377329267095,0.0002939097757916
77.32871625976584,28.57167821611677,1.0506168109714054e-05,
77.32871625976584,28.585279682704385,-0.0001700372085906,0.0003618672490119
77.32871625976584,28.598881149292,-0.0001147719885921,0.0001871939894044
77.32871625976584,28.61248261587961,1.3086715625831856e-05,-4.786462159245275e-05
77.32871625976584,28.62608408246723,0.0004653978103306,
77.32871625976584,28.63968554905485,0.0003376556560397,
77.32871625976584,28.653287015642466,,-0.0001855824521044
77.32871625976584,28.66688848223008,-2.5152467060252093e-05,0.0006602962384931
77.32871625976584,28.68048994881769,0.0001571255852468,0.0001884753437479
77.32871625976584,28.69409141540531,-9.887688793241978e-05,0.0004394134157337
77.32871625976584,28.707692881992926,-0.0001294419198529,0.0008680941537022
77.32871625976584,28.721294348580543,0.0001276594557566,
77.32871625976584,28.73489581516816,-0.0008591037476435,9.20621314435266e-05
77.32871625976584,28.74849728175577,-0.0002277880703331,8.92954776645638e-05
77.32871625976584,28.76209874834339,,-0.0003565229708328
77.32871625976584,28.775700214931007,3.6761382943950593e-05,0.0006793173961341
77.32871625976584,28.789301681518623,,0.0005071347695775
77.32871625976584,28.80290314810624,0.00019006455841,0.0005897188093513
77.32871625976584,28.81650461469385,-0.0002454208442941,0.000591074291151
77.32871625976584,28.83010608128147,0.0011683527845889,0.0005661508766934
77.32871625976584,28.843707547869087,0.0002313434088137,0.0001805878418963
77.32871625976584,28.857309014456703,0.0001158473751274,0.0001312520180363
77.32871625976584,28.87091048104432,-2.9046708732494156e-05,-4.678010373027064e-05
77.32871625976584,28.884511947631932,-2.2158266801852733e-05,0.0008945565205067
