longitude,latitude,Hcho_value(mol/m^2)
74.0543060302735,11.574480056762807,-6.772211054340005e-05
74.0543060302735,11.714901281862954,0.00010093238233821467
74.0543060302735,11.855322506963098,-9.12459654500708e-05
74.0543060302735,11.99574373206324,0.0001713698438834399
74.0543060302735,12.136164957163386,-0.00021500546426977962
74.0543060302735,12.27658618226353,-4.8277463065460324e-05
74.0543060302735,12.417007407363675,1.2798511306755245e-05
74.0543060302735,12.55742863246382,8.327029718202539e-06
74.0543060302735,12.697849857563964,5.384305040934123e-05
74.0543060302735,12.838271082664107,0.00010968583228532225
74.0543060302735,12.978692307764252,-2.6396639441372827e-05
74.0543060302735,13.119113532864397,0.0002520851558074355
74.0543060302735,13.25953475796454,0.00022011285182088614
74.0543060302735,13.399955983064684,0.0002085854357574135
74.0543060302735,13.540377208164829,1.534542207082268e-05
74.0543060302735,13.680798433264972,0.00011276202712906525
74.0543060302735,13.821219658365118,7.981667295098305e-06
74.0543060302735,13.96164088346526,6.120462785474956e-05
74.0543060302735,14.102062108565406,8.851417078403756e-05
74.0543060302735,14.24248333366555,0.00014927974552847445
74.0543060302735,14.382904558765697,0.00025011258549056947
74.0543060302735,14.52332578386584,0.00022866604558657855
74.0543060302735,14.663747008965984,-0.0001098196444218047
74.0543060302735,14.804168234066127,2.899685023294296e-05
74.0543060302735,14.944589459166272,0.00026583572616800666
74.0543060302735,15.085010684266416,0.00010092294542118907
74.0543060302735,15.22543190936656,8.013758815650363e-06
74.0543060302735,15.365853134466704,-0.00020675187988672405
74.0543060302735,15.506274359566849,0.00023927302390802652
74.0543060302735,15.646695584666992,5.030166357755661e-05
74.0543060302735,15.787116809767138,0.00012740374950226396
74.0543060302735,15.927538034867284,-2.1849278709851205e-05
74.0543060302735,16.067959259967427,1.6529025742784142e-05
74.0543060302735,16.208380485067572,6.811397906858474e-05
74.0543060302735,16.348801710167713,5.4967866162769496e-05
74.0543060302735,16.48922293526786,5.088383477414027e-05
74.0543060302735,16.629644160368002,1.6622580005787313e-05
74.0543060302735,16.770065385468147,0.0001531177113065496
74.0543060302735,16.91048661056829,0.00012237373448442668
74.0543060302735,17.050907835668436,0.00018999683379661292
74.0543060302735,17.19132906076858,7.926229591248557e-05
74.0543060302735,17.331750285868726,0.00019881916523445398
74.0543060302735,17.47217151096887,0.0001252705988008529
74.0543060302735,17.612592736069015,0.0003391666687093675
74.0543060302735,17.75301396116916,0.0001764573680702597
74.0543060302735,17.8934351862693,-7.914987691037823e-06
74.0543060302735,18.033856411369445,7.591187750222161e-05
74.0543060302735,18.17427763646959,-9.590631088940427e-05
74.0543060302735,18.31469886156973,-7.771269883960485e-05
74.0543060302735,18.45512008666988,8.180109580280259e-05
74.1943060302735,11.574480056762807,0.00032281599123962224
74.1943060302735,11.714901281862954,0.00019557715859264135
74.1943060302735,11.855322506963098,-3.501650644466281e-05
74.1943060302735,11.99574373206324,0.00017411257431376725
74.1943060302735,12.136164957163386,8.336923201568425e-05
74.1943060302735,12.27658618226353,0.00026470370357856154
74.1943060302735,12.417007407363675,7.255608215928078e-05
74.1943060302735,12.55742863246382,1.605007128091529e-05
74.1943060302735,12.697849857563964,-1.7708807718008757e-05
74.1943060302735,12.838271082664107,-4.451450877240859e-05
74.1943060302735,12.978692307764252,0.00013186741853132844
74.1943060302735,13.119113532864397,0.0001995799975702539
74.1943060302735,13.25953475796454,0.000178017420694232
74.1943060302735,13.399955983064684,6.134651630418375e-05
74.1943060302735,13.540377208164829,5.4210173402680084e-05
74.1943060302735,13.680798433264972,-0.00019034217984881252
74.1943060302735,13.821219658365118,3.7884753965045093e-06
74.1943060302735,13.96164088346526,3.0320490623125806e-05
74.1943060302735,14.102062108565406,0.00026809980045072734
74.1943060302735,14.24248333366555,-2.092518661811482e-05
74.1943060302735,14.382904558765697,-2.138333184120711e-05
74.1943060302735,14.52332578386584,0.00021446036407724023
74.1943060302735,14.663747008965984,7.338371506193653e-05
74.1943060302735,14.804168234066127,-2.2870655811857432e-05
74.1943060302735,14.944589459166272,0.00015495673869736493
74.1943060302735,15.085010684266416,-9.859258716460317e-05
74.1943060302735,15.22543190936656,-2.462715383444447e-05
74.1943060302735,15.365853134466704,0.0002527458418626338
74.1943060302735,15.506274359566849,4.811252074432559e-05
74.1943060302735,15.646695584666992,0.000337837147526443
74.1943060302735,15.787116809767138,-0.00013427904923446476
74.1943060302735,15.927538034867284,-0.00020328334358055145
74.1943060302735,16.067959259967427,8.311253623105586e-05
74.1943060302735,16.208380485067572,-7.873303547967225e-05
74.1943060302735,16.348801710167713,0.00023150534252636135
74.1943060302735,16.48922293526786,0.00018901238217949867
74.1943060302735,16.629644160368002,0.00023551027697976679
74.1943060302735,16.770065385468147,0.0001289464271394536
74.1943060302735,16.91048661056829,0.000154228531755507
74.1943060302735,17.050907835668436,0.00012889689242001623
74.1943060302735,17.19132906076858,6.947996007511392e-05
74.1943060302735,17.331750285868726,0.00011450732563389465
74.1943060302735,17.47217151096887,-4.9683050747262314e-05
74.1943060302735,17.612592736069015,5.303763464326039e-05
74.1943060302735,17.75301396116916,0.00023811250866856426
74.1943060302735,17.8934351862693,-2.8683016353170387e-05
74.1943060302735,18.033856411369445,0.00019359310681466013
74.1943060302735,18.17427763646959,0.0001911764411488548
74.1943060302735,18.31469886156973,0.0003195914614479989
74.1943060302735,18.45512008666988,-0.00015703860844951123
74.3343060302735,11.574480056762807,-1.64076809596736e-05
74.3343060302735,11.714901281862954,5.344178862287663e-05
74.3343060302735,11.855322506963098,0.00019145286933053285
74.3343060302735,11.99574373206324,3.228276182198897e-05
74.3343060302735,12.136164957163386,0.0002646304201334715
74.3343060302735,12.27658618226353,
74.3343060302735,12.417007407363675,-8.27195035526529e-05
74.3343060302735,12.55742863246382,0.0003483522741589695
74.3343060302735,12.697849857563964,7.790244126226753e-05
74.3343060302735,12.838271082664107,-0.00011965395970037207
74.3343060302735,12.978692307764252,0.00022726549650542438
74.3343060302735,13.119113532864397,0.00022717370302416384
74.3343060302735,13.25953475796454,0.00021337118232622743
74.3343060302735,13.399955983064684,0.0002025905851041898
74.3343060302735,13.540377208164829,0.00021623952488880605
74.3343060302735,13.680798433264972,-3.5110140743199736e-05
74.3343060302735,13.821219658365118,0.00010290663340128958
74.3343060302735,13.96164088346526,-0.0001377383159706369
74.3343060302735,14.102062108565406,-0.0002047807356575504
74.3343060302735,14.24248333366555,0.0001987057039514184
74.3343060302735,14.382904558765697,-2.3772643544361927e-05
74.3343060302735,14.52332578386584,0.00019176608475390822
74.3343060302735,14.663747008965984,5.0873408326879144e-05
74.3343060302735,14.804168234066127,0.0002856980718206614
74.3343060302735,14.944589459166272,0.00012040160072501749
74.3343060302735,15.085010684266416,2.483579737599939e-05
74.3343060302735,15.22543190936656,0.0001750904630171135
74.3343060302735,15.365853134466704,6.310822755040135e-06
74.3343060302735,15.506274359566849,0.00013661103730555624
74.3343060302735,15.646695584666992,-9.397822577739134e-05
74.3343060302735,15.787116809767138,8.315076411236078e-05
74.3343060302735,15.927538034867284,0.00018276891205459833
74.3343060302735,16.067959259967427,-5.15964457008522e-05
74.3343060302735,16.208380485067572,-3.293373447377235e-05
74.3343060302735,16.348801710167713,-2.8470867619034834e-05
74.3343060302735,16.48922293526786,-2.6505611458560452e-05
74.3343060302735,16.629644160368002,0.00017805946117732674
74.3343060302735,16.770065385468147,0.00014329401892609894
74.3343060302735,16.91048661056829,-6.86309504089877e-05
74.3343060302735,17.050907835668436,1.841145785874687e-05
74.3343060302735,17.19132906076858,0.0002198738366132602
74.3343060302735,17.331750285868726,-0.00017486041178926826
74.3343060302735,17.47217151096887,0.00022609328152611852
74.3343060302735,17.612592736069015,-4.459843330550939e-05
74.3343060302735,17.75301396116916,2.5867564545478672e-05
74.3343060302735,17.8934351862693,4.695226016337983e-05
74.3343060302735,18.033856411369445,0.00039349685539491475
74.3343060302735,18.17427763646959,3.961735274060629e-05
74.3343060302735,18.31469886156973,-0.0001334987027803436
74.3343060302735,18.45512008666988,-0.00012590446567628533
74.4743060302735,11.574480056762807,0.0001343549956800416
74.4743060302735,11.714901281862954,6.913757533766329e-05
74.4743060302735,11.855322506963098,0.00017721620679367334
74.4743060302735,11.99574373206324,9.942032193066552e-06
74.4743060302735,12.136164957163386,1.2011456419713795e-05
74.4743060302735,12.27658618226353,-9.919713920680806e-05
74.4743060302735,12.417007407363675,-4.024465670227073e-05
74.4743060302735,12.55742863246382,0.00021472029038704932
74.4743060302735,12.697849857563964,6.833671068307012e-05
74.4743060302735,12.838271082664107,6.505950295832008e-05
74.4743060302735,12.978692307764252,0.00027061899891123176
74.4743060302735,13.119113532864397,-0.00010200004908256233
74.4743060302735,13.25953475796454,0.00024884790764190257
74.4743060302735,13.399955983064684,0.00013136205961927772
74.4743060302735,13.540377208164829,8.04950759629719e-05
74.4743060302735,13.680798433264972,-0.0001279898133361712
74.4743060302735,13.821219658365118,0.00011653026740532368
74.4743060302735,13.96164088346526,8.325437374878675e-05
74.4743060302735,14.102062108565406,0.0001210773189086467
74.4743060302735,14.24248333366555,3.6955370887881145e-05
74.4743060302735,14.382904558765697,-2.6369250917923637e-05
74.4743060302735,14.52332578386584,2.8776748877135105e-05
74.4743060302735,14.663747008965984,4.1558560042176396e-05
74.4743060302735,14.804168234066127,0.0001681916182860732
74.4743060302735,14.944589459166272,8.447144500678405e-05
74.4743060302735,15.085010684266416,6.758384552085772e-05
74.4743060302735,15.22543190936656,0.00015654688468202949
74.4743060302735,15.365853134466704,0.00020184613822493702
74.4743060302735,15.506274359566849,6.780347757739946e-05
74.4743060302735,15.646695584666992,8.179906581062824e-05
74.4743060302735,15.787116809767138,8.855520718498155e-05
74.4743060302735,15.927538034867284,0.00011440319940447807
74.4743060302735,16.067959259967427,9.8933327535633e-05
74.4743060302735,16.208380485067572,-0.0001652567007113248
74.4743060302735,16.348801710167713,6.323905108729377e-05
74.4743060302735,16.48922293526786,-7.139908848330379e-05
74.4743060302735,16.629644160368002,-6.551783735631034e-05
74.4743060302735,16.770065385468147,-2.3145317754824646e-05
74.4743060302735,16.91048661056829,0.00013411545660346746
74.4743060302735,17.050907835668436,0.00018435047240927815
74.4743060302735,17.19132906076858,-2.088881410600152e-05
74.4743060302735,17.331750285868726,0.00012790253094863147
74.4743060302735,17.47217151096887,4.0443494071951136e-05
74.4743060302735,17.612592736069015,0.0002206087374361232
74.4743060302735,17.75301396116916,0.0002007542207138613
74.4743060302735,17.8934351862693,0.00013551877054851502
74.4743060302735,18.033856411369445,
74.4743060302735,18.17427763646959,0.0002002842229558155
74.4743060302735,18.31469886156973,0.0003837748081423342
74.4743060302735,18.45512008666988,9.038003190653399e-05
74.6143060302735,11.574480056762807,7.027918036328629e-05
74.6143060302735,11.714901281862954,-0.0001199112375616096
74.6143060302735,11.855322506963098,3.355547596584074e-05
74.6143060302735,11.99574373206324,-8.715088915778324e-05
74.6143060302735,12.136164957163386,0.0001887384132714942
74.6143060302735,12.27658618226353,-3.473962578937062e-06
74.6143060302735,12.417007407363675,8.76090198289603e-05
74.6143060302735,12.55742863246382,-9.788669558474794e-05
74.6143060302735,12.697849857563964,4.692793299909681e-05
74.6143060302735,12.838271082664107,9.770463657332584e-05
74.6143060302735,12.978692307764252,-0.00014440956874750555
74.6143060302735,13.119113532864397,-3.05003923131153e-05
74.6143060302735,13.25953475796454,0.00040350857307203114
74.6143060302735,13.399955983064684,0.0001824254431994632
74.6143060302735,13.540377208164829,9.397354006068781e-05
74.6143060302735,13.680798433264972,9.400546332472004e-06
74.6143060302735,13.821219658365118,9.632030014472548e-06
74.6143060302735,13.96164088346526,9.235373727278784e-05
74.6143060302735,14.102062108565406,7.600435492349789e-05
74.6143060302735,14.24248333366555,0.000307881913613528
74.6143060302735,14.382904558765697,4.46787744294852e-05
74.6143060302735,14.52332578386584,1.0230976386083057e-06
74.6143060302735,14.663747008965984,0.00014397897757589817
74.6143060302735,14.804168234066127,-7.333900430239737e-05
74.6143060302735,14.944589459166272,-1.932069062604569e-05
74.6143060302735,15.085010684266416,0.00020747329108417034
74.6143060302735,15.22543190936656,9.909442451316863e-05
74.6143060302735,15.365853134466704,-4.7898065531626344e-05
74.6143060302735,15.506274359566849,-2.0780140403076075e-05
74.6143060302735,15.646695584666992,1.6643603885313496e-05
74.6143060302735,15.787116809767138,0.00012402946595102549
74.6143060302735,15.927538034867284,0.00013743889576289803
74.6143060302735,16.067959259967427,-0.000166680445545353
74.6143060302735,16.208380485067572,0.00018888406339101493
74.6143060302735,16.348801710167713,-0.00010539476352278143
74.6143060302735,16.48922293526786,5.898901144973934e-05
74.6143060302735,16.629644160368002,-0.00011325191735522822
74.6143060302735,16.770065385468147,-4.429925320437178e-05
74.6143060302735,16.91048661056829,1.3262322681839578e-05
74.6143060302735,17.050907835668436,0.0001688167976681143
74.6143060302735,17.19132906076858,8.893929043551907e-05
74.6143060302735,17.331750285868726,-1.0058641237264965e-05
74.6143060302735,17.47217151096887,1.900962888612412e-05
74.6143060302735,17.612592736069015,0.00018572203407529742
74.6143060302735,17.75301396116916,0.00013916748866904527
74.6143060302735,17.8934351862693,-5.583834717981517e-05
74.6143060302735,18.033856411369445,0.00014099478721618652
74.6143060302735,18.17427763646959,4.585570786730386e-05
74.6143060302735,18.31469886156973,-7.988760626176372e-05
74.6143060302735,18.45512008666988,0.00015014551172498614
74.7543060302735,11.574480056762807,0.00020013230096083134
74.7543060302735,11.714901281862954,0.00039196020225062966
74.7543060302735,11.855322506963098,3.8554797356482595e-05
74.7543060302735,11.99574373206324,5.059284740127623e-05
74.7543060302735,12.136164957163386,0.00012691512529272586
74.7543060302735,12.27658618226353,1.607776175660547e-05
74.7543060302735,12.417007407363675,0.00010175671195611358
74.7543060302735,12.55742863246382,-4.988263754057698e-05
74.7543060302735,12.697849857563964,-9.231073636328802e-05
74.7543060302735,12.838271082664107,3.383548391866498e-05
74.7543060302735,12.978692307764252,5.274551222100854e-05
74.7543060302735,13.119113532864397,-7.820092832844239e-06
74.7543060302735,13.25953475796454,8.158136915881187e-05
74.7543060302735,13.399955983064684,-2.255369872727897e-05
74.7543060302735,13.540377208164829,4.969145084032789e-05
74.7543060302735,13.680798433264972,1.6496358512085862e-05
74.7543060302735,13.821219658365118,0.00011930284381378442
74.7543060302735,13.96164088346526,0.00015548009832855314
74.7543060302735,14.102062108565406,0.00013091381697449833
74.7543060302735,14.24248333366555,0.00019129816791974008
74.7543060302735,14.382904558765697,8.185290789697319e-05
74.7543060302735,14.52332578386584,6.665616092504933e-05
74.7543060302735,14.663747008965984,0.00014535059744957834
74.7543060302735,14.804168234066127,2.4465260139550082e-05
74.7543060302735,14.944589459166272,7.214686047518626e-05
74.7543060302735,15.085010684266416,-0.00010330523946322501
74.7543060302735,15.22543190936656,-1.1496618753881194e-05
74.7543060302735,15.365853134466704,0.0001092435049940832
74.7543060302735,15.506274359566849,0.0001459052145946771
74.7543060302735,15.646695584666992,5.5567223171237856e-05
74.7543060302735,15.787116809767138,0.00019474785949569196
74.7543060302735,15.927538034867284,-0.00012229575077071786
74.7543060302735,16.067959259967427,0.00025720775010995567
74.7543060302735,16.208380485067572,0.00019973244343418628
74.7543060302735,16.348801710167713,0.00011042942787753418
74.7543060302735,16.48922293526786,0.00011027701839338988
74.7543060302735,16.629644160368002,9.43392442422919e-05
74.7543060302735,16.770065385468147,9.601582132745534e-05
74.7543060302735,16.91048661056829,0.00016299549315590411
74.7543060302735,17.050907835668436,0.00013770941586699337
74.7543060302735,17.19132906076858,-1.4230606211640406e-05
74.7543060302735,17.331750285868726,6.657918856944889e-05
74.7543060302735,17.47217151096887,0.0003365909797139466
74.7543060302735,17.612592736069015,8.909587631933391e-05
74.7543060302735,17.75301396116916,8.547843026462942e-05
74.7543060302735,17.8934351862693,0.0004919149214401841
74.7543060302735,18.033856411369445,7.236306555569172e-05
74.7543060302735,18.17427763646959,-1.6366855561500415e-05
74.7543060302735,18.31469886156973,0.00035781643236987293
74.7543060302735,18.45512008666988,-5.374268221203238e-05
74.8943060302735,11.574480056762807,0.00040701671969145536
74.8943060302735,11.714901281862954,-0.00011174113751621917
74.8943060302735,11.855322506963098,6.832326471339911e-05
74.8943060302735,11.99574373206324,0.00014475802890956402
74.8943060302735,12.136164957163386,-4.027524482808076e-05
74.8943060302735,12.27658618226353,0.00015723361866548657
74.8943060302735,12.417007407363675,0.00011535579687915742
74.8943060302735,12.55742863246382,-9.70260298345238e-05
74.8943060302735,12.697849857563964,0.00012533014523796737
74.8943060302735,12.838271082664107,0.00031880909227766097
74.8943060302735,12.978692307764252,4.271980287740007e-05
74.8943060302735,13.119113532864397,0.00021691565052606165
74.8943060302735,13.25953475796454,3.330420804559253e-05
74.8943060302735,13.399955983064684,-5.6601933465572074e-05
74.8943060302735,13.540377208164829,0.00023826387769076973
74.8943060302735,13.680798433264972,2.567063711467199e-05
74.8943060302735,13.821219658365118,3.7504214560613036e-05
74.8943060302735,13.96164088346526,6.862846930744126e-05
74.8943060302735,14.102062108565406,3.0070545108173974e-05
74.8943060302735,14.24248333366555,0.00018875898967962712
74.8943060302735,14.382904558765697,-2.108891749230679e-06
74.8943060302735,14.52332578386584,0.00014029291924089193
74.8943060302735,14.663747008965984,0.00015502855239901692
74.8943060302735,14.804168234066127,8.089844777714461e-05
74.8943060302735,14.944589459166272,0.0001226479362230748
74.8943060302735,15.085010684266416,0.00024320316151715815
74.8943060302735,15.22543190936656,0.00016488649998791516
74.8943060302735,15.365853134466704,8.006699499674141e-05
74.8943060302735,15.506274359566849,0.000175298991962336
74.8943060302735,15.646695584666992,0.0003466235939413309
74.8943060302735,15.787116809767138,0.00023814498854335397
74.8943060302735,15.927538034867284,0.00030867091845721006
74.8943060302735,16.067959259967427,2.5870444005704485e-05
74.8943060302735,16.208380485067572,0.00010949845454888418
74.8943060302735,16.348801710167713,0.00017831914010457695
74.8943060302735,16.48922293526786,-2.6471097953617573e-05
74.8943060302735,16.629644160368002,1.841145785874687e-05
74.8943060302735,16.770065385468147,0.0002957709366455674
74.8943060302735,16.91048661056829,-6.87700739945285e-05
74.8943060302735,17.050907835668436,0.00036805454874411225
74.8943060302735,17.19132906076858,0.0002685094077605754
74.8943060302735,17.331750285868726,0.00013087767001707107
74.8943060302735,17.47217151096887,5.3950810979586095e-05
74.8943060302735,17.612592736069015,1.4117322280071676e-05
74.8943060302735,17.75301396116916,0.00010062452929560095
74.8943060302735,17.8934351862693,-1.4139299310045317e-05
74.8943060302735,18.033856411369445,-9.888661588774994e-05
74.8943060302735,18.17427763646959,6.612712604692206e-05
74.8943060302735,18.31469886156973,0.00013310146459843963
74.8943060302735,18.45512008666988,6.226785626495257e-05
75.0343060302735,11.574480056762807,-6.598383333766833e-05
75.0343060302735,11.714901281862954,0.00012802019773516804
75.0343060302735,11.855322506963098,0.0002548574993852526
75.0343060302735,11.99574373206324,3.652730447356589e-05
75.0343060302735,12.136164957163386,-0.00024971840321086347
75.0343060302735,12.27658618226353,0.00013661578122992069
75.0343060302735,12.417007407363675,-0.00011950150656048208
75.0343060302735,12.55742863246382,-7.704744348302484e-05
75.0343060302735,12.697849857563964,1.9715953385457397e-05
75.0343060302735,12.838271082664107,-1.254373273695819e-05
75.0343060302735,12.978692307764252,-4.391434049466625e-05
75.0343060302735,13.119113532864397,6.901257438585162e-05
75.0343060302735,13.25953475796454,-9.594307630322874e-05
75.0343060302735,13.399955983064684,6.469586514867842e-05
75.0343060302735,13.540377208164829,0.0002490105980541557
75.0343060302735,13.680798433264972,0.00018320270464755595
75.0343060302735,13.821219658365118,-0.00013758130080532283
75.0343060302735,13.96164088346526,0.000268073141342029
75.0343060302735,14.102062108565406,-2.0578572730300948e-05
75.0343060302735,14.24248333366555,-6.419057899620384e-05
75.0343060302735,14.382904558765697,-6.67869026074186e-05
75.0343060302735,14.52332578386584,-0.00012211190187372267
75.0343060302735,14.663747008965984,-7.83942305133678e-05
75.0343060302735,14.804168234066127,5.882790719624609e-05
75.0343060302735,14.944589459166272,0.00024094687250908464
75.0343060302735,15.085010684266416,0.0003522643819451332
75.0343060302735,15.22543190936656,0.00016134900215547532
75.0343060302735,15.365853134466704,-7.95980668044649e-05
75.0343060302735,15.506274359566849,0.00016194272029679269
75.0343060302735,15.646695584666992,0.0003217631601728499
75.0343060302735,15.787116809767138,-4.221882772981189e-05
75.0343060302735,15.927538034867284,0.00018003011064138263
75.0343060302735,16.067959259967427,0.00014167257177177817
75.0343060302735,16.208380485067572,5.9385860367910936e-05
75.0343060302735,16.348801710167713,-5.294687798595987e-05
75.0343060302735,16.48922293526786,2.8068048777640797e-05
75.0343060302735,16.629644160368002,
75.0343060302735,16.770065385468147,3.0396136935451068e-05
75.0343060302735,16.91048661056829,7.968999852892011e-05
75.0343060302735,17.050907835668436,-6.477887654909864e-05
75.0343060302735,17.19132906076858,7.298804121091962e-05
75.0343060302735,17.331750285868726,6.946414214326069e-05
75.0343060302735,17.47217151096887,-0.00018440034182276577
75.0343060302735,17.612592736069015,0.00019210124446544796
75.0343060302735,17.75301396116916,3.30712937284261e-05
75.0343060302735,17.8934351862693,0.00014109256153460592
75.0343060302735,18.033856411369445,1.453658569516847e-06
75.0343060302735,18.17427763646959,0.00030974295805208385
75.0343060302735,18.31469886156973,-7.977228960953653e-05
75.0343060302735,18.45512008666988,0.00010320282308384776
75.1743060302735,11.574480056762807,1.7986734746955335e-05
75.1743060302735,11.714901281862954,-0.0002863163244910538
75.1743060302735,11.855322506963098,4.345239358372055e-05
75.1743060302735,11.99574373206324,-9.07978683244437e-05
75.1743060302735,12.136164957163386,6.666161789325997e-05
75.1743060302735,12.27658618226353,0.0001384095085086301
75.1743060302735,12.417007407363675,0.00012661033542826772
75.1743060302735,12.55742863246382,-3.4605352993821725e-05
75.1743060302735,12.697849857563964,-0.0001363588817184791
75.1743060302735,12.838271082664107,6.524808213725919e-06
75.1743060302735,12.978692307764252,-7.338509749388322e-05
75.1743060302735,13.119113532864397,-0.0001794253330444917
75.1743060302735,13.25953475796454,8.143879676936194e-05
75.1743060302735,13.399955983064684,1.8136630387743935e-05
75.1743060302735,13.540377208164829,0.0002440039097564295
75.1743060302735,13.680798433264972,-6.41186343273148e-05
75.1743060302735,13.821219658365118,0.0001515145559096709
75.1743060302735,13.96164088346526,-1.1528814525263442e-07
75.1743060302735,14.102062108565406,0.00010746468615252525
75.1743060302735,14.24248333366555,-3.521079179336084e-06
75.1743060302735,14.382904558765697,0.00010001241753343493
75.1743060302735,14.52332578386584,-1.280174092244124e-05
75.1743060302735,14.663747008965984,1.4368465599545743e-05
75.1743060302735,14.804168234066127,0.00027529310318641365
75.1743060302735,14.944589459166272,7.592599285999313e-05
75.1743060302735,15.085010684266416,-0.0002206116623710841
75.1743060302735,15.22543190936656,-4.925169560010545e-05
75.1743060302735,15.365853134466704,0.0001763246691552922
75.1743060302735,15.506274359566849,9.988120291382074e-05
75.1743060302735,15.646695584666992,0.00011145785538246855
75.1743060302735,15.787116809767138,-9.819834667723626e-05
75.1743060302735,15.927538034867284,-1.5164960132096894e-05
75.1743060302735,16.067959259967427,-1.1168441233166959e-05
75.1743060302735,16.208380485067572,0.0002084417501464486
75.1743060302735,16.348801710167713,1.7631410855756258e-06
75.1743060302735,16.48922293526786,7.751618977636099e-05
75.1743060302735,16.629644160368002,-1.6474579751957208e-05
75.1743060302735,16.770065385468147,5.9704627346945927e-05
75.1743060302735,16.91048661056829,-0.0001585097925271839
75.1743060302735,17.050907835668436,5.170527219888754e-05
75.1743060302735,17.19132906076858,-2.1872250727028586e-05
75.1743060302735,17.331750285868726,-0.0001833292335504666
75.1743060302735,17.47217151096887,2.9968527087476104e-05
75.1743060302735,17.612592736069015,6.920983287272975e-05
75.1743060302735,17.75301396116916,-9.830878843786195e-05
75.1743060302735,17.8934351862693,-2.0267467334633693e-05
75.1743060302735,18.033856411369445,2.689626307983417e-05
75.1743060302735,18.17427763646959,6.741654215147719e-05
75.1743060302735,18.31469886156973,-3.4205739211756736e-05
75.1743060302735,18.45512008666988,5.912618235015543e-06
75.3143060302735,11.574480056762807,-5.288830379868159e-06
75.3143060302735,11.714901281862954,-1.2519435586000327e-05
75.3143060302735,11.855322506963098,-4.634671313397121e-06
75.3143060302735,11.99574373206324,0.0001365633070236072
75.3143060302735,12.136164957163386,-0.00013512138684745878
75.3143060302735,12.27658618226353,8.338941552210599e-05
75.3143060302735,12.417007407363675,5.9787202189909294e-05
75.3143060302735,12.55742863246382,-2.897126250900328e-05
75.3143060302735,12.697849857563964,0.00017212415696121752
75.3143060302735,12.838271082664107,0.000359164085239172
75.3143060302735,12.978692307764252,0.0004954961477778852
75.3143060302735,13.119113532864397,6.291975296335295e-05
75.3143060302735,13.25953475796454,0.0002694150316528976
75.3143060302735,13.399955983064684,0.00013593434414360672
75.3143060302735,13.540377208164829,-1.4377756997419056e-05
75.3143060302735,13.680798433264972,2.756089270405937e-05
75.3143060302735,13.821219658365118,0.00010713976371334866
75.3143060302735,13.96164088346526,2.884699460992124e-05
75.3143060302735,14.102062108565406,0.0003135465376544744
75.3143060302735,14.24248333366555,-4.442219506017864e-05
75.3143060302735,14.382904558765697,0.00025441322941333055
75.3143060302735,14.52332578386584,0.00020899326773360372
75.3143060302735,14.663747008965984,5.558858174481429e-05
75.3143060302735,14.804168234066127,0.00019380678713787347
75.3143060302735,14.944589459166272,9.184168447973207e-05
75.3143060302735,15.085010684266416,-4.794830965693109e-05
75.3143060302735,15.22543190936656,0.00015428592450916767
75.3143060302735,15.365853134466704,0.00023528507153969258
75.3143060302735,15.506274359566849,2.7880796551471576e-05
75.3143060302735,15.646695584666992,5.5308178161794785e-06
75.3143060302735,15.787116809767138,0.00010947536065941676
75.3143060302735,15.927538034867284,0.00030786931165494025
75.3143060302735,16.067959259967427,0.0004252797516528517
75.3143060302735,16.208380485067572,7.259470294229686e-05
75.3143060302735,16.348801710167713,-3.0169174351613037e-05
75.3143060302735,16.48922293526786,6.206926627783105e-05
75.3143060302735,16.629644160368002,0.0001882791839307174
75.3143060302735,16.770065385468147,7.694861415075138e-05
75.3143060302735,16.91048661056829,0.0003319055831525475
75.3143060302735,17.050907835668436,0.0003225676773581654
75.3143060302735,17.19132906076858,0.00021541945170611143
75.3143060302735,17.331750285868726,4.704741149907932e-05
75.3143060302735,17.47217151096887,6.65282568661496e-05
75.3143060302735,17.612592736069015,0.00017386197578161955
75.3143060302735,17.75301396116916,-2.037913327512797e-05
75.3143060302735,17.8934351862693,1.0033465514425188e-05
75.3143060302735,18.033856411369445,-0.0001325394114246592
75.3143060302735,18.17427763646959,0.0002507918979972601
75.3143060302735,18.31469886156973,0.00016930745914578438
75.3143060302735,18.45512008666988,0.00022126892872620374
75.4543060302735,11.574480056762807,-7.200361869763583e-05
75.4543060302735,11.714901281862954,0.0001086735719582066
75.4543060302735,11.855322506963098,0.00023940822575241327
75.4543060302735,11.99574373206324,6.186040991451591e-05
75.4543060302735,12.136164957163386,-2.1309449948603287e-05
75.4543060302735,12.27658618226353,4.9532114644534886e-05
75.4543060302735,12.417007407363675,7.717283006059006e-05
75.4543060302735,12.55742863246382,-1.5547979273833334e-05
75.4543060302735,12.697849857563964,6.77160860504955e-05
75.4543060302735,12.838271082664107,7.923544035293162e-05
75.4543060302735,12.978692307764252,0.00018737479695118964
75.4543060302735,13.119113532864397,9.245203546015546e-05
75.4543060302735,13.25953475796454,0.00030704590608365834
75.4543060302735,13.399955983064684,-7.816396100679412e-05
75.4543060302735,13.540377208164829,9.213174053002149e-06
75.4543060302735,13.680798433264972,-6.347589805955067e-05
75.4543060302735,13.821219658365118,0.00014793523587286472
75.4543060302735,13.96164088346526,0.0002526282041799277
75.4543060302735,14.102062108565406,-9.737203072290868e-05
75.4543060302735,14.24248333366555,0.00017467593715991825
75.4543060302735,14.382904558765697,0.00013479376502800733
75.4543060302735,14.52332578386584,-5.435126513475552e-05
75.4543060302735,14.663747008965984,4.7829766117502004e-05
75.4543060302735,14.804168234066127,-4.955726763000712e-05
75.4543060302735,14.944589459166272,4.550189260044135e-05
75.4543060302735,15.085010684266416,-0.0001676630781730637
75.4543060302735,15.22543190936656,0.00015089582302607596
75.4543060302735,15.365853134466704,-0.0001341545139439404
75.4543060302735,15.506274359566849,-4.492110292630969e-06
75.4543060302735,15.646695584666992,2.155466063413769e-05
75.4543060302735,15.787116809767138,0.00021778547670692205
75.4543060302735,15.927538034867284,0.00017222225142177194
75.4543060302735,16.067959259967427,9.541805775370449e-05
75.4543060302735,16.208380485067572,0.00039198953891173005
75.4543060302735,16.348801710167713,8.192738459911197e-05
75.4543060302735,16.48922293526786,0.0001742613676469773
75.4543060302735,16.629644160368002,0.00022324291057884693
75.4543060302735,16.770065385468147,2.031255280598998e-05
75.4543060302735,16.91048661056829,0.0001402691996190697
75.4543060302735,17.050907835668436,-4.8389956646133214e-05
75.4543060302735,17.19132906076858,0.0002662649203557521
75.4543060302735,17.331750285868726,0.0001713842648314312
75.4543060302735,17.47217151096887,0.00020954060892108828
75.4543060302735,17.612592736069015,4.504607932176441e-05
75.4543060302735,17.75301396116916,2.8364191166474484e-05
75.4543060302735,17.8934351862693,9.213618614012375e-05
75.4543060302735,18.033856411369445,3.587607716326602e-05
75.4543060302735,18.17427763646959,0.00017963269783649594
75.4543060302735,18.31469886156973,0.0003056721470784396
75.4543060302735,18.45512008666988,9.581589984009042e-05
75.5943060302735,11.574480056762807,4.854035432799719e-05
75.5943060302735,11.714901281862954,4.340893792686984e-05
75.5943060302735,11.855322506963098,0.00010260133421979845
75.5943060302735,11.99574373206324,7.945657125674188e-05
75.5943060302735,12.136164957163386,3.719129381352104e-05
75.5943060302735,12.27658618226353,0.0002635287819430232
75.5943060302735,12.417007407363675,1.6130357835208997e-05
75.5943060302735,12.55742863246382,-2.3672881070524454e-05
75.5943060302735,12.697849857563964,0.00023622147273272276
75.5943060302735,12.838271082664107,-0.00011193069076398388
75.5943060302735,12.978692307764252,-8.880974201019853e-05
75.5943060302735,13.119113532864397,0.00018717581406235695
75.5943060302735,13.25953475796454,-0.00022695727238897234
75.5943060302735,13.399955983064684,9.802333079278469e-05
75.5943060302735,13.540377208164829,3.053024556720629e-05
75.5943060302735,13.680798433264972,-6.437193951569498e-05
75.5943060302735,13.821219658365118,0.0002603402826935053
75.5943060302735,13.96164088346526,3.580853808671236e-05
75.5943060302735,14.102062108565406,0.00010650457261363044
75.5943060302735,14.24248333366555,-2.27975378948031e-05
75.5943060302735,14.382904558765697,0.00023841482470743358
75.5943060302735,14.52332578386584,0.00013255227531772107
75.5943060302735,14.663747008965984,-0.00015472227823920548
75.5943060302735,14.804168234066127,9.74177528405562e-05
75.5943060302735,14.944589459166272,0.00021978474978823215
75.5943060302735,15.085010684266416,-5.1387138228164986e-05
75.5943060302735,15.22543190936656,0.00021283452224452049
75.5943060302735,15.365853134466704,-0.0001428625691914931
75.5943060302735,15.506274359566849,0.00019033681019209325
75.5943060302735,15.646695584666992,0.00031719470280222595
75.5943060302735,15.787116809767138,-3.132884012302384e-05
75.5943060302735,15.927538034867284,0.00029102942789904773
75.5943060302735,16.067959259967427,-1.3400916941463947e-05
75.5943060302735,16.208380485067572,0.0002897253434639424
75.5943060302735,16.348801710167713,0.0001640703994780779
75.5943060302735,16.48922293526786,0.00010359776933910325
75.5943060302735,16.629644160368002,0.00026433749007992446
75.5943060302735,16.770065385468147,-0.00010085001849802211
75.5943060302735,16.91048661056829,0.0005641562747769058
75.5943060302735,17.050907835668436,7.852682756492868e-05
75.5943060302735,17.19132906076858,0.00018798420205712318
75.5943060302735,17.331750285868726,-0.0002917728270404041
75.5943060302735,17.47217151096887,-0.00018998730229213834
75.5943060302735,17.612592736069015,0.00012239300122018903
75.5943060302735,17.75301396116916,0.00015392049681395292
75.5943060302735,17.8934351862693,4.8457081902597565e-06
75.5943060302735,18.033856411369445,0.0001102780006476678
75.5943060302735,18.17427763646959,0.00023104962019715458
75.5943060302735,18.31469886156973,6.364548607962206e-05
75.5943060302735,18.45512008666988,0.0001641481794649735
75.7343060302735,11.574480056762807,0.00011062691191909835
75.7343060302735,11.714901281862954,-0.0001144238340202719
75.7343060302735,11.855322506963098,-4.6257067879196256e-05
75.7343060302735,11.99574373206324,0.00016858274466358125
75.7343060302735,12.136164957163386,-0.00016150082228705287
75.7343060302735,12.27658618226353,4.860620174440555e-05
75.7343060302735,12.417007407363675,-6.189493433339521e-05
75.7343060302735,12.55742863246382,7.662689313292503e-05
75.7343060302735,12.697849857563964,0.00018624695076141506
75.7343060302735,12.838271082664107,0.00024547133943997324
75.7343060302735,12.978692307764252,-1.425299524271395e-05
75.7343060302735,13.119113532864397,0.0001367967197438702
75.7343060302735,13.25953475796454,-0.00010193169873673469
75.7343060302735,13.399955983064684,-0.00024956936249509454
75.7343060302735,13.540377208164829,7.775179255986586e-05
75.7343060302735,13.680798433264972,0.00011445929703768343
75.7343060302735,13.821219658365118,-0.00013779118307866156
75.7343060302735,13.96164088346526,0.00018857407849282026
75.7343060302735,14.102062108565406,0.00014259562885854393
75.7343060302735,14.24248333366555,0.00011832532618427649
75.7343060302735,14.382904558765697,0.0002449088206049055
75.7343060302735,14.52332578386584,-0.0002044367283815518
75.7343060302735,14.663747008965984,0.0002017864608205855
75.7343060302735,14.804168234066127,-7.95980668044649e-05
75.7343060302735,14.944589459166272,0.00010658892279025167
75.7343060302735,15.085010684266416,-6.0422360547818244e-05
75.7343060302735,15.22543190936656,0.00013934004527982324
75.7343060302735,15.365853134466704,0.0001305747719015926
75.7343060302735,15.506274359566849,-0.00019495218293741345
75.7343060302735,15.646695584666992,8.691173570696265e-05
75.7343060302735,15.787116809767138,0.00017804588424041867
75.7343060302735,15.927538034867284,9.215727914124727e-05
75.7343060302735,16.067959259967427,2.784128264465835e-05
75.7343060302735,16.208380485067572,0.00019667153537739068
75.7343060302735,16.348801710167713,0.0001015465531963855
75.7343060302735,16.48922293526786,1.6468005924252793e-05
75.7343060302735,16.629644160368002,1.8135150412490475e-06
75.7343060302735,16.770065385468147,0.00016535792383365333
75.7343060302735,16.91048661056829,1.4211104826244991e-05
75.7343060302735,17.050907835668436,0.00017360916535835713
75.7343060302735,17.19132906076858,-7.601879769936204e-05
75.7343060302735,17.331750285868726,0.00011193740647286177
75.7343060302735,17.47217151096887,-2.3845332179917023e-05
75.7343060302735,17.612592736069015,3.238075441913679e-05
75.7343060302735,17.75301396116916,0.0002832458703778684
75.7343060302735,17.8934351862693,0.00018311626627109945
75.7343060302735,18.033856411369445,0.000172476822626777
75.7343060302735,18.17427763646959,-0.0001639749389141798
75.7343060302735,18.31469886156973,4.439079202711582e-05
75.7343060302735,18.45512008666988,5.3848463721806183e-05
75.8743060302735,11.574480056762807,0.0002510908234398812
75.8743060302735,11.714901281862954,0.0001266352628590539
75.8743060302735,11.855322506963098,6.397714605554938e-05
75.8743060302735,11.99574373206324,1.9284028894617222e-05
75.8743060302735,12.136164957163386,0.0001299804716836661
75.8743060302735,12.27658618226353,0.0002732673892751336
75.8743060302735,12.417007407363675,6.612310244236141e-05
75.8743060302735,12.55742863246382,4.1942323150578886e-05
75.8743060302735,12.697849857563964,6.889456562930718e-05
75.8743060302735,12.838271082664107,0.00015782135596964508
75.8743060302735,12.978692307764252,-1.736346530378796e-05
75.8743060302735,13.119113532864397,-6.851277430541813e-05
75.8743060302735,13.25953475796454,-0.0001331191451754421
75.8743060302735,13.399955983064684,3.311759064672515e-05
75.8743060302735,13.540377208164829,-0.00015971597167663276
75.8743060302735,13.680798433264972,8.271387923741713e-05
75.8743060302735,13.821219658365118,5.335392779670656e-05
75.8743060302735,13.96164088346526,0.0002776219043880701
75.8743060302735,14.102062108565406,0.00031677947845309973
75.8743060302735,14.24248333366555,0.0004293776291888207
75.8743060302735,14.382904558765697,0.00012120036262786016
75.8743060302735,14.52332578386584,0.00011333748261677101
75.8743060302735,14.663747008965984,-0.0001603490236448124
75.8743060302735,14.804168234066127,-4.925169560010545e-05
75.8743060302735,14.944589459166272,-0.0001788720692275092
75.8743060302735,15.085010684266416,2.4596960429335013e-05
75.8743060302735,15.22543190936656,0.00014252110850065947
75.8743060302735,15.365853134466704,0.00011637679563136771
75.8743060302735,15.506274359566849,-4.6064917114563286e-05
75.8743060302735,15.646695584666992,-7.926653779577464e-05
75.8743060302735,15.787116809767138,-9.833576041273773e-05
75.8743060302735,15.927538034867284,0.0001182681298814714
75.8743060302735,16.067959259967427,3.9135743463702966e-06
75.8743060302735,16.208380485067572,8.202133176382631e-05
75.8743060302735,16.348801710167713,0.00016379065345972776
75.8743060302735,16.48922293526786,-3.129161996184848e-05
75.8743060302735,16.629644160368002,0.00012583441275637597
75.8743060302735,16.770065385468147,-5.202640750212595e-06
75.8743060302735,16.91048661056829,0.00018630539125297219
75.8743060302735,17.050907835668436,3.920341987395659e-05
75.8743060302735,17.19132906076858,0.00014201113663148135
75.8743060302735,17.331750285868726,0.00020585414313245565
75.8743060302735,17.47217151096887,0.00014369888231158257
75.8743060302735,17.612592736069015,3.4732292988337576e-06
75.8743060302735,17.75301396116916,9.125045471591875e-05
75.8743060302735,17.8934351862693,-1.3042787031736225e-05
75.8743060302735,18.033856411369445,0.0001891791180241853
75.8743060302735,18.17427763646959,6.125391792011214e-06
75.8743060302735,18.31469886156973,-0.00010314381506759673
75.8743060302735,18.45512008666988,5.441687608254142e-05
76.0143060302735,11.574480056762807,0.00022949831327423453
76.0143060302735,11.714901281862954,8.695166798133869e-06
76.0143060302735,11.855322506963098,4.754360816150438e-06
76.0143060302735,11.99574373206324,0.00019568232528399676
76.0143060302735,12.136164957163386,-9.355834481539205e-05
76.0143060302735,12.27658618226353,-4.7229291340045165e-06
76.0143060302735,12.417007407363675,0.00027257384499534965
76.0143060302735,12.55742863246382,0.00022955822350922972
76.0143060302735,12.697849857563964,-2.969252091133967e-05
76.0143060302735,12.838271082664107,-8.859881927492097e-05
76.0143060302735,12.978692307764252,-9.840517304837704e-05
76.0143060302735,13.119113532864397,1.1054356946260668e-05
76.0143060302735,13.25953475796454,0.0002598227292764932
76.0143060302735,13.399955983064684,4.166038706898689e-05
76.0143060302735,13.540377208164829,2.6213834644295275e-05
76.0143060302735,13.680798433264972,0.00016539670468773693
76.0143060302735,13.821219658365118,5.318421244737692e-05
76.0143060302735,13.96164088346526,-0.00017100640980061144
76.0143060302735,14.102062108565406,8.772360160946846e-05
76.0143060302735,14.24248333366555,7.73816354922019e-05
76.0143060302735,14.382904558765697,0.000213222810998559
76.0143060302735,14.52332578386584,0.00015906683984212577
76.0143060302735,14.663747008965984,0.0002304460940649733
76.0143060302735,14.804168234066127,7.542824459960684e-05
76.0143060302735,14.944589459166272,0.00011780508793890476
76.0143060302735,15.085010684266416,0.0001252972288057208
76.0143060302735,15.22543190936656,0.00014990250929258764
76.0143060302735,15.365853134466704,8.209288353100419e-05
76.0143060302735,15.506274359566849,-0.00010999506775988266
76.0143060302735,15.646695584666992,0.000230210178415291
76.0143060302735,15.787116809767138,0.00018757891666609794
76.0143060302735,15.927538034867284,9.347672312287614e-05
76.0143060302735,16.067959259967427,0.00013728092017117888
76.0143060302735,16.208380485067572,-6.0602436860790476e-05
76.0143060302735,16.348801710167713,-0.00013142649549990892
76.0143060302735,16.48922293526786,-4.730257387564052e-06
76.0143060302735,16.629644160368002,-7.914987691037823e-06
76.0143060302735,16.770065385468147,0.00028987304540351033
76.0143060302735,16.91048661056829,0.0003069933445658535
76.0143060302735,17.050907835668436,0.00010738334094639868
76.0143060302735,17.19132906076858,-6.19120110059157e-05
76.0143060302735,17.331750285868726,0.0001345704949926585
76.0143060302735,17.47217151096887,
76.0143060302735,17.612592736069015,9.280731319449842e-06
76.0143060302735,17.75301396116916,0.0001464326778659597
76.0143060302735,17.8934351862693,0.00021171028492972255
76.0143060302735,18.033856411369445,1.3317730918060988e-05
76.0143060302735,18.17427763646959,-4.9797170504461974e-05
76.0143060302735,18.31469886156973,2.1351263512769947e-06
76.0143060302735,18.45512008666988,6.936469435459003e-05
76.1543060302735,11.574480056762807,-0.00013198070519138128
76.1543060302735,11.714901281862954,3.611095962696709e-05
76.1543060302735,11.855322506963098,-4.503806121647358e-05
76.1543060302735,11.99574373206324,0.00018756784265860915
76.1543060302735,12.136164957163386,4.971247835783288e-05
76.1543060302735,12.27658618226353,0.00035371811827644706
76.1543060302735,12.417007407363675,0.00013928719272371382
76.1543060302735,12.55742863246382,3.8020796182536287e-06
76.1543060302735,12.697849857563964,7.660256960662082e-05
76.1543060302735,12.838271082664107,0.00043717032531276345
76.1543060302735,12.978692307764252,-0.00021329554147087038
76.1543060302735,13.119113532864397,1.2893619896203745e-05
76.1543060302735,13.25953475796454,0.00016481196507811546
76.1543060302735,13.399955983064684,-8.214723493438214e-05
76.1543060302735,13.540377208164829,0.0003026608901564032
76.1543060302735,13.680798433264972,8.75070909387432e-05
76.1543060302735,13.821219658365118,0.00015692990564275533
76.1543060302735,13.96164088346526,-0.00011273698328295723
76.1543060302735,14.102062108565406,4.273118247510865e-05
76.1543060302735,14.24248333366555,0.0001966401468962431
76.1543060302735,14.382904558765697,-1.2589221114467364e-05
76.1543060302735,14.52332578386584,0.00016301804862450808
76.1543060302735,14.663747008965984,0.00010775278497021645
76.1543060302735,14.804168234066127,9.464318281970918e-05
76.1543060302735,14.944589459166272,0.00021846088930033147
76.1543060302735,15.085010684266416,8.688610250828788e-05
76.1543060302735,15.22543190936656,0.0002107216278091073
76.1543060302735,15.365853134466704,3.1331081117969006e-05
76.1543060302735,15.506274359566849,-6.802733696531504e-05
76.1543060302735,15.646695584666992,-6.920266605447978e-05
76.1543060302735,15.787116809767138,0.0003813492367044091
76.1543060302735,15.927538034867284,6.699376535834745e-05
76.1543060302735,16.067959259967427,0.0002681052719708532
76.1543060302735,16.208380485067572,-5.332266664481722e-05
76.1543060302735,16.348801710167713,0.0003417936386540532
76.1543060302735,16.48922293526786,-5.5777589295757934e-05
76.1543060302735,16.629644160368002,-0.00020202819723635912
76.1543060302735,16.770065385468147,
76.1543060302735,16.91048661056829,0.00017353885050397366
76.1543060302735,17.050907835668436,7.955863111419603e-05
76.1543060302735,17.19132906076858,1.8316017303732224e-05
76.1543060302735,17.331750285868726,2.8266205845284276e-05
76.1543060302735,17.47217151096887,
76.1543060302735,17.612592736069015,9.153930295724422e-05
76.1543060302735,17.75301396116916,9.649942512623966e-05
76.1543060302735,17.8934351862693,0.0002629849186632782
76.1543060302735,18.033856411369445,0.00013169807789381593
76.1543060302735,18.17427763646959,
76.1543060302735,18.31469886156973,9.237245831172913e-05
76.1543060302735,18.45512008666988,0.00019822105241473764
76.2943060302735,11.574480056762807,-1.8636237655300647e-05
76.2943060302735,11.714901281862954,5.0396825827192515e-05
76.2943060302735,11.855322506963098,0.00018024255405180156
76.2943060302735,11.99574373206324,0.0003296631621196866
76.2943060302735,12.136164957163386,-3.6510691643343307e-06
76.2943060302735,12.27658618226353,5.231668910710141e-05
76.2943060302735,12.417007407363675,0.00019244526629336178
76.2943060302735,12.55742863246382,0.00021517877758014947
76.2943060302735,12.697849857563964,
76.2943060302735,12.838271082664107,3.0479672204819508e-05
76.2943060302735,12.978692307764252,0.00013824475172441453
76.2943060302735,13.119113532864397,0.0002639892918523401
76.2943060302735,13.25953475796454,4.556863132165745e-05
76.2943060302735,13.399955983064684,4.284522219677456e-05
76.2943060302735,13.540377208164829,-4.708373580797343e-06
76.2943060302735,13.680798433264972,0.00028164865216240287
76.2943060302735,13.821219658365118,5.100995986140333e-05
76.2943060302735,13.96164088346526,0.00024956176639534533
76.2943060302735,14.102062108565406,-0.00016005498764570802
76.2943060302735,14.24248333366555,0.0001803857448976487
76.2943060302735,14.382904558765697,-0.00025384360924363136
76.2943060302735,14.52332578386584,-1.875561792985536e-05
76.2943060302735,14.663747008965984,0.0002634198754094541
76.2943060302735,14.804168234066127,0.0002665337233338505
76.2943060302735,14.944589459166272,0.0002504464064259082
76.2943060302735,15.085010684266416,-1.4227379324438516e-05
76.2943060302735,15.22543190936656,0.00023380157654173672
76.2943060302735,15.365853134466704,0.00018426663882564753
76.2943060302735,15.506274359566849,0.00010023893264587969
76.2943060302735,15.646695584666992,6.190939893713221e-05
76.2943060302735,15.787116809767138,-5.3423642384586856e-05
76.2943060302735,15.927538034867284,0.00022459932370111346
76.2943060302735,16.067959259967427,-6.885219045216218e-05
76.2943060302735,16.208380485067572,7.567229476990178e-05
76.2943060302735,16.348801710167713,0.00016277583199553192
76.2943060302735,16.48922293526786,7.756787817925215e-05
76.2943060302735,16.629644160368002,0.00020883508841507137
76.2943060302735,16.770065385468147,0.00019752755179069936
76.2943060302735,16.91048661056829,0.000291217933408916
76.2943060302735,17.050907835668436,0.0001543110702186823
76.2943060302735,17.19132906076858,0.00011250072566326708
76.2943060302735,17.331750285868726,0.00029724204796366394
76.2943060302735,17.47217151096887,0.000236265710555017
76.2943060302735,17.612592736069015,5.418454384198412e-05
76.2943060302735,17.75301396116916,
76.2943060302735,17.8934351862693,7.983561226865277e-05
76.2943060302735,18.033856411369445,7.146585994632915e-05
76.2943060302735,18.17427763646959,7.383036972896662e-06
76.2943060302735,18.31469886156973,
76.2943060302735,18.45512008666988,0.00016398238949477673
76.4343060302735,11.574480056762807,6.40143480268307e-05
76.4343060302735,11.714901281862954,-9.519040759187192e-05
76.4343060302735,11.855322506963098,0.00010190459579462186
76.4343060302735,11.99574373206324,-1.8593351342133246e-05
76.4343060302735,12.136164957163386,5.868508014827967e-05
76.4343060302735,12.27658618226353,-6.70605877530761e-05
76.4343060302735,12.417007407363675,0.00020647172641474754
76.4343060302735,12.55742863246382,0.00013144676631782204
76.4343060302735,12.697849857563964,1.1056792573072016e-05
76.4343060302735,12.838271082664107,6.574358849320561e-05
76.4343060302735,12.978692307764252,0.0001087166165234521
76.4343060302735,13.119113532864397,0.0001236815587617457
76.4343060302735,13.25953475796454,0.0003776030207518488
76.4343060302735,13.399955983064684,5.6226675951620564e-05
76.4343060302735,13.540377208164829,-0.0002056388184428215
76.4343060302735,13.680798433264972,-6.119090539868921e-05
76.4343060302735,13.821219658365118,0.00011717797315213829
76.4343060302735,13.96164088346526,-3.7849153159186244e-05
76.4343060302735,14.102062108565406,0.0003156806924380362
76.4343060302735,14.24248333366555,0.00020601887081284076
76.4343060302735,14.382904558765697,0.00015462390729226172
76.4343060302735,14.52332578386584,0.00014144847227726132
76.4343060302735,14.663747008965984,0.0001755725097609684
76.4343060302735,14.804168234066127,1.750913361320272e-05
76.4343060302735,14.944589459166272,7.246178574860096e-05
76.4343060302735,15.085010684266416,0.00017974652291741222
76.4343060302735,15.22543190936656,0.00019091370631940663
76.4343060302735,15.365853134466704,8.527360478183255e-06
76.4343060302735,15.506274359566849,0.00012277376663405448
76.4343060302735,15.646695584666992,-1.105533738154918e-05
76.4343060302735,15.787116809767138,6.539751484524459e-05
76.4343060302735,15.927538034867284,5.0179583922727033e-05
76.4343060302735,16.067959259967427,0.00014188847853802145
76.4343060302735,16.208380485067572,7.20884490874596e-05
76.4343060302735,16.348801710167713,0.0002595262194518
76.4343060302735,16.48922293526786,5.3697876865044236e-05
76.4343060302735,16.629644160368002,-1.746709858707618e-05
76.4343060302735,16.770065385468147,0.00017135452071670443
76.4343060302735,16.91048661056829,8.672491821926087e-05
76.4343060302735,17.050907835668436,0.0002701639023143798
76.4343060302735,17.19132906076858,3.912947795470245e-05
76.4343060302735,17.331750285868726,7.425119110848755e-05
76.4343060302735,17.47217151096887,-5.4602118325419724e-05
76.4343060302735,17.612592736069015,0.00015172426356002688
76.4343060302735,17.75301396116916,9.484693873673677e-05
76.4343060302735,17.8934351862693,0.00015869071648921818
76.4343060302735,18.033856411369445,0.0001286016049562022
76.4343060302735,18.17427763646959,2.125536593666766e-05
76.4343060302735,18.31469886156973,0.00021216986351646483
76.4343060302735,18.45512008666988,
76.5743060302735,11.574480056762807,1.5132681255636271e-05
76.5743060302735,11.714901281862954,0.0004598364175762981
76.5743060302735,11.855322506963098,0.0002737234462983906
76.5743060302735,11.99574373206324,2.812880302371923e-05
76.5743060302735,12.136164957163386,9.750861499924213e-05
76.5743060302735,12.27658618226353,-0.00011739123874576762
76.5743060302735,12.417007407363675,7.641719275852665e-05
76.5743060302735,12.55742863246382,-2.1064111933810636e-05
76.5743060302735,12.697849857563964,-6.16272518527694e-05
76.5743060302735,12.838271082664107,-4.023675501230173e-05
76.5743060302735,12.978692307764252,-4.3532108975341544e-05
76.5743060302735,13.119113532864397,2.0853691239608452e-05
76.5743060302735,13.25953475796454,0.0001084893592633307
76.5743060302735,13.399955983064684,-7.845116488169879e-05
76.5743060302735,13.540377208164829,4.3952120904577896e-05
76.5743060302735,13.680798433264972,2.7916992166865384e-06
76.5743060302735,13.821219658365118,2.0104995201108977e-05
76.5743060302735,13.96164088346526,0.00029356300365179777
76.5743060302735,14.102062108565406,-2.2729518605046906e-05
76.5743060302735,14.24248333366555,0.00010676102101569995
76.5743060302735,14.382904558765697,-5.278195021674037e-05
76.5743060302735,14.52332578386584,-2.369479443586897e-05
76.5743060302735,14.663747008965984,0.000128486892208457
76.5743060302735,14.804168234066127,3.569174441508949e-05
76.5743060302735,14.944589459166272,8.16858300822787e-05
76.5743060302735,15.085010684266416,0.00018975776038132608
76.5743060302735,15.22543190936656,0.00011042942787753418
76.5743060302735,15.365853134466704,3.478332291706465e-05
76.5743060302735,15.506274359566849,0.00012841791613027453
76.5743060302735,15.646695584666992,0.00016498463810421526
76.5743060302735,15.787116809767138,9.180827328236774e-05
76.5743060302735,15.927538034867284,0.0002112601068802178
76.5743060302735,16.067959259967427,0.00015771893959026784
76.5743060302735,16.208380485067572,8.588820492150262e-05
76.5743060302735,16.348801710167713,-7.556109721917892e-06
76.5743060302735,16.48922293526786,0.00010847157682292163
76.5743060302735,16.629644160368002,0.0001119003354688175
76.5743060302735,16.770065385468147,7.572607046313351e-06
76.5743060302735,16.91048661056829,5.141144720255397e-05
76.5743060302735,17.050907835668436,0.00016990707081276923
76.5743060302735,17.19132906076858,3.301059223304037e-06
76.5743060302735,17.331750285868726,0.00011202567111467943
76.5743060302735,17.47217151096887,5.15377068950329e-05
76.5743060302735,17.612592736069015,0.00010758284770417958
76.5743060302735,17.75301396116916,0.0003413366503082216
76.5743060302735,17.8934351862693,0.00018037993868347257
76.5743060302735,18.033856411369445,0.00012214250455144793
76.5743060302735,18.17427763646959,1.4582367839466315e-05
76.5743060302735,18.31469886156973,0.0002652364200912416
76.5743060302735,18.45512008666988,-0.00010623556590871885
76.7143060302735,11.574480056762807,1.7128251784015447e-05
76.7143060302735,11.714901281862954,5.0581173127284274e-05
76.7143060302735,11.855322506963098,2.863299596356228e-05
76.7143060302735,11.99574373206324,5.0618898967513815e-05
76.7143060302735,12.136164957163386,0.00011547865142347291
76.7143060302735,12.27658618226353,-3.779586768359877e-05
76.7143060302735,12.417007407363675,7.129817822715268e-05
76.7143060302735,12.55742863246382,2.8154199753771536e-05
76.7143060302735,12.697849857563964,1.1608429304033052e-05
76.7143060302735,12.838271082664107,0.00023272968246601522
76.7143060302735,12.978692307764252,6.361224950524047e-05
76.7143060302735,13.119113532864397,-0.00013364134065341204
76.7143060302735,13.25953475796454,2.99914563584025e-06
76.7143060302735,13.399955983064684,5.6195578508777544e-05
76.7143060302735,13.540377208164829,-6.331963231787086e-05
76.7143060302735,13.680798433264972,0.00011570501374080777
76.7143060302735,13.821219658365118,0.00013699669216293842
76.7143060302735,13.96164088346526,0.00011827706475742161
76.7143060302735,14.102062108565406,-5.5843549489509314e-05
76.7143060302735,14.24248333366555,0.0001763246691552922
76.7143060302735,14.382904558765697,-9.732227226777468e-06
76.7143060302735,14.52332578386584,6.823480362072587e-05
76.7143060302735,14.663747008965984,6.69574219500646e-05
76.7143060302735,14.804168234066127,0.00035755225690081716
76.7143060302735,14.944589459166272,0.00019099262135569006
76.7143060302735,15.085010684266416,3.59935438609682e-05
76.7143060302735,15.22543190936656,8.929354225983843e-05
76.7143060302735,15.365853134466704,-4.744082161778351e-06
76.7143060302735,15.506274359566849,-7.203008863143623e-05
76.7143060302735,15.646695584666992,8.065110159805045e-05
76.7143060302735,15.787116809767138,7.445029496011557e-06
76.7143060302735,15.927538034867284,0.0003426626499276608
76.7143060302735,16.067959259967427,-5.2091709221713245e-05
76.7143060302735,16.208380485067572,8.421069651376456e-05
76.7143060302735,16.348801710167713,-0.00027869822224602103
76.7143060302735,16.48922293526786,0.00016568845603615046
76.7143060302735,16.629644160368002,
76.7143060302735,16.770065385468147,-5.607082130154595e-05
76.7143060302735,16.91048661056829,4.302432353142649e-05
76.7143060302735,17.050907835668436,0.00014403980458155274
76.7143060302735,17.19132906076858,0.00017111568013206124
76.7143060302735,17.331750285868726,6.106709770392627e-05
76.7143060302735,17.47217151096887,-6.246880275284639e-06
76.7143060302735,17.612592736069015,0.00010935115278698504
76.7143060302735,17.75301396116916,0.00025307622854597867
76.7143060302735,17.8934351862693,9.96576200122945e-05
76.7143060302735,18.033856411369445,0.00029034889303147793
76.7143060302735,18.17427763646959,0.00011730880942195654
76.7143060302735,18.31469886156973,0.0001932195882545784
76.7143060302735,18.45512008666988,0.0002758170594461262
76.8543060302735,11.574480056762807,2.9467801141436212e-05
76.8543060302735,11.714901281862954,0.00013481751375366002
76.8543060302735,11.855322506963098,1.707688170426991e-05
76.8543060302735,11.99574373206324,8.753780275583267e-05
76.8543060302735,12.136164957163386,5.566965410253033e-05
76.8543060302735,12.27658618226353,-0.000115414775791578
76.8543060302735,12.417007407363675,2.8385427867760882e-05
76.8543060302735,12.55742863246382,7.499152707168832e-05
76.8543060302735,12.697849857563964,0.00013206280709709972
76.8543060302735,12.838271082664107,0.00033603899646550417
76.8543060302735,12.978692307764252,0.00010663183638826013
76.8543060302735,13.119113532864397,9.122712799580768e-05
76.8543060302735,13.25953475796454,0.0001235174131579697
76.8543060302735,13.399955983064684,0.0001941141381394118
76.8543060302735,13.540377208164829,0.00015014111704658717
76.8543060302735,13.680798433264972,7.892721623647958e-05
76.8543060302735,13.821219658365118,-7.588468724861741e-05
76.8543060302735,13.96164088346526,0.0001339392620138824
76.8543060302735,14.102062108565406,-6.966803630348295e-05
76.8543060302735,14.24248333366555,-9.59401368163526e-05
76.8543060302735,14.382904558765697,0.00016775514814071357
76.8543060302735,14.52332578386584,0.00018541426106821746
76.8543060302735,14.663747008965984,-2.872860204661265e-05
76.8543060302735,14.804168234066127,0.0002175173140130937
76.8543060302735,14.944589459166272,0.0001465822133468464
76.8543060302735,15.085010684266416,-7.356374408118427e-05
76.8543060302735,15.22543190936656,-0.0002475084038451314
76.8543060302735,15.365853134466704,-0.00020479358499869704
76.8543060302735,15.506274359566849,1.9239478206145577e-05
76.8543060302735,15.646695584666992,-2.7223229608352995e-06
76.8543060302735,15.787116809767138,9.911100642057136e-05
76.8543060302735,15.927538034867284,3.443559762672521e-05
76.8543060302735,16.067959259967427,0.00026056612841784954
76.8543060302735,16.208380485067572,4.3014682887587696e-05
76.8543060302735,16.348801710167713,0.00020771029812749475
76.8543060302735,16.48922293526786,8.595449617132545e-05
76.8543060302735,16.629644160368002,9.000778663903475e-05
76.8543060302735,16.770065385468147,9.037458221428096e-05
76.8543060302735,16.91048661056829,-6.541983020724729e-05
76.8543060302735,17.050907835668436,0.0002093734365189448
76.8543060302735,17.19132906076858,3.2949312299024314e-05
76.8543060302735,17.331750285868726,0.0002175471599912271
76.8543060302735,17.47217151096887,3.271539753768593e-05
76.8543060302735,17.612592736069015,0.00028748661861754954
76.8543060302735,17.75301396116916,3.168965849909e-05
76.8543060302735,17.8934351862693,0.0002609377552289516
76.8543060302735,18.033856411369445,0.00010615059727570042
76.8543060302735,18.17427763646959,0.00019908002286683768
76.8543060302735,18.31469886156973,0.0003085219650529325
76.8543060302735,18.45512008666988,0.0004258466651663184
76.9943060302735,11.574480056762807,-0.0001364854833809659
76.9943060302735,11.714901281862954,1.5746378267067485e-05
76.9943060302735,11.855322506963098,-5.328368933987804e-05
76.9943060302735,11.99574373206324,-6.814838343416341e-06
76.9943060302735,12.136164957163386,0.00012586133379954845
76.9943060302735,12.27658618226353,-1.3718263289774768e-05
76.9943060302735,12.417007407363675,0.0001487530389567837
76.9943060302735,12.55742863246382,0.0002574278914835304
76.9943060302735,12.697849857563964,-7.225396984722465e-05
76.9943060302735,12.838271082664107,0.00011259780148975551
76.9943060302735,12.978692307764252,-0.00011054015340050682
76.9943060302735,13.119113532864397,0.00020677415886893868
76.9943060302735,13.25953475796454,-9.644150122767314e-05
76.9943060302735,13.399955983064684,-6.709359877277166e-05
76.9943060302735,13.540377208164829,-0.00013007898814976215
76.9943060302735,13.680798433264972,8.994175004772842e-05
76.9943060302735,13.821219658365118,0.00023601559223607183
76.9943060302735,13.96164088346526,0.00013378325093071908
76.9943060302735,14.102062108565406,0.00019461651390884072
76.9943060302735,14.24248333366555,-4.502709998632781e-06
76.9943060302735,14.382904558765697,0.00030614627758041024
76.9943060302735,14.52332578386584,0.00012983688793610781
76.9943060302735,14.663747008965984,-0.00010059368651127443
76.9943060302735,14.804168234066127,-6.50326837785542e-05
76.9943060302735,14.944589459166272,-0.00021120104065630585
76.9943060302735,15.085010684266416,-0.000208221870707348
76.9943060302735,15.22543190936656,-3.5024917451664805e-05
76.9943060302735,15.365853134466704,0.00036830329918302596
76.9943060302735,15.506274359566849,2.804299583658576e-05
76.9943060302735,15.646695584666992,7.606670260429382e-05
76.9943060302735,15.787116809767138,0.0001782126200851053
76.9943060302735,15.927538034867284,0.00023207461345009506
76.9943060302735,16.067959259967427,-1.1238971637794748e-05
76.9943060302735,16.208380485067572,-3.824865416390821e-05
76.9943060302735,16.348801710167713,1.4483724044112023e-05
76.9943060302735,16.48922293526786,0.00017438989016227424
76.9943060302735,16.629644160368002,6.96932474966161e-05
76.9943060302735,16.770065385468147,-1.7429487115805387e-06
76.9943060302735,16.91048661056829,1.75044551724568e-05
76.9943060302735,17.050907835668436,0.0003249417059123516
76.9943060302735,17.19132906076858,4.926438850816339e-05
76.9943060302735,17.331750285868726,0.0001753476244630292
76.9943060302735,17.47217151096887,-3.015113361470867e-05
76.9943060302735,17.612592736069015,0.0004083125968463719
76.9943060302735,17.75301396116916,-3.874264075420797e-05
76.9943060302735,17.8934351862693,0.0002985814062412828
76.9943060302735,18.033856411369445,0.00013406036305241287
76.9943060302735,18.17427763646959,0.00021646328968927264
76.9943060302735,18.31469886156973,-0.00012772472109645605
76.9943060302735,18.45512008666988,0.00017608908819966018
77.1343060302735,11.574480056762807,-7.137338980101049e-05
77.1343060302735,11.714901281862954,4.686837564804591e-05
77.1343060302735,11.855322506963098,4.5581145968753844e-05
77.1343060302735,11.99574373206324,4.45264158770442e-05
77.1343060302735,12.136164957163386,6.136222509667277e-05
77.1343060302735,12.27658618226353,7.665543671464548e-05
77.1343060302735,12.417007407363675,5.4045467550167814e-05
77.1343060302735,12.55742863246382,0.00026946590514853597
77.1343060302735,12.697849857563964,0.0006308126612566411
77.1343060302735,12.838271082664107,9.790522017283365e-05
77.1343060302735,12.978692307764252,8.04272076493362e-06
77.1343060302735,13.119113532864397,1.918780526466435e-06
77.1343060302735,13.25953475796454,0.0002664895437192172
77.1343060302735,13.399955983064684,-5.354007953428663e-05
77.1343060302735,13.540377208164829,6.254693289520219e-05
77.1343060302735,13.680798433264972,0.00026159072876907885
77.1343060302735,13.821219658365118,-0.00010977341298712417
77.1343060302735,13.96164088346526,5.806423359899782e-06
77.1343060302735,14.102062108565406,0.00026449994766153395
77.1343060302735,14.24248333366555,0.0002159147261409089
77.1343060302735,14.382904558765697,0.0002266618685098365
77.1343060302735,14.52332578386584,0.00029745165375061333
77.1343060302735,14.663747008965984,0.00036913552321493626
77.1343060302735,14.804168234066127,-0.0001183971471618861
77.1343060302735,14.944589459166272,-1.3229318938101642e-05
77.1343060302735,15.085010684266416,0.00010686145105864853
77.1343060302735,15.22543190936656,2.643557127157692e-05
77.1343060302735,15.365853134466704,3.382212162250653e-05
77.1343060302735,15.506274359566849,3.4986725950147957e-05
77.1343060302735,15.646695584666992,
77.1343060302735,15.787116809767138,0.0003225676773581654
77.1343060302735,15.927538034867284,0.00018578101298771799
77.1343060302735,16.067959259967427,9.659607894718647e-05
77.1343060302735,16.208380485067572,-4.362492109066807e-05
77.1343060302735,16.348801710167713,-8.369245188077912e-05
77.1343060302735,16.48922293526786,-0.00025757303228601813
77.1343060302735,16.629644160368002,2.361599945288617e-05
77.1343060302735,16.770065385468147,-5.012676410842687e-06
77.1343060302735,16.91048661056829,8.909324242267758e-05
77.1343060302735,17.050907835668436,-5.083975793240825e-06
77.1343060302735,17.19132906076858,0.00012080992746632546
77.1343060302735,17.331750285868726,-6.925796333234757e-05
77.1343060302735,17.47217151096887,-0.0001736992853693664
77.1343060302735,17.612592736069015,0.00017543353897053748
77.1343060302735,17.75301396116916,
77.1343060302735,17.8934351862693,-0.00012508267536759377
77.1343060302735,18.033856411369445,-8.811704901745543e-05
77.1343060302735,18.17427763646959,-0.0002109299530275166
77.1343060302735,18.31469886156973,-8.229106242652051e-06
77.1343060302735,18.45512008666988,9.455645340494812e-05
77.27430603027351,11.574480056762807,
77.27430603027351,11.714901281862954,-2.4719505745451897e-05
77.27430603027351,11.855322506963098,6.170468259369954e-05
77.27430603027351,11.99574373206324,6.054851473891176e-05
77.27430603027351,12.136164957163386,0.00011172542872373015
77.27430603027351,12.27658618226353,-0.00010905317321885377
77.27430603027351,12.417007407363675,0.00016075301391538233
77.27430603027351,12.55742863246382,-7.057027687551454e-05
77.27430603027351,12.697849857563964,0.00017762246716301888
77.27430603027351,12.838271082664107,1.8702354282140732e-05
77.27430603027351,12.978692307764252,0.0001637974492041394
77.27430603027351,13.119113532864397,0.0002721849305089563
77.27430603027351,13.25953475796454,-2.8878124794573523e-05
77.27430603027351,13.399955983064684,0.00013546219270210713
77.27430603027351,13.540377208164829,-6.303795089479536e-05
77.27430603027351,13.680798433264972,5.712952042813413e-05
77.27430603027351,13.821219658365118,0.00013395346468314528
77.27430603027351,13.96164088346526,2.728188337641768e-05
77.27430603027351,14.102062108565406,0.00023729268286842853
77.27430603027351,14.24248333366555,-0.00010417118028271943
77.27430603027351,14.382904558765697,0.0001024855300784111
77.27430603027351,14.52332578386584,0.000218279761611484
77.27430603027351,14.663747008965984,-4.387972512631677e-05
77.27430603027351,14.804168234066127,-8.764900121605024e-05
77.27430603027351,14.944589459166272,0.00016416984726674855
77.27430603027351,15.085010684266416,0.0002319507475476712
77.27430603027351,15.22543190936656,0.0002454753266647458
77.27430603027351,15.365853134466704,-9.580104233464226e-05
77.27430603027351,15.506274359566849,1.149343097495148e-05
77.27430603027351,15.646695584666992,0.00019447648082859814
77.27430603027351,15.787116809767138,0.00016431897529400885
77.27430603027351,15.927538034867284,0.0002532469225116074
77.27430603027351,16.067959259967427,
77.27430603027351,16.208380485067572,-2.887795380956959e-05
77.27430603027351,16.348801710167713,-4.0053164411801845e-05
77.27430603027351,16.48922293526786,0.00027051588403992355
77.27430603027351,16.629644160368002,2.5956307581509463e-05
77.27430603027351,16.770065385468147,4.78618767374428e-06
77.27430603027351,16.91048661056829,7.186176662798971e-05
77.27430603027351,17.050907835668436,7.75569787947461e-05
77.27430603027351,17.19132906076858,0.0001185725923278369
77.27430603027351,17.331750285868726,0.00011166331387357786
77.27430603027351,17.47217151096887,
77.27430603027351,17.612592736069015,-0.00011785350216086954
77.27430603027351,17.75301396116916,7.247017492773011e-05
77.27430603027351,17.8934351862693,0.0001620548719074577
77.27430603027351,18.033856411369445,-3.7906491343164816e-05
77.27430603027351,18.17427763646959,0.00021940616716165096
77.27430603027351,18.31469886156973,0.0001428790856152773
77.27430603027351,18.45512008666988,7.160405948525295e-05
77.41430603027351,11.574480056762807,0.00019847469229716808
77.41430603027351,11.714901281862954,-6.567283435288118e-06
77.41430603027351,11.855322506963098,-2.156572554667946e-05
77.41430603027351,11.99574373206324,-0.00017167555051855743
77.41430603027351,12.136164957163386,0.0001232303911820054
77.41430603027351,12.27658618226353,2.9808377803419717e-05
77.41430603027351,12.417007407363675,7.734663813607767e-05
77.41430603027351,12.55742863246382,-4.6281951654236764e-05
77.41430603027351,12.697849857563964,0.00011131982319056988
77.41430603027351,12.838271082664107,-9.981109906220809e-05
77.41430603027351,12.978692307764252,-9.073910769075155e-05
77.41430603027351,13.119113532864397,0.00010393896081950516
77.41430603027351,13.25953475796454,-0.00019373017130419612
77.41430603027351,13.399955983064684,0.00010392126569058746
77.41430603027351,13.540377208164829,1.5387815437861718e-05
77.41430603027351,13.680798433264972,5.163590321899392e-05
77.41430603027351,13.821219658365118,0.00010105210822075605
77.41430603027351,13.96164088346526,-8.271869592135772e-05
77.41430603027351,14.102062108565406,0.0002460430550854653
77.41430603027351,14.24248333366555,-0.00012963188055437058
77.41430603027351,14.382904558765697,3.213039235561155e-05
77.41430603027351,14.52332578386584,3.4440308809280396e-05
77.41430603027351,14.663747008965984,0.00013907684478908777
77.41430603027351,14.804168234066127,3.2809421099955216e-05
77.41430603027351,14.944589459166272,0.0001735560508677736
77.41430603027351,15.085010684266416,0.0004934452590532601
77.41430603027351,15.22543190936656,-3.769074055526289e-06
77.41430603027351,15.365853134466704,0.0001663769653532654
77.41430603027351,15.506274359566849,0.0002841750392690301
77.41430603027351,15.646695584666992,0.00010168288281420246
77.41430603027351,15.787116809767138,1.131258704845095e-05
77.41430603027351,15.927538034867284,0.0001357887522317469
77.41430603027351,16.067959259967427,0.00014486401050817221
77.41430603027351,16.208380485067572,7.267569890245795e-05
77.41430603027351,16.348801710167713,-5.893362686038017e-05
77.41430603027351,16.48922293526786,-4.006664312328212e-05
77.41430603027351,16.629644160368002,0.00030839312239550054
77.41430603027351,16.770065385468147,0.00014395584003068507
77.41430603027351,16.91048661056829,-1.6872187188710086e-05
77.41430603027351,17.050907835668436,7.906457904027775e-05
77.41430603027351,17.19132906076858,6.0801758081652224e-05
77.41430603027351,17.331750285868726,0.00010382521577412263
77.41430603027351,17.47217151096887,-1.7931532170223363e-07
77.41430603027351,17.612592736069015,6.619126361329108e-05
77.41430603027351,17.75301396116916,0.00029425890534184873
77.41430603027351,17.8934351862693,9.504739864496514e-06
77.41430603027351,18.033856411369445,0.0002973866940010339
77.41430603027351,18.17427763646959,6.590765406144783e-05
77.41430603027351,18.31469886156973,0.00014542344433721155
77.41430603027351,18.45512008666988,-0.00015785425784997642
77.55430603027351,11.574480056762807,0.00024519037106074393
77.55430603027351,11.714901281862954,8.25954630272463e-05
77.55430603027351,11.855322506963098,-9.035071707330644e-05
77.55430603027351,11.99574373206324,0.0001703236484900117
77.55430603027351,12.136164957163386,0.0002114227245328948
77.55430603027351,12.27658618226353,3.485897104837932e-05
77.55430603027351,12.417007407363675,0.00027607756783254445
77.55430603027351,12.55742863246382,-6.765539001207799e-05
77.55430603027351,12.697849857563964,0.00014551467029377818
77.55430603027351,12.838271082664107,-8.601966692367569e-05
77.55430603027351,12.978692307764252,5.3607876907335594e-05
77.55430603027351,13.119113532864397,0.00032797743915580213
77.55430603027351,13.25953475796454,0.0003055860579479486
77.55430603027351,13.399955983064684,0.0003803889558184892
77.55430603027351,13.540377208164829,0.00016551717999391258
77.55430603027351,13.680798433264972,0.00017460000526625663
77.55430603027351,13.821219658365118,-9.285067062592134e-05
77.55430603027351,13.96164088346526,0.00017259288870263845
77.55430603027351,14.102062108565406,0.000253553269430995
77.55430603027351,14.24248333366555,-1.6272602806566283e-05
77.55430603027351,14.382904558765697,0.00021554529666900635
77.55430603027351,14.52332578386584,7.053923764033243e-05
77.55430603027351,14.663747008965984,8.522149437339976e-05
77.55430603027351,14.804168234066127,2.9780583645333536e-05
77.55430603027351,14.944589459166272,-7.403238851111382e-05
77.55430603027351,15.085010684266416,0.0002066577144432813
77.55430603027351,15.22543190936656,0.00010224111611023545
77.55430603027351,15.365853134466704,9.531871182844043e-05
77.55430603027351,15.506274359566849,-6.465789192589e-05
77.55430603027351,15.646695584666992,0.00013038179895374924
77.55430603027351,15.787116809767138,2.997830677031743e-07
77.55430603027351,15.927538034867284,0.00010787815699586645
77.55430603027351,16.067959259967427,0.000435020454460755
77.55430603027351,16.208380485067572,8.862440154189244e-05
77.55430603027351,16.348801710167713,0.00011353425361448899
77.55430603027351,16.48922293526786,0.00010115648910868913
77.55430603027351,16.629644160368002,0.0002522041031625122
77.55430603027351,16.770065385468147,0.00010019285400630906
77.55430603027351,16.91048661056829,0.00010055074380943552
77.55430603027351,17.050907835668436,0.00010337825369788334
77.55430603027351,17.19132906076858,2.7229703846387565e-05
77.55430603027351,17.331750285868726,4.6814708184683695e-05
77.55430603027351,17.47217151096887,0.00011727608944056556
77.55430603027351,17.612592736069015,0.00016438518650829792
77.55430603027351,17.75301396116916,0.00021622689382638782
77.55430603027351,17.8934351862693,2.9769649700028822e-05
77.55430603027351,18.033856411369445,0.0003421761211939156
77.55430603027351,18.17427763646959,0.00033570954110473394
77.55430603027351,18.31469886156973,-0.00012224407691974193
77.55430603027351,18.45512008666988,8.875052117218729e-06
77.69430603027351,11.574480056762807,3.373292202013545e-05
77.69430603027351,11.714901281862954,3.148974656141945e-06
77.69430603027351,11.855322506963098,-9.205293281411286e-06
77.69430603027351,11.99574373206324,4.5697015593759716e-05
77.69430603027351,12.136164957163386,5.0873408326879144e-05
77.69430603027351,12.27658618226353,2.140854121535085e-06
77.69430603027351,12.417007407363675,5.4061965784057975e-05
77.69430603027351,12.55742863246382,0.00022759543207939714
77.69430603027351,12.697849857563964,0.00018189135880675167
77.69430603027351,12.838271082664107,2.3391561626340263e-05
77.69430603027351,12.978692307764252,5.7860288507072255e-05
77.69430603027351,13.119113532864397,9.578776371199638e-06
77.69430603027351,13.25953475796454,3.5676050174515694e-05
77.69430603027351,13.399955983064684,0.00020475088967941701
77.69430603027351,13.540377208164829,0.00016093927843030542
77.69430603027351,13.680798433264972,4.653372161556035e-05
77.69430603027351,13.821219658365118,9.005406900541857e-05
77.69430603027351,13.96164088346526,8.535390225006267e-05
77.69430603027351,14.102062108565406,-7.463680958608165e-05
77.69430603027351,14.24248333366555,0.00018888674094341695
77.69430603027351,14.382904558765697,0.0002594871912151575
77.69430603027351,14.52332578386584,0.00010150975140277296
77.69430603027351,14.663747008965984,0.0001155444624600932
77.69430603027351,14.804168234066127,0.00021412571368273348
77.69430603027351,14.944589459166272,2.4365224817302078e-05
77.69430603027351,15.085010684266416,4.54590299341362e-05
77.69430603027351,15.22543190936656,2.9658949642907828e-05
77.69430603027351,15.365853134466704,8.802868978818879e-05
77.69430603027351,15.506274359566849,0.00016277583199553192
77.69430603027351,15.646695584666992,-6.912745448062196e-05
77.69430603027351,15.787116809767138,0.00019306756439618766
77.69430603027351,15.927538034867284,0.00027847845922224224
77.69430603027351,16.067959259967427,-8.952767529990524e-05
77.69430603027351,16.208380485067572,0.0002372102317167446
77.69430603027351,16.348801710167713,-0.00010779971489682794
77.69430603027351,16.48922293526786,0.00012004566815448925
77.69430603027351,16.629644160368002,9.907661296892911e-05
77.69430603027351,16.770065385468147,0.000160627270815894
77.69430603027351,16.91048661056829,8.111161150736734e-05
77.69430603027351,17.050907835668436,-8.80220795806963e-06
77.69430603027351,17.19132906076858,-3.874264075420797e-05
77.69430603027351,17.331750285868726,
77.69430603027351,17.47217151096887,
77.69430603027351,17.612592736069015,0.00039038460818119347
77.69430603027351,17.75301396116916,2.7861888156621717e-05
77.69430603027351,17.8934351862693,0.00041666129254736006
77.69430603027351,18.033856411369445,7.551191811216995e-05
77.69430603027351,18.17427763646959,-2.6387020625406876e-05
77.69430603027351,18.31469886156973,1.9096538380836137e-05
77.69430603027351,18.45512008666988,-6.864785245852545e-05
77.83430603027351,11.574480056762807,-0.00010371174721512944
77.83430603027351,11.714901281862954,-5.321530261426233e-05
77.83430603027351,11.855322506963098,1.9690498447744176e-05
77.83430603027351,11.99574373206324,0.00020240162848494947
77.83430603027351,12.136164957163386,-6.437193951569498e-05
77.83430603027351,12.27658618226353,0.00031302912975661457
77.83430603027351,12.417007407363675,0.00015623077342752367
77.83430603027351,12.55742863246382,-6.079009472159669e-05
77.83430603027351,12.697849857563964,0.00010622599074849859
77.83430603027351,12.838271082664107,7.560108497273177e-05
77.83430603027351,12.978692307764252,3.2852389267645776e-05
77.83430603027351,13.119113532864397,0.00022736757819075137
77.83430603027351,13.25953475796454,-4.997273572371341e-05
77.83430603027351,13.399955983064684,-4.018173422082327e-05
77.83430603027351,13.540377208164829,-3.968695455114357e-05
77.83430603027351,13.680798433264972,0.0001307448255829513
77.83430603027351,13.821219658365118,0.00011123988952022046
77.83430603027351,13.96164088346526,3.231099617551081e-05
77.83430603027351,14.102062108565406,0.00014496476796921343
77.83430603027351,14.24248333366555,0.00020825468527618796
77.83430603027351,14.382904558765697,8.027773583307862e-05
77.83430603027351,14.52332578386584,6.752599438186735e-05
77.83430603027351,14.663747008965984,6.814721564296633e-05
77.83430603027351,14.804168234066127,7.039171032374725e-05
77.83430603027351,14.944589459166272,9.116679575527087e-05
77.83430603027351,15.085010684266416,0.00017951174231711775
77.83430603027351,15.22543190936656,0.0002710677799768746
77.83430603027351,15.365853134466704,6.639894127147272e-05
77.83430603027351,15.506274359566849,-0.00014226722123567015
77.83430603027351,15.646695584666992,4.4153941416880116e-05
77.83430603027351,15.787116809767138,6.450816727010533e-05
77.83430603027351,15.927538034867284,-1.7007338101393543e-05
77.83430603027351,16.067959259967427,0.0001479324564570561
77.83430603027351,16.208380485067572,0.00014265206118579954
77.83430603027351,16.348801710167713,0.0004350398376118392
77.83430603027351,16.48922293526786,0.00033115455880761147
77.83430603027351,16.629644160368002,4.926438850816339e-05
77.83430603027351,16.770065385468147,0.00014544471923727542
77.83430603027351,16.91048661056829,-2.6881189114646986e-05
77.83430603027351,17.050907835668436,-7.758344145258889e-05
77.83430603027351,17.19132906076858,0.00025701132835820317
77.83430603027351,17.331750285868726,0.00018637643370311707
77.83430603027351,17.47217151096887,-0.00018856766109820455
77.83430603027351,17.612592736069015,0.0001753156102495268
77.83430603027351,17.75301396116916,8.856779459165409e-05
77.83430603027351,17.8934351862693,0.00016802332538645715
77.83430603027351,18.033856411369445,7.527034176746383e-05
77.83430603027351,18.17427763646959,-0.00017207239579875022
77.83430603027351,18.31469886156973,2.2024163627065718e-05
77.83430603027351,18.45512008666988,0.00011007861030520871
77.97430603027351,11.574480056762807,-7.700639980612323e-05
77.97430603027351,11.714901281862954,-4.027410250273533e-05
77.97430603027351,11.855322506963098,2.7656382371787913e-05
77.97430603027351,11.99574373206324,-3.2763728086138144e-05
77.97430603027351,12.136164957163386,-2.8769434720743448e-05
77.97430603027351,12.27658618226353,0.00017985292652156204
77.97430603027351,12.417007407363675,3.3658907341305166e-05
77.97430603027351,12.55742863246382,0.00030998847796581686
77.97430603027351,12.697849857563964,0.00010147095599677414
77.97430603027351,12.838271082664107,4.690327841672115e-05
77.97430603027351,12.978692307764252,2.933018549811095e-05
77.97430603027351,13.119113532864397,4.530616570264101e-05
77.97430603027351,13.25953475796454,7.30014216969721e-05
77.97430603027351,13.399955983064684,0.00020008413412142545
77.97430603027351,13.540377208164829,0.0002225935459136963
77.97430603027351,13.680798433264972,0.00022213853662833571
77.97430603027351,13.821219658365118,0.00012002883158857003
77.97430603027351,13.96164088346526,0.00012285726552363485
77.97430603027351,14.102062108565406,0.00012281067029107362
77.97430603027351,14.24248333366555,3.16530822601635e-05
77.97430603027351,14.382904558765697,-0.00021024791931267828
77.97430603027351,14.52332578386584,-6.664678949164227e-05
77.97430603027351,14.663747008965984,0.00025297258980572224
77.97430603027351,14.804168234066127,0.00011795343016274273
77.97430603027351,14.944589459166272,1.1529741641425062e-05
77.97430603027351,15.085010684266416,0.00019165000412613153
77.97430603027351,15.22543190936656,1.1237247235840186e-05
77.97430603027351,15.365853134466704,0.00012994497956242412
77.97430603027351,15.506274359566849,0.000282034685369581
77.97430603027351,15.646695584666992,0.0002210133388871327
77.97430603027351,15.787116809767138,0.0002336242760065943
77.97430603027351,15.927538034867284,-0.00014766539970878512
77.97430603027351,16.067959259967427,0.0002767120604403317
77.97430603027351,16.208380485067572,0.0002104101440636441
77.97430603027351,16.348801710167713,
77.97430603027351,16.48922293526786,-5.6562243116786703e-05
77.97430603027351,16.629644160368002,0.0002718773321248591
77.97430603027351,16.770065385468147,9.51854744926095e-05
77.97430603027351,16.91048661056829,6.625169044127688e-05
77.97430603027351,17.050907835668436,-0.00023800302005838603
77.97430603027351,17.19132906076858,7.574810297228396e-05
77.97430603027351,17.331750285868726,0.0002161623415304348
77.97430603027351,17.47217151096887,0.00039616061258129776
77.97430603027351,17.612592736069015,-0.00011648686631815508
77.97430603027351,17.75301396116916,0.00025605366681702435
77.97430603027351,17.8934351862693,0.00019734301895368844
77.97430603027351,18.033856411369445,0.00019911913841497153
77.97430603027351,18.17427763646959,4.1984869312727824e-05
77.97430603027351,18.31469886156973,0.0001879314804682508
77.97430603027351,18.45512008666988,0.0001287827326450497
78.11430603027351,11.574480056762807,-1.6656520529068075e-05
78.11430603027351,11.714901281862954,0.0001843252102844417
78.11430603027351,11.855322506963098,0.00015856164100114256
78.11430603027351,11.99574373206324,0.0003447868803050369
78.11430603027351,12.136164957163386,0.00018963488400913775
78.11430603027351,12.27658618226353,0.000122315002954565
78.11430603027351,12.417007407363675,0.0002276910381624475
78.11430603027351,12.55742863246382,-8.703608182258904e-05
78.11430603027351,12.697849857563964,2.8252274205442518e-05
78.11430603027351,12.838271082664107,0.00020722756744362414
78.11430603027351,12.978692307764252,8.908035670174286e-05
78.11430603027351,13.119113532864397,2.8505506634246558e-05
78.11430603027351,13.25953475796454,0.00013646170555148274
78.11430603027351,13.399955983064684,6.613332516280934e-05
78.11430603027351,13.540377208164829,-4.076633103977656e-06
78.11430603027351,13.680798433264972,0.00037296590744517744
78.11430603027351,13.821219658365118,-7.314360118471086e-05
78.11430603027351,13.96164088346526,3.0028219043742865e-05
78.11430603027351,14.102062108565406,4.0593655285192654e-05
78.11430603027351,14.24248333366555,0.00023178719857241958
78.11430603027351,14.382904558765697,8.858548426360358e-06
78.11430603027351,14.52332578386584,0.00011477931548142806
78.11430603027351,14.663747008965984,0.00015527912182733417
78.11430603027351,14.804168234066127,0.00031834447872824967
78.11430603027351,14.944589459166272,0.00011623959289863706
78.11430603027351,15.085010684266416,0.00019216741202399135
78.11430603027351,15.22543190936656,0.00016787424101494253
78.11430603027351,15.365853134466704,0.00022907950915396214
78.11430603027351,15.506274359566849,-3.851029396173544e-05
78.11430603027351,15.646695584666992,5.491627689480083e-06
78.11430603027351,15.787116809767138,5.534276624530321e-06
78.11430603027351,15.927538034867284,0.00020775430311914533
78.11430603027351,16.067959259967427,0.0003280990058556199
78.11430603027351,16.208380485067572,0.0002612984098959714
78.11430603027351,16.348801710167713,0.0003222126979380846
78.11430603027351,16.48922293526786,0.0001271037763217464
78.11430603027351,16.629644160368002,0.00037044435157440603
78.11430603027351,16.770065385468147,-2.990035864058882e-05
78.11430603027351,16.91048661056829,-9.98686155071482e-05
78.11430603027351,17.050907835668436,0.0002017629740294069
78.11430603027351,17.19132906076858,5.116714601172134e-05
78.11430603027351,17.331750285868726,
78.11430603027351,17.47217151096887,0.0001565741840749979
78.11430603027351,17.612592736069015,0.0002579702704679221
78.11430603027351,17.75301396116916,5.3474315791390836e-05
78.11430603027351,17.8934351862693,0.00035020598443225026
78.11430603027351,18.033856411369445,0.00019423266348894686
78.11430603027351,18.17427763646959,-2.7340300221112557e-05
78.11430603027351,18.31469886156973,7.209227624116465e-05
78.11430603027351,18.45512008666988,0.00020696430874522775
78.25430603027351,11.574480056762807,0.0003286027058493346
78.25430603027351,11.714901281862954,0.00018137072038371116
78.25430603027351,11.855322506963098,0.00013371076784096658
78.25430603027351,11.99574373206324,0.0001627330930205062
78.25430603027351,12.136164957163386,0.00014551467029377818
78.25430603027351,12.27658618226353,-3.1525396479992196e-05
78.25430603027351,12.417007407363675,0.0002068373723886907
78.25430603027351,12.55742863246382,7.565650776086841e-06
78.25430603027351,12.697849857563964,3.0561754101654515e-05
78.25430603027351,12.838271082664107,5.57680286874529e-05
78.25430603027351,12.978692307764252,1.3486185707733966e-05
78.25430603027351,13.119113532864397,0.00020270852837711573
78.25430603027351,13.25953475796454,0.00023343937937170267
78.25430603027351,13.399955983064684,-9.738370863487944e-05
78.25430603027351,13.540377208164829,-9.415137901669368e-05
78.25430603027351,13.680798433264972,-1.6663154383422807e-05
78.25430603027351,13.821219658365118,-0.00017294666031375527
78.25430603027351,13.96164088346526,0.00046860662405379117
78.25430603027351,14.102062108565406,0.00016522713121958077
78.25430603027351,14.24248333366555,0.00010397045844001696
78.25430603027351,14.382904558765697,0.000305960769765079
78.25430603027351,14.52332578386584,-2.7564456104300916e-05
78.25430603027351,14.663747008965984,0.000179932831088081
78.25430603027351,14.804168234066127,5.121078356751241e-05
78.25430603027351,14.944589459166272,2.5693858333397657e-05
78.25430603027351,15.085010684266416,0.00021387942251749337
78.25430603027351,15.22543190936656,0.00014748534886166453
78.25430603027351,15.365853134466704,0.0001360624301014468
78.25430603027351,15.506274359566849,0.00018586352234706283
78.25430603027351,15.646695584666992,0.00015259311476256698
78.25430603027351,15.787116809767138,8.111998613458127e-05
78.25430603027351,15.927538034867284,0.0001106730051105842
78.25430603027351,16.067959259967427,-7.081303192535415e-05
78.25430603027351,16.208380485067572,-6.586874951608479e-05
78.25430603027351,16.348801710167713,-0.00013489580305758864
78.25430603027351,16.48922293526786,0.00024972285609692335
78.25430603027351,16.629644160368002,0.0001364074123557657
78.25430603027351,16.770065385468147,6.862426380394027e-05
78.25430603027351,16.91048661056829,0.00011884897685376927
78.25430603027351,17.050907835668436,0.00026072710170410573
78.25430603027351,17.19132906076858,6.356935773510486e-05
78.25430603027351,17.331750285868726,0.00014333880972117186
78.25430603027351,17.47217151096887,5.423459515441209e-05
78.25430603027351,17.612592736069015,0.00017577871039975435
78.25430603027351,17.75301396116916,0.00020082089758943766
78.25430603027351,17.8934351862693,-6.373850192176178e-05
78.25430603027351,18.033856411369445,-0.00011002283281413838
78.25430603027351,18.17427763646959,8.61597727634944e-05
78.25430603027351,18.31469886156973,-8.866195275913924e-05
78.25430603027351,18.45512008666988,0.00026217641425319016
78.39430603027351,11.574480056762807,0.00010064095113193616
78.39430603027351,11.714901281862954,-4.43606177213951e-06
78.39430603027351,11.855322506963098,-7.38800736144185e-05
78.39430603027351,11.99574373206324,0.00016425360809080303
78.39430603027351,12.136164957163386,2.9327362426556647e-05
78.39430603027351,12.27658618226353,-0.00017316648154519498
78.39430603027351,12.417007407363675,0.0002313482400495559
78.39430603027351,12.55742863246382,0.00020148341718595475
78.39430603027351,12.697849857563964,6.756384391337633e-05
78.39430603027351,12.838271082664107,1.0476779607415665e-05
78.39430603027351,12.978692307764252,0.0001474100281484425
78.39430603027351,13.119113532864397,8.23144509922713e-05
78.39430603027351,13.25953475796454,-8.560526475775987e-05
78.39430603027351,13.399955983064684,0.00030867091845721006
78.39430603027351,13.540377208164829,-9.954817869584076e-06
78.39430603027351,13.680798433264972,-0.00014955500955693424
78.39430603027351,13.821219658365118,7.719088171143085e-05
78.39430603027351,13.96164088346526,0.00029807272949256003
78.39430603027351,14.102062108565406,0.00020355367450974882
78.39430603027351,14.24248333366555,0.0004018885374534875
78.39430603027351,14.382904558765697,4.106534106540494e-05
78.39430603027351,14.52332578386584,0.00021596973238047212
78.39430603027351,14.663747008965984,0.00023515943030361086
78.39430603027351,14.804168234066127,6.961265171412379e-05
78.39430603027351,14.944589459166272,0.00015966295904945582
78.39430603027351,15.085010684266416,-4.9348509492119774e-05
78.39430603027351,15.22543190936656,1.6178712030523457e-05
78.39430603027351,15.365853134466704,0.00024370769097004086
78.39430603027351,15.506274359566849,5.960656199022196e-05
78.39430603027351,15.646695584666992,0.00010187731822952628
78.39430603027351,15.787116809767138,0.0001138430307037197
78.39430603027351,15.927538034867284,0.00011678838200168684
78.39430603027351,16.067959259967427,7.211221236502752e-05
78.39430603027351,16.208380485067572,9.347755258204415e-05
78.39430603027351,16.348801710167713,-8.26287578092888e-05
78.39430603027351,16.48922293526786,0.0003040402370970696
78.39430603027351,16.629644160368002,7.183823618106544e-05
78.39430603027351,16.770065385468147,0.0001726347691146657
78.39430603027351,16.91048661056829,0.00022362013987731189
78.39430603027351,17.050907835668436,-0.00010204075078945607
78.39430603027351,17.19132906076858,0.00011398513743188232
78.39430603027351,17.331750285868726,-6.091715476941317e-06
78.39430603027351,17.47217151096887,4.114105468033813e-05
78.39430603027351,17.612592736069015,9.846592001849785e-05
78.39430603027351,17.75301396116916,0.00010247580939903855
78.39430603027351,17.8934351862693,1.7596328689251095e-05
78.39430603027351,18.033856411369445,0.00019849694217555225
78.39430603027351,18.17427763646959,4.0322182030649856e-05
78.39430603027351,18.31469886156973,6.76316485623829e-05
78.39430603027351,18.45512008666988,0.00020994959049858153
78.53430603027351,11.574480056762807,-0.00016372391837649047
78.53430603027351,11.714901281862954,7.946948608150706e-05
78.53430603027351,11.855322506963098,0.0001183374915854074
78.53430603027351,11.99574373206324,0.00010633243800839409
78.53430603027351,12.136164957163386,-0.00016957087791524827
78.53430603027351,12.27658618226353,0.00015108255320228636
78.53430603027351,12.417007407363675,-6.66415216983296e-05
78.53430603027351,12.55742863246382,-4.9926060455618426e-05
78.53430603027351,12.697849857563964,8.362121297977865e-05
78.53430603027351,12.838271082664107,1.3941985343990382e-05
78.53430603027351,12.978692307764252,0.000174491127836518
78.53430603027351,13.119113532864397,0.00013640127144753933
78.53430603027351,13.25953475796454,3.824062514468096e-05
78.53430603027351,13.399955983064684,5.7484103308524936e-05
78.53430603027351,13.540377208164829,-2.575380858615972e-05
78.53430603027351,13.680798433264972,2.2252281269175e-05
78.53430603027351,13.821219658365118,0.00014643433678429574
78.53430603027351,13.96164088346526,6.1744326558255125e-06
78.53430603027351,14.102062108565406,0.00010975440818583593
78.53430603027351,14.24248333366555,8.134085510391742e-05
78.53430603027351,14.382904558765697,9.420675633009523e-05
78.53430603027351,14.52332578386584,-0.00010528454004088417
78.53430603027351,14.663747008965984,0.00023890552984084934
78.53430603027351,14.804168234066127,0.0001535568299004808
78.53430603027351,14.944589459166272,-6.396652315743268e-05
78.53430603027351,15.085010684266416,0.0002987610932905227
78.53430603027351,15.22543190936656,3.229321737308055e-05
78.53430603027351,15.365853134466704,5.03903538628947e-05
78.53430603027351,15.506274359566849,0.00011680099851218984
78.53430603027351,15.646695584666992,-5.835671254317276e-05
78.53430603027351,15.787116809767138,-3.672779712360352e-05
78.53430603027351,15.927538034867284,3.41017366736196e-05
78.53430603027351,16.067959259967427,-5.1816474297083914e-05
78.53430603027351,16.208380485067572,0.00015442390576936305
78.53430603027351,16.348801710167713,0.00012339929526206106
78.53430603027351,16.48922293526786,0.00022245192667469382
78.53430603027351,16.629644160368002,0.00023142802820075303
78.53430603027351,16.770065385468147,5.4672716942150146e-05
78.53430603027351,16.91048661056829,-5.831991438753903e-05
78.53430603027351,17.050907835668436,
78.53430603027351,17.19132906076858,8.667124347994104e-05
78.53430603027351,17.331750285868726,4.587025978253223e-05
78.53430603027351,17.47217151096887,0.000108212188933976
78.53430603027351,17.612592736069015,3.4605240216478705e-05
78.53430603027351,17.75301396116916,0.00023226626217365265
78.53430603027351,17.8934351862693,0.00023239891743287444
78.53430603027351,18.033856411369445,0.00032537459628656507
78.53430603027351,18.17427763646959,-2.5120825739577413e-05
78.53430603027351,18.31469886156973,0.00013480708003044128
78.53430603027351,18.45512008666988,0.00020015555492136627
