longitude,latitude,Co_value(mol/m^2)
68.18624877929699,20.12079811096192,0.0303112342953681
68.18624877929699,20.26407909393311,0.0292001757770776
68.18624877929699,20.407360076904304,0.0334002040326595
68.18624877929699,20.5506410598755,0.0248165726661682
68.18624877929699,20.69392204284669,0.0260607935488224
68.18624877929699,20.837203025817885,0.0265516191720962
68.18624877929699,20.98048400878908,0.0313092023134231
68.18624877929699,21.123764991760275,
68.18624877929699,21.26704597473147,0.0263362433761358
68.18624877929699,21.410326957702665,0.0317644365131855
68.18624877929699,21.55360794067386,
68.18624877929699,21.69688892364505,
68.18624877929699,21.840169906616246,
68.18624877929699,21.98345088958744,
68.18624877929699,22.12673187255864,
68.18624877929699,22.27001285552983,0.0325997583568096
68.18624877929699,22.413293838501023,0.0293601434677839
68.18624877929699,22.55657482147222,0.0263196267187595
68.18624877929699,22.699855804443416,0.0259011276066303
68.18624877929699,22.84313678741461,
68.18624877929699,22.98641777038581,0.0271113328635692
68.18624877929699,23.129698753357,0.030483016744256
68.18624877929699,23.2729797363282,0.0299694947898387
68.18624877929699,23.416260719299387,0.0281705483794212
68.18624877929699,23.559541702270582,0.026954922825098
68.18624877929699,23.702822685241777,0.027756804600358
68.18624877929699,23.84610366821297,0.0262807477265596
68.18624877929699,23.989384651184167,0.0317360758781433
68.18624877929699,24.13266563415536,0.0309157781302928
68.18624877929699,24.27594661712656,0.026802709326148
68.18624877929699,24.41922760009775,0.0300497245043516
68.18624877929699,24.562508583068944,0.0294601209461689
68.18624877929699,24.70578956604014,0.0347034782171249
68.32624877929699,20.12079811096192,0.0289298389106988
68.32624877929699,20.26407909393311,0.0284880120307207
68.32624877929699,20.407360076904304,0.0296919587999582
68.32624877929699,20.5506410598755,0.0273099448531866
68.32624877929699,20.69392204284669,0.0321594551205635
68.32624877929699,20.837203025817885,0.0301119294017553
68.32624877929699,20.98048400878908,0.0281950514763593
68.32624877929699,21.123764991760275,0.028765158727765
68.32624877929699,21.26704597473147,0.0279490146785974
68.32624877929699,21.410326957702665,0.0261291619390249
68.32624877929699,21.55360794067386,0.0287375785410404
68.32624877929699,21.69688892364505,0.026446895673871
68.32624877929699,21.840169906616246,0.0269020143896341
68.32624877929699,21.98345088958744,
68.32624877929699,22.12673187255864,0.0313162915408611
68.32624877929699,22.27001285552983,0.0286873746663332
68.32624877929699,22.413293838501023,0.0278347004204988
68.32624877929699,22.55657482147222,0.0287143718451261
68.32624877929699,22.699855804443416,0.0285873357206583
68.32624877929699,22.84313678741461,0.0296821985393762
68.32624877929699,22.98641777038581,0.0316996797919273
68.32624877929699,23.129698753357,
68.32624877929699,23.2729797363282,0.0289090909063816
68.32624877929699,23.416260719299387,0.0288440901786088
68.32624877929699,23.559541702270582,0.0304343029856681
68.32624877929699,23.702822685241777,0.0317949727177619
68.32624877929699,23.84610366821297,0.0286406613886356
68.32624877929699,23.989384651184167,0.0267816688865423
68.32624877929699,24.13266563415536,0.0272081401199102
68.32624877929699,24.27594661712656,0.0257750544697046
68.32624877929699,24.41922760009775,0.0252872221171855
68.32624877929699,24.562508583068944,
68.32624877929699,24.70578956604014,0.0325850956141948
68.46624877929699,20.12079811096192,
68.46624877929699,20.26407909393311,0.0257263425737619
68.46624877929699,20.407360076904304,0.0298738274723291
68.46624877929699,20.5506410598755,0.0304117184132337
68.46624877929699,20.69392204284669,0.0293750017881393
68.46624877929699,20.837203025817885,0.0324267409741878
68.46624877929699,20.98048400878908,0.025799760594964
68.46624877929699,21.123764991760275,0.0330398008227348
68.46624877929699,21.26704597473147,0.0290136188268661
68.46624877929699,21.410326957702665,0.0265393331646919
68.46624877929699,21.55360794067386,0.0238619167357683
68.46624877929699,21.69688892364505,0.0301547273993492
68.46624877929699,21.840169906616246,0.0320439599454402
68.46624877929699,21.98345088958744,0.0302230343222618
68.46624877929699,22.12673187255864,0.029768344014883
68.46624877929699,22.27001285552983,0.0305187180638313
68.46624877929699,22.413293838501023,0.0285246912389993
68.46624877929699,22.55657482147222,0.0305077359080314
68.46624877929699,22.699855804443416,0.0275721233338117
68.46624877929699,22.84313678741461,0.0250778198242187
68.46624877929699,22.98641777038581,
68.46624877929699,23.129698753357,0.0295137241482734
68.46624877929699,23.2729797363282,0.029775682836771
68.46624877929699,23.416260719299387,0.0289602894335985
68.46624877929699,23.559541702270582,0.0337555967271328
68.46624877929699,23.702822685241777,0.0321336388587951
68.46624877929699,23.84610366821297,0.0260593350976705
68.46624877929699,23.989384651184167,0.0287739131599664
68.46624877929699,24.13266563415536,0.0289682298898696
68.46624877929699,24.27594661712656,0.0279653687030076
68.46624877929699,24.41922760009775,0.0275750402361154
68.46624877929699,24.562508583068944,
68.46624877929699,24.70578956604014,0.0257039461284875
68.60624877929699,20.12079811096192,0.0305710565298795
68.60624877929699,20.26407909393311,0.0272472985088825
68.60624877929699,20.407360076904304,0.0233725756406784
68.60624877929699,20.5506410598755,
68.60624877929699,20.69392204284669,0.0274305418133735
68.60624877929699,20.837203025817885,
68.60624877929699,20.98048400878908,0.0292778462171554
68.60624877929699,21.123764991760275,0.0302749741822481
68.60624877929699,21.26704597473147,0.0292062740772962
68.60624877929699,21.410326957702665,0.0350096188485622
68.60624877929699,21.55360794067386,0.0245590005069971
68.60624877929699,21.69688892364505,0.0273084882646799
68.60624877929699,21.840169906616246,0.0332707799971103
68.60624877929699,21.98345088958744,0.0299791265279054
68.60624877929699,22.12673187255864,0.0280486550182104
68.60624877929699,22.27001285552983,0.028886541724205
68.60624877929699,22.413293838501023,0.0262552350759506
68.60624877929699,22.55657482147222,0.0293420981615781
68.60624877929699,22.699855804443416,0.0312508083879947
68.60624877929699,22.84313678741461,0.0298590809106826
68.60624877929699,22.98641777038581,0.0271051116287708
68.60624877929699,23.129698753357,0.0330332890152931
68.60624877929699,23.2729797363282,0.026844909414649
68.60624877929699,23.416260719299387,
68.60624877929699,23.559541702270582,0.0255739782005548
68.60624877929699,23.702822685241777,0.0291162151843309
68.60624877929699,23.84610366821297,0.0268267858773469
68.60624877929699,23.989384651184167,0.0269173830747604
68.60624877929699,24.13266563415536,0.0319946222007274
68.60624877929699,24.27594661712656,0.0352918021380901
68.60624877929699,24.41922760009775,
68.60624877929699,24.562508583068944,
68.60624877929699,24.70578956604014,0.0360169634222984
68.74624877929699,20.12079811096192,0.0258871056139469
68.74624877929699,20.26407909393311,0.0299643706530332
68.74624877929699,20.407360076904304,0.0289120003581047
68.74624877929699,20.5506410598755,0.0268459785729646
68.74624877929699,20.69392204284669,0.028739595785737
68.74624877929699,20.837203025817885,0.029891075566411
68.74624877929699,20.98048400878908,
68.74624877929699,21.123764991760275,0.0269257556647062
68.74624877929699,21.26704597473147,0.0299184117466211
68.74624877929699,21.410326957702665,0.0268042292445898
68.74624877929699,21.55360794067386,0.0309288632124662
68.74624877929699,21.69688892364505,0.0309536457061767
68.74624877929699,21.840169906616246,0.0319712869822979
68.74624877929699,21.98345088958744,0.0292487610131502
68.74624877929699,22.12673187255864,0.0291702896356582
68.74624877929699,22.27001285552983,
68.74624877929699,22.413293838501023,0.0336996428668499
68.74624877929699,22.55657482147222,0.0325785130262374
68.74624877929699,22.699855804443416,0.0300642289221286
68.74624877929699,22.84313678741461,0.0306094121187925
68.74624877929699,22.98641777038581,0.0324881225824356
68.74624877929699,23.129698753357,0.0280605684965848
68.74624877929699,23.2729797363282,0.0274559706449508
68.74624877929699,23.416260719299387,0.0266467109322547
68.74624877929699,23.559541702270582,0.0295940712094306
68.74624877929699,23.702822685241777,0.0263368654996156
68.74624877929699,23.84610366821297,0.0267269480973482
68.74624877929699,23.989384651184167,
68.74624877929699,24.13266563415536,0.0244461335241794
68.74624877929699,24.27594661712656,0.0252054911106824
68.74624877929699,24.41922760009775,0.0296577271074056
68.74624877929699,24.562508583068944,0.0301756989210844
68.74624877929699,24.70578956604014,0.0263074338436126
68.88624877929699,20.12079811096192,
68.88624877929699,20.26407909393311,0.0256761834025383
68.88624877929699,20.407360076904304,0.0281051620841026
68.88624877929699,20.5506410598755,0.027278296649456
68.88624877929699,20.69392204284669,0.0318630374968051
68.88624877929699,20.837203025817885,0.0297385025769472
68.88624877929699,20.98048400878908,0.0298546962440013
68.88624877929699,21.123764991760275,0.0268483012914657
68.88624877929699,21.26704597473147,0.0312066935002803
68.88624877929699,21.410326957702665,0.0300199277698993
68.88624877929699,21.55360794067386,0.0307671092450618
68.88624877929699,21.69688892364505,0.0286705438047647
68.88624877929699,21.840169906616246,0.0297805573791265
68.88624877929699,21.98345088958744,0.0323962233960628
68.88624877929699,22.12673187255864,0.0282736327499151
68.88624877929699,22.27001285552983,0.0260181259363889
68.88624877929699,22.413293838501023,0.026394123211503
68.88624877929699,22.55657482147222,0.0295948162674903
68.88624877929699,22.699855804443416,0.0319007709622383
68.88624877929699,22.84313678741461,0.0282583013176918
68.88624877929699,22.98641777038581,0.0273791141808033
68.88624877929699,23.129698753357,0.0281677599996328
68.88624877929699,23.2729797363282,0.0298132617026567
68.88624877929699,23.416260719299387,0.0324289947748184
68.88624877929699,23.559541702270582,0.0253296457231044
68.88624877929699,23.702822685241777,0.026906382292509
68.88624877929699,23.84610366821297,0.0314418524503707
68.88624877929699,23.989384651184167,0.0287097711116075
68.88624877929699,24.13266563415536,0.0305068250745534
68.88624877929699,24.27594661712656,0.0327328108251094
68.88624877929699,24.41922760009775,0.0333592183887958
68.88624877929699,24.562508583068944,0.0285880621522665
68.88624877929699,24.70578956604014,0.0252457428723573
69.02624877929699,20.12079811096192,0.0322703719139099
69.02624877929699,20.26407909393311,0.0280755460262298
69.02624877929699,20.407360076904304,0.0272176340222358
69.02624877929699,20.5506410598755,0.024106927216053
69.02624877929699,20.69392204284669,0.0298325046896934
69.02624877929699,20.837203025817885,0.0321246013045311
69.02624877929699,20.98048400878908,0.0268087368458509
69.02624877929699,21.123764991760275,0.0326141119003295
69.02624877929699,21.26704597473147,0.0298596937209367
69.02624877929699,21.410326957702665,0.0284269209951162
69.02624877929699,21.55360794067386,0.0308736581355333
69.02624877929699,21.69688892364505,0.0316919609904289
69.02624877929699,21.840169906616246,0.0287530235946178
69.02624877929699,21.98345088958744,0.0294372234493494
69.02624877929699,22.12673187255864,0.0290302149951457
69.02624877929699,22.27001285552983,0.0302987154573202
69.02624877929699,22.413293838501023,0.0283669549971818
69.02624877929699,22.55657482147222,0.0306669548153877
69.02624877929699,22.699855804443416,0.0251468159258365
69.02624877929699,22.84313678741461,0.0272882338613271
69.02624877929699,22.98641777038581,0.0336475931107997
69.02624877929699,23.129698753357,0.0282664913684129
69.02624877929699,23.2729797363282,0.0296520628035068
69.02624877929699,23.416260719299387,0.0309858955442905
69.02624877929699,23.559541702270582,0.030011311173439
69.02624877929699,23.702822685241777,0.0260437373071908
69.02624877929699,23.84610366821297,0.0290209203958511
69.02624877929699,23.989384651184167,0.024371275678277
69.02624877929699,24.13266563415536,0.0303651932626962
69.02624877929699,24.27594661712656,0.034930694848299
69.02624877929699,24.41922760009775,0.0316411331295967
69.02624877929699,24.562508583068944,
69.02624877929699,24.70578956604014,0.0330193564295768
69.16624877929699,20.12079811096192,0.0362602807581424
69.16624877929699,20.26407909393311,0.0267369877547025
69.16624877929699,20.407360076904304,0.0275427587330341
69.16624877929699,20.5506410598755,0.0246782656759023
69.16624877929699,20.69392204284669,0.0274995453655719
69.16624877929699,20.837203025817885,0.0320090614259243
69.16624877929699,20.98048400878908,0.0287994388490915
69.16624877929699,21.123764991760275,0.0271310731768608
69.16624877929699,21.26704597473147,0.0305615533143281
69.16624877929699,21.410326957702665,
69.16624877929699,21.55360794067386,0.031405571848154
69.16624877929699,21.69688892364505,
69.16624877929699,21.840169906616246,0.0313747785985469
69.16624877929699,21.98345088958744,0.0265298746526241
69.16624877929699,22.12673187255864,0.0275152623653411
69.16624877929699,22.27001285552983,0.0336407087743282
69.16624877929699,22.413293838501023,0.030518552288413
69.16624877929699,22.55657482147222,0.0313527174293994
69.16624877929699,22.699855804443416,0.0287910737097263
69.16624877929699,22.84313678741461,
69.16624877929699,22.98641777038581,0.0291878748685121
69.16624877929699,23.129698753357,0.0274054780602455
69.16624877929699,23.2729797363282,0.0268996879458427
69.16624877929699,23.416260719299387,0.0275079831480979
69.16624877929699,23.559541702270582,0.0288511421531438
69.16624877929699,23.702822685241777,0.0320501737296581
69.16624877929699,23.84610366821297,0.0313672460615634
69.16624877929699,23.989384651184167,0.0336871482431888
69.16624877929699,24.13266563415536,
69.16624877929699,24.27594661712656,0.0312148928642272
69.16624877929699,24.41922760009775,0.0258563756942749
69.16624877929699,24.562508583068944,0.0322094075381755
69.16624877929699,24.70578956604014,0.0336806736886501
69.306248779297,20.12079811096192,0.029801245778799
69.306248779297,20.26407909393311,0.0271791759878397
69.306248779297,20.407360076904304,0.031149324029684
69.306248779297,20.5506410598755,0.0284785237163305
69.306248779297,20.69392204284669,0.0263362433761358
69.306248779297,20.837203025817885,0.0275505501776933
69.306248779297,20.98048400878908,0.0322922021150589
69.306248779297,21.123764991760275,0.0305975079536438
69.306248779297,21.26704597473147,0.0278980303555727
69.306248779297,21.410326957702665,0.0299417655915021
69.306248779297,21.55360794067386,0.0276656113564968
69.306248779297,21.69688892364505,0.0276801753789186
69.306248779297,21.840169906616246,0.0236862543970346
69.306248779297,21.98345088958744,0.0333550721406936
69.306248779297,22.12673187255864,0.0309328623116016
69.306248779297,22.27001285552983,0.029925487935543
69.306248779297,22.413293838501023,0.0293789040297269
69.306248779297,22.55657482147222,0.028528744354844
69.306248779297,22.699855804443416,0.0257697813212871
69.306248779297,22.84313678741461,0.0289347022771835
69.306248779297,22.98641777038581,
69.306248779297,23.129698753357,0.030684944242239
69.306248779297,23.2729797363282,0.0304071400314569
69.306248779297,23.416260719299387,0.028252912685275
69.306248779297,23.559541702270582,0.0287739131599664
69.306248779297,23.702822685241777,0.0303166359663009
69.306248779297,23.84610366821297,0.027540760114789
69.306248779297,23.989384651184167,0.0376513190567493
69.306248779297,24.13266563415536,0.0278970152139663
69.306248779297,24.27594661712656,0.0254608057439327
69.306248779297,24.41922760009775,0.0282612554728984
69.306248779297,24.562508583068944,0.0330473370850086
69.306248779297,24.70578956604014,0.0283897574990987
69.446248779297,20.12079811096192,0.0273192748427391
69.446248779297,20.26407909393311,0.0305479504168033
69.446248779297,20.407360076904304,
69.446248779297,20.5506410598755,0.0237527582794427
69.446248779297,20.69392204284669,0.0260851979255676
69.446248779297,20.837203025817885,0.028989303857088
69.446248779297,20.98048400878908,0.0257152952253818
69.446248779297,21.123764991760275,0.0348578058183193
69.446248779297,21.26704597473147,0.0339484512805938
69.446248779297,21.410326957702665,0.0297184512019157
69.446248779297,21.55360794067386,0.0293219182640314
69.446248779297,21.69688892364505,0.0316456221044063
69.446248779297,21.840169906616246,0.0284078568220138
69.446248779297,21.98345088958744,0.0324545428156852
69.446248779297,22.12673187255864,0.0310746412724256
69.446248779297,22.27001285552983,0.0330596640706062
69.446248779297,22.413293838501023,0.0291465427726507
69.446248779297,22.55657482147222,0.028433384373784
69.446248779297,22.699855804443416,0.030076827853918
69.446248779297,22.84313678741461,0.0287452358752489
69.446248779297,22.98641777038581,0.0276776105165481
69.446248779297,23.129698753357,
69.446248779297,23.2729797363282,0.0263724457472562
69.446248779297,23.416260719299387,0.0310749299824237
69.446248779297,23.559541702270582,0.0231809634715318
69.446248779297,23.702822685241777,0.0310444924980402
69.446248779297,23.84610366821297,0.0279044043272733
69.446248779297,23.989384651184167,
69.446248779297,24.13266563415536,0.0290872063487768
69.446248779297,24.27594661712656,0.0262455735355615
69.446248779297,24.41922760009775,0.0277123991400003
69.446248779297,24.562508583068944,0.0355036184191703
69.446248779297,24.70578956604014,0.0262345746159553
69.586248779297,20.12079811096192,0.0285700969398021
69.586248779297,20.26407909393311,0.0273024681955575
69.586248779297,20.407360076904304,0.0266493782401084
69.586248779297,20.5506410598755,0.0251385811716318
69.586248779297,20.69392204284669,0.0320733673870563
69.586248779297,20.837203025817885,0.0317557267844677
69.586248779297,20.98048400878908,0.0319367200136184
69.586248779297,21.123764991760275,0.0299604665488004
69.586248779297,21.26704597473147,
69.586248779297,21.410326957702665,0.0299287494271993
69.586248779297,21.55360794067386,0.0341419391334056
69.586248779297,21.69688892364505,0.0281190909445285
69.586248779297,21.840169906616246,0.0336793921887874
69.586248779297,21.98345088958744,0.0289467331022024
69.586248779297,22.12673187255864,0.0310980826616287
69.586248779297,22.27001285552983,
69.586248779297,22.413293838501023,0.0266068447381258
69.586248779297,22.55657482147222,0.0295672174543142
69.586248779297,22.699855804443416,0.0288437847048044
69.586248779297,22.84313678741461,0.0264765322208404
69.586248779297,22.98641777038581,0.0290767941623926
69.586248779297,23.129698753357,0.0257023107260465
69.586248779297,23.2729797363282,0.0293643679469823
69.586248779297,23.416260719299387,0.0282324645668268
69.586248779297,23.559541702270582,0.0272086877375841
69.586248779297,23.702822685241777,0.0270910449326038
69.586248779297,23.84610366821297,0.0314580425620079
69.586248779297,23.989384651184167,0.0297601595520973
69.586248779297,24.13266563415536,0.0270444862544536
69.586248779297,24.27594661712656,0.0281276535242795
69.586248779297,24.41922760009775,0.02540023624897
69.586248779297,24.562508583068944,0.0279646310955286
69.586248779297,24.70578956604014,0.0298572797328233
69.726248779297,20.12079811096192,0.0314477421343326
69.726248779297,20.26407909393311,0.027682265266776
69.726248779297,20.407360076904304,0.0290865749120712
69.726248779297,20.5506410598755,0.0274476781487464
69.726248779297,20.69392204284669,0.0248831864446401
69.726248779297,20.837203025817885,0.0261397827416658
69.726248779297,20.98048400878908,0.030779143795371
69.726248779297,21.123764991760275,0.0273540299385786
69.726248779297,21.26704597473147,0.0320096723735332
69.726248779297,21.410326957702665,0.0276832710951566
69.726248779297,21.55360794067386,0.026789341121912
69.726248779297,21.69688892364505,0.0303041078150272
69.726248779297,21.840169906616246,0.0317204967141151
69.726248779297,21.98345088958744,0.0250224228948354
69.726248779297,22.12673187255864,
69.726248779297,22.27001285552983,0.0286691393703222
69.726248779297,22.413293838501023,0.0282971821725368
69.726248779297,22.55657482147222,0.0295565295964479
69.726248779297,22.699855804443416,0.0263546239584684
69.726248779297,22.84313678741461,0.0264520458877086
69.726248779297,22.98641777038581,0.027270333841443
69.726248779297,23.129698753357,0.0285879336297512
69.726248779297,23.2729797363282,0.0297180600464344
69.726248779297,23.416260719299387,0.0326044186949729
69.726248779297,23.559541702270582,0.0276865065097808
69.726248779297,23.702822685241777,0.0296866931021213
69.726248779297,23.84610366821297,0.0339006893336772
69.726248779297,23.989384651184167,0.028328938409686
69.726248779297,24.13266563415536,
69.726248779297,24.27594661712656,0.0222816783934831
69.726248779297,24.41922760009775,0.0305419750511646
69.726248779297,24.562508583068944,0.0285030175000429
69.726248779297,24.70578956604014,
69.866248779297,20.12079811096192,0.026311095803976
69.866248779297,20.26407909393311,0.0276364609599113
69.866248779297,20.407360076904304,0.0277719032019376
69.866248779297,20.5506410598755,0.0294580273330211
69.866248779297,20.69392204284669,0.0317574329674243
69.866248779297,20.837203025817885,0.0287416987121105
69.866248779297,20.98048400878908,0.0336918085813522
69.866248779297,21.123764991760275,0.0313389152288436
69.866248779297,21.26704597473147,0.0274631306529045
69.866248779297,21.410326957702665,0.031257651746273
69.866248779297,21.55360794067386,0.0304743144661188
69.866248779297,21.69688892364505,0.0300019588321447
69.866248779297,21.840169906616246,0.0335626676678657
69.866248779297,21.98345088958744,0.0290019754320383
69.866248779297,22.12673187255864,0.0275319591164588
69.866248779297,22.27001285552983,0.0308412723243236
69.866248779297,22.413293838501023,0.0317801386117935
69.866248779297,22.55657482147222,0.0304552782326936
69.866248779297,22.699855804443416,0.0257866457104682
69.866248779297,22.84313678741461,0.0348222628235816
69.866248779297,22.98641777038581,0.0250453185290098
69.866248779297,23.129698753357,0.0251954793930053
69.866248779297,23.2729797363282,0.0302362721413373
69.866248779297,23.416260719299387,0.0280013885349035
69.866248779297,23.559541702270582,0.0298158191144466
69.866248779297,23.702822685241777,0.0297480747103691
69.866248779297,23.84610366821297,0.0259511955082416
69.866248779297,23.989384651184167,0.0270909499377012
69.866248779297,24.13266563415536,0.0349079445004463
69.866248779297,24.27594661712656,0.0261988155543804
69.866248779297,24.41922760009775,0.0280090607702732
69.866248779297,24.562508583068944,0.0286494605243206
69.866248779297,24.70578956604014,0.0254058502614498
70.006248779297,20.12079811096192,0.0289983693510293
70.006248779297,20.26407909393311,0.0314601883292198
70.006248779297,20.407360076904304,0.0300482083112001
70.006248779297,20.5506410598755,0.0305676534771919
70.006248779297,20.69392204284669,0.0255239661782979
70.006248779297,20.837203025817885,0.0318113528192043
70.006248779297,20.98048400878908,0.0301278661936521
70.006248779297,21.123764991760275,0.0294707454741001
70.006248779297,21.26704597473147,0.030262803658843
70.006248779297,21.410326957702665,0.0307202097028493
70.006248779297,21.55360794067386,0.029728939756751
70.006248779297,21.69688892364505,0.0295212510973215
70.006248779297,21.840169906616246,0.0286615658551454
70.006248779297,21.98345088958744,0.0242982804775238
70.006248779297,22.12673187255864,0.0259840730577707
70.006248779297,22.27001285552983,0.0272210743278265
70.006248779297,22.413293838501023,
70.006248779297,22.55657482147222,0.0283545218408107
70.006248779297,22.699855804443416,0.0253775510936975
70.006248779297,22.84313678741461,0.0274762641638517
70.006248779297,22.98641777038581,0.0286181960254907
70.006248779297,23.129698753357,0.028389323502779
70.006248779297,23.2729797363282,0.0274844039231538
70.006248779297,23.416260719299387,0.0299534276127815
70.006248779297,23.559541702270582,0.0289024505764246
70.006248779297,23.702822685241777,0.0234263446182012
70.006248779297,23.84610366821297,0.0276399925351142
70.006248779297,23.989384651184167,0.0323772728443145
70.006248779297,24.13266563415536,0.0282431375235319
70.006248779297,24.27594661712656,
70.006248779297,24.41922760009775,0.0258653052151203
70.006248779297,24.562508583068944,0.0364139042794704
70.006248779297,24.70578956604014,
70.146248779297,20.12079811096192,0.0308813881129026
70.146248779297,20.26407909393311,0.0276871658861637
70.146248779297,20.407360076904304,0.0303886719048023
70.146248779297,20.5506410598755,0.0258955508470535
70.146248779297,20.69392204284669,
70.146248779297,20.837203025817885,0.0311666876077651
70.146248779297,20.98048400878908,0.0314285308122634
70.146248779297,21.123764991760275,0.0254453159868717
70.146248779297,21.26704597473147,0.028386402875185
70.146248779297,21.410326957702665,0.0322158150374889
70.146248779297,21.55360794067386,0.0277633164077997
70.146248779297,21.69688892364505,0.0315759740769863
70.146248779297,21.840169906616246,0.0263261087238788
70.146248779297,21.98345088958744,0.0292847342789173
70.146248779297,22.12673187255864,0.0297183785587549
70.146248779297,22.27001285552983,0.0270314682275056
70.146248779297,22.413293838501023,0.0311616938561201
70.146248779297,22.55657482147222,0.0278244316577911
70.146248779297,22.699855804443416,0.028274118900299
70.146248779297,22.84313678741461,0.0268272068351507
70.146248779297,22.98641777038581,0.030476439744234
70.146248779297,23.129698753357,0.0280808769166469
70.146248779297,23.2729797363282,0.0250191669911146
70.146248779297,23.416260719299387,0.0313498750329017
70.146248779297,23.559541702270582,0.0287270937114954
70.146248779297,23.702822685241777,0.0297645721584558
70.146248779297,23.84610366821297,0.0289310179650783
70.146248779297,23.989384651184167,0.0288220103830099
70.146248779297,24.13266563415536,0.0304204653948545
70.146248779297,24.27594661712656,0.0344749838113784
70.146248779297,24.41922760009775,0.0286925192922353
70.146248779297,24.562508583068944,0.0282530672848224
70.146248779297,24.70578956604014,0.0251996740698814
70.286248779297,20.12079811096192,0.0297629553824663
70.286248779297,20.26407909393311,0.0306992195546627
70.286248779297,20.407360076904304,0.0273424126207828
70.286248779297,20.5506410598755,0.0294648725539445
70.286248779297,20.69392204284669,0.0278821196407079
70.286248779297,20.837203025817885,0.0287706237286329
70.286248779297,20.98048400878908,0.0301980786025524
70.286248779297,21.123764991760275,0.0255734361708164
70.286248779297,21.26704597473147,0.0303473901003599
70.286248779297,21.410326957702665,0.0293467734009027
70.286248779297,21.55360794067386,0.0278491005301475
70.286248779297,21.69688892364505,0.0310244355350732
70.286248779297,21.840169906616246,0.0266018509864807
70.286248779297,21.98345088958744,0.0247628986835479
70.286248779297,22.12673187255864,0.0298075731843709
70.286248779297,22.27001285552983,0.0273422766476869
70.286248779297,22.413293838501023,0.0282457806169986
70.286248779297,22.55657482147222,0.0304374005645513
70.286248779297,22.699855804443416,0.0295460075139999
70.286248779297,22.84313678741461,0.028786638751626
70.286248779297,22.98641777038581,0.0281439889222383
70.286248779297,23.129698753357,0.0300915464758873
70.286248779297,23.2729797363282,0.0261900331825017
70.286248779297,23.416260719299387,0.0311255101114511
70.286248779297,23.559541702270582,
70.286248779297,23.702822685241777,0.0285373982042074
70.286248779297,23.84610366821297,0.0283200591802597
70.286248779297,23.989384651184167,0.0276430174708366
70.286248779297,24.13266563415536,0.02626259252429
70.286248779297,24.27594661712656,0.0295698307454586
70.286248779297,24.41922760009775,0.0334818586707115
70.286248779297,24.562508583068944,0.0283577665686607
70.286248779297,24.70578956604014,0.0330766066908836
70.426248779297,20.12079811096192,0.0284592751413583
70.426248779297,20.26407909393311,0.033262725919485
70.426248779297,20.407360076904304,0.0290681757032871
70.426248779297,20.5506410598755,
70.426248779297,20.69392204284669,0.0297660548239946
70.426248779297,20.837203025817885,0.0322128720581531
70.426248779297,20.98048400878908,0.0288718175143003
70.426248779297,21.123764991760275,
70.426248779297,21.26704597473147,0.0249094069004058
70.426248779297,21.410326957702665,0.0296157766133546
70.426248779297,21.55360794067386,0.0284844152629375
70.426248779297,21.69688892364505,0.0280453469604253
70.426248779297,21.840169906616246,0.0303626675158739
70.426248779297,21.98345088958744,0.0294547602534294
70.426248779297,22.12673187255864,0.0279131587594747
70.426248779297,22.27001285552983,0.0263534300029277
70.426248779297,22.413293838501023,0.0296766757965087
70.426248779297,22.55657482147222,0.028323121368885
70.426248779297,22.699855804443416,
70.426248779297,22.84313678741461,0.0288811214268207
70.426248779297,22.98641777038581,0.0287977382540702
70.426248779297,23.129698753357,0.0278447400778532
70.426248779297,23.2729797363282,0.0289413034915924
70.426248779297,23.416260719299387,
70.426248779297,23.559541702270582,0.0258016940206289
70.426248779297,23.702822685241777,0.0277869068086147
70.426248779297,23.84610366821297,0.0283356793224811
70.426248779297,23.989384651184167,0.0303712096065282
70.426248779297,24.13266563415536,0.0263109467923641
70.426248779297,24.27594661712656,0.0302557237446308
70.426248779297,24.41922760009775,0.0260783024132251
70.426248779297,24.562508583068944,0.0378238819539547
70.426248779297,24.70578956604014,0.0317640155553817
70.566248779297,20.12079811096192,0.0302172247320413
70.566248779297,20.26407909393311,
70.566248779297,20.407360076904304,0.026044376194477
70.566248779297,20.5506410598755,0.0286795794963836
70.566248779297,20.69392204284669,0.0335110314190387
70.566248779297,20.837203025817885,0.0340758711099624
70.566248779297,20.98048400878908,0.0261967238038778
70.566248779297,21.123764991760275,0.0289335250854492
70.566248779297,21.26704597473147,
70.566248779297,21.410326957702665,0.0288877915591001
70.566248779297,21.55360794067386,0.0292943306267261
70.566248779297,21.69688892364505,0.029667193070054
70.566248779297,21.840169906616246,0.0282324235886335
70.566248779297,21.98345088958744,0.0276922974735498
70.566248779297,22.12673187255864,0.0256661046296358
70.566248779297,22.27001285552983,
70.566248779297,22.413293838501023,0.0288392733782529
70.566248779297,22.55657482147222,0.0269446354359388
70.566248779297,22.699855804443416,
70.566248779297,22.84313678741461,0.0301602818071842
70.566248779297,22.98641777038581,0.0256586074829101
70.566248779297,23.129698753357,0.0282947663217782
70.566248779297,23.2729797363282,0.0264399386942386
70.566248779297,23.416260719299387,0.0269492249935865
70.566248779297,23.559541702270582,0.027464386075735
70.566248779297,23.702822685241777,0.0296450965106487
70.566248779297,23.84610366821297,0.0276379287242889
70.566248779297,23.989384651184167,0.0317122787237167
70.566248779297,24.13266563415536,0.0251435581594705
70.566248779297,24.27594661712656,0.0339474715292453
70.566248779297,24.41922760009775,0.0251965951174497
70.566248779297,24.562508583068944,0.0455450676381588
70.566248779297,24.70578956604014,0.0270095821470022
70.706248779297,20.12079811096192,0.0282025933265686
70.706248779297,20.26407909393311,
70.706248779297,20.407360076904304,
70.706248779297,20.5506410598755,0.0278421286493539
70.706248779297,20.69392204284669,0.0321321226656436
70.706248779297,20.837203025817885,0.0288987904787063
70.706248779297,20.98048400878908,0.0298655573278665
70.706248779297,21.123764991760275,0.0304743144661188
70.706248779297,21.26704597473147,0.0293196514248847
70.706248779297,21.410326957702665,0.0319413766264915
70.706248779297,21.55360794067386,0.0258054193109273
70.706248779297,21.69688892364505,0.025442574173212
70.706248779297,21.840169906616246,0.0306114051491022
70.706248779297,21.98345088958744,0.0301916413009166
70.706248779297,22.12673187255864,0.0279305689036846
70.706248779297,22.27001285552983,0.0254127979278564
70.706248779297,22.413293838501023,0.0241619255393743
70.706248779297,22.55657482147222,0.028392557054758
70.706248779297,22.699855804443416,0.0287068970501422
70.706248779297,22.84313678741461,0.0255399029701948
70.706248779297,22.98641777038581,0.0291401930153369
70.706248779297,23.129698753357,0.0343010053038597
70.706248779297,23.2729797363282,0.0291105490177869
70.706248779297,23.416260719299387,0.0303128063678741
70.706248779297,23.559541702270582,0.0294113662093877
70.706248779297,23.702822685241777,0.0265886504203081
70.706248779297,23.84610366821297,0.0299539733678102
70.706248779297,23.989384651184167,0.0304664950817823
70.706248779297,24.13266563415536,0.0317123420536518
70.706248779297,24.27594661712656,0.0273876823484897
70.706248779297,24.41922760009775,0.0290567558258771
70.706248779297,24.562508583068944,
70.706248779297,24.70578956604014,0.0278477482497692
70.846248779297,20.12079811096192,0.0305684376507997
70.846248779297,20.26407909393311,
70.846248779297,20.407360076904304,0.0298210363835096
70.846248779297,20.5506410598755,0.0283084642142057
70.846248779297,20.69392204284669,0.0280161928385496
70.846248779297,20.837203025817885,0.0316720083355903
70.846248779297,20.98048400878908,0.0270579773932695
70.846248779297,21.123764991760275,0.0281599983572959
70.846248779297,21.26704597473147,0.0268872678279876
70.846248779297,21.410326957702665,0.0309837646782398
70.846248779297,21.55360794067386,0.0297763422131538
70.846248779297,21.69688892364505,
70.846248779297,21.840169906616246,0.0239351652562618
70.846248779297,21.98345088958744,0.0331869088113307
70.846248779297,22.12673187255864,0.0288499649614095
70.846248779297,22.27001285552983,0.0292858444154262
70.846248779297,22.413293838501023,0.0278845373541116
70.846248779297,22.55657482147222,0.0225730054080486
70.846248779297,22.699855804443416,0.0296812783926725
70.846248779297,22.84313678741461,0.0262518767267465
70.846248779297,22.98641777038581,0.0302047375589609
70.846248779297,23.129698753357,0.0253860652446746
70.846248779297,23.2729797363282,0.0293806046247482
70.846248779297,23.416260719299387,0.0288744308054447
70.846248779297,23.559541702270582,0.0258061327040195
70.846248779297,23.702822685241777,0.0294491406530141
70.846248779297,23.84610366821297,0.0327413789927959
70.846248779297,23.989384651184167,0.0274592731148004
70.846248779297,24.13266563415536,0.0254689734429121
70.846248779297,24.27594661712656,0.026004172861576
70.846248779297,24.41922760009775,0.0400175116956234
70.846248779297,24.562508583068944,0.0265515819191932
70.846248779297,24.70578956604014,0.035197265446186
70.986248779297,20.12079811096192,0.0293813943862915
70.986248779297,20.26407909393311,0.0285579077899456
70.986248779297,20.407360076904304,0.0302333459258079
70.986248779297,20.5506410598755,0.0318256467580795
70.986248779297,20.69392204284669,0.0287650767713785
70.986248779297,20.837203025817885,0.0336855910718441
70.986248779297,20.98048400878908,0.0321985855698585
70.986248779297,21.123764991760275,0.0269526783376932
70.986248779297,21.26704597473147,0.0265233889222145
70.986248779297,21.410326957702665,0.0286365561187267
70.986248779297,21.55360794067386,0.0265320874750614
70.986248779297,21.69688892364505,0.0282093808054924
70.986248779297,21.840169906616246,0.0343164168298244
70.986248779297,21.98345088958744,0.0264753084629774
70.986248779297,22.12673187255864,0.0293396282941102
70.986248779297,22.27001285552983,0.0298725571483373
70.986248779297,22.413293838501023,0.0304388534277677
70.986248779297,22.55657482147222,0.0282457917928695
70.986248779297,22.699855804443416,0.029223620891571
70.986248779297,22.84313678741461,0.0228561051189899
70.986248779297,22.98641777038581,0.0244595631957054
70.986248779297,23.129698753357,0.0290068481117486
70.986248779297,23.2729797363282,0.0334678627550601
70.986248779297,23.416260719299387,0.0309005174785852
70.986248779297,23.559541702270582,0.026499792933464
70.986248779297,23.702822685241777,0.0276884045451879
70.986248779297,23.84610366821297,0.0283021833747625
70.986248779297,23.989384651184167,0.0261348318308591
70.986248779297,24.13266563415536,0.0282479003071784
70.986248779297,24.27594661712656,0.0256758369505405
70.986248779297,24.41922760009775,0.0315805152058601
70.986248779297,24.562508583068944,
70.986248779297,24.70578956604014,0.0269550047814846
71.126248779297,20.12079811096192,0.0324723869562149
71.126248779297,20.26407909393311,0.0328290686011314
71.126248779297,20.407360076904304,0.0321800298988819
71.126248779297,20.5506410598755,0.0286478530615568
71.126248779297,20.69392204284669,0.0315274186432361
71.126248779297,20.837203025817885,0.0266151446849107
71.126248779297,20.98048400878908,0.030564222484827
71.126248779297,21.123764991760275,0.0298085324466228
71.126248779297,21.26704597473147,0.029308907687664
71.126248779297,21.410326957702665,0.0309440400451421
71.126248779297,21.55360794067386,0.0271003767848014
71.126248779297,21.69688892364505,0.028842119500041
71.126248779297,21.840169906616246,0.0327214151620864
71.126248779297,21.98345088958744,0.0304512549191713
71.126248779297,22.12673187255864,0.0298748724162578
71.126248779297,22.27001285552983,0.0327051505446434
71.126248779297,22.413293838501023,0.0267627872526645
71.126248779297,22.55657482147222,0.0323142707347869
71.126248779297,22.699855804443416,0.0243518706411123
71.126248779297,22.84313678741461,0.0255660321563482
71.126248779297,22.98641777038581,0.0299382954835891
71.126248779297,23.129698753357,0.0287436507642269
71.126248779297,23.2729797363282,0.0287235137075185
71.126248779297,23.416260719299387,0.0307751502841711
71.126248779297,23.559541702270582,0.0257648061960935
71.126248779297,23.702822685241777,
71.126248779297,23.84610366821297,0.0407340042293071
71.126248779297,23.989384651184167,0.0291433315724134
71.126248779297,24.13266563415536,0.0349625013768672
71.126248779297,24.27594661712656,0.0308884363621473
71.126248779297,24.41922760009775,0.0338342152535915
71.126248779297,24.562508583068944,0.0262782834470272
71.126248779297,24.70578956604014,0.0279870796948671
71.266248779297,20.12079811096192,0.0276615656912326
71.266248779297,20.26407909393311,0.029669314622879
71.266248779297,20.407360076904304,0.029048940166831
71.266248779297,20.5506410598755,0.0319444574415683
71.266248779297,20.69392204284669,0.0284854061901569
71.266248779297,20.837203025817885,0.0280576609075069
71.266248779297,20.98048400878908,0.0332436561584472
71.266248779297,21.123764991760275,
71.266248779297,21.26704597473147,0.0274211782962083
71.266248779297,21.410326957702665,0.0289008952677249
71.266248779297,21.55360794067386,0.0318223387002944
71.266248779297,21.69688892364505,0.0281139705330133
71.266248779297,21.840169906616246,
71.266248779297,21.98345088958744,0.0283949263393878
71.266248779297,22.12673187255864,0.0282949060201644
71.266248779297,22.27001285552983,0.0288037192076444
71.266248779297,22.413293838501023,0.0260430872440338
71.266248779297,22.55657482147222,0.0260593350976705
71.266248779297,22.699855804443416,0.0315945856273174
71.266248779297,22.84313678741461,0.02769485861063
71.266248779297,22.98641777038581,0.0312943123281002
71.266248779297,23.129698753357,0.0271448567509651
71.266248779297,23.2729797363282,0.0276679284870624
71.266248779297,23.416260719299387,0.0255741383880376
71.266248779297,23.559541702270582,0.0295923706144094
71.266248779297,23.702822685241777,0.0287282615900039
71.266248779297,23.84610366821297,0.0256206020712852
71.266248779297,23.989384651184167,0.0253769811242818
71.266248779297,24.13266563415536,0.0262030102312564
71.266248779297,24.27594661712656,0.0390518419444561
71.266248779297,24.41922760009775,0.0256211757659912
71.266248779297,24.562508583068944,0.0391941256821155
71.266248779297,24.70578956604014,0.0312176328152418
71.406248779297,20.12079811096192,0.0271094795316457
71.406248779297,20.26407909393311,0.028276028111577
71.406248779297,20.407360076904304,0.028077783063054
71.406248779297,20.5506410598755,0.023807156831026
71.406248779297,20.69392204284669,0.0283862613141536
71.406248779297,20.837203025817885,
71.406248779297,20.98048400878908,0.029661800712347
71.406248779297,21.123764991760275,0.0288749113678932
71.406248779297,21.26704597473147,
71.406248779297,21.410326957702665,0.0242429319769144
71.406248779297,21.55360794067386,0.0249676052480936
71.406248779297,21.69688892364505,0.0274830050766468
71.406248779297,21.840169906616246,0.0250827148556709
71.406248779297,21.98345088958744,0.0308877117931842
71.406248779297,22.12673187255864,0.0246083326637744
71.406248779297,22.27001285552983,0.0300199706107378
71.406248779297,22.413293838501023,0.0257418602705001
71.406248779297,22.55657482147222,0.0290061347186565
71.406248779297,22.699855804443416,0.030308848246932
71.406248779297,22.84313678741461,0.0259692072868347
71.406248779297,22.98641777038581,0.0280936118215322
71.406248779297,23.129698753357,0.0307679194957017
71.406248779297,23.2729797363282,0.0270776636898517
71.406248779297,23.416260719299387,0.0283863209187984
71.406248779297,23.559541702270582,0.0249811708927154
71.406248779297,23.702822685241777,0.0286534205079078
71.406248779297,23.84610366821297,0.0414779298007488
71.406248779297,23.989384651184167,0.0280268844217062
71.406248779297,24.13266563415536,0.038113709539175
71.406248779297,24.27594661712656,0.0386173874139785
71.406248779297,24.41922760009775,0.0289590172469615
71.406248779297,24.562508583068944,0.027323268353939
71.406248779297,24.70578956604014,0.0289624892175197
71.546248779297,20.12079811096192,0.0280969645828008
71.546248779297,20.26407909393311,0.0290500093251466
71.546248779297,20.407360076904304,0.0302445627748966
71.546248779297,20.5506410598755,0.0299861002713441
71.546248779297,20.69392204284669,0.0288852248340845
71.546248779297,20.837203025817885,0.0277355909347534
71.546248779297,20.98048400878908,
71.546248779297,21.123764991760275,0.0304984096437692
71.546248779297,21.26704597473147,0.0306429490447044
71.546248779297,21.410326957702665,0.0285243690013885
71.546248779297,21.55360794067386,0.0273510552942752
71.546248779297,21.69688892364505,0.0275702998042106
71.546248779297,21.840169906616246,0.0296462085098028
71.546248779297,21.98345088958744,0.0264654848724603
71.546248779297,22.12673187255864,0.0232147574424743
71.546248779297,22.27001285552983,0.0340542197227478
71.546248779297,22.413293838501023,0.0276409834623336
71.546248779297,22.55657482147222,
71.546248779297,22.699855804443416,0.039728820323944
71.546248779297,22.84313678741461,0.0291189048439264
71.546248779297,22.98641777038581,0.0259049758315086
71.546248779297,23.129698753357,0.0233247093856334
71.546248779297,23.2729797363282,0.0353324636816978
71.546248779297,23.416260719299387,0.0280862767249345
71.546248779297,23.559541702270582,0.0279366243630647
71.546248779297,23.702822685241777,0.0280349887907505
71.546248779297,23.84610366821297,0.0280168335884809
71.546248779297,23.989384651184167,0.0302171614021062
71.546248779297,24.13266563415536,0.0385667756199836
71.546248779297,24.27594661712656,0.0395395345985889
71.546248779297,24.41922760009775,0.03107819147408
71.546248779297,24.562508583068944,0.0292003136128187
71.546248779297,24.70578956604014,0.026452399790287
71.686248779297,20.12079811096192,
71.686248779297,20.26407909393311,0.0293514169752597
71.686248779297,20.407360076904304,0.0275674555450677
71.686248779297,20.5506410598755,0.0337034426629543
71.686248779297,20.69392204284669,0.0301605388522148
71.686248779297,20.837203025817885,0.0278491005301475
71.686248779297,20.98048400878908,0.030518552288413
71.686248779297,21.123764991760275,0.032793179154396
71.686248779297,21.26704597473147,0.0281982403248548
71.686248779297,21.410326957702665,0.0289347022771835
71.686248779297,21.55360794067386,0.0278758984059095
71.686248779297,21.69688892364505,0.0309818405658006
71.686248779297,21.840169906616246,0.0281027797609567
71.686248779297,21.98345088958744,0.0296677891165018
71.686248779297,22.12673187255864,0.02725769020617
71.686248779297,22.27001285552983,0.0347101241350173
71.686248779297,22.413293838501023,0.0276045426726341
71.686248779297,22.55657482147222,0.0291102956980466
71.686248779297,22.699855804443416,0.0314043946564197
71.686248779297,22.84313678741461,0.0317520163953304
71.686248779297,22.98641777038581,0.0271535608917474
71.686248779297,23.129698753357,0.0265617128461599
71.686248779297,23.2729797363282,0.0345685295760631
71.686248779297,23.416260719299387,0.0308291278779506
71.686248779297,23.559541702270582,0.0316546484827995
71.686248779297,23.702822685241777,0.0263960547745227
71.686248779297,23.84610366821297,0.0246334560215473
71.686248779297,23.989384651184167,0.0333071760833263
71.686248779297,24.13266563415536,0.0264467094093561
71.686248779297,24.27594661712656,0.0300070196390151
71.686248779297,24.41922760009775,0.0257653277367353
71.686248779297,24.562508583068944,0.0304029490798711
71.686248779297,24.70578956604014,0.0393135510385036
71.826248779297,20.12079811096192,0.0301913022994995
71.826248779297,20.26407909393311,0.0309635121375322
71.826248779297,20.407360076904304,0.0256297271698713
71.826248779297,20.5506410598755,
71.826248779297,20.69392204284669,0.0290043298155069
71.826248779297,20.837203025817885,0.0323627293109893
71.826248779297,20.98048400878908,0.0282729398459196
71.826248779297,21.123764991760275,0.0287245009094476
71.826248779297,21.26704597473147,0.0284360852092504
71.826248779297,21.410326957702665,0.0291150640696287
71.826248779297,21.55360794067386,0.0317157283425331
71.826248779297,21.69688892364505,0.0267764069139957
71.826248779297,21.840169906616246,
71.826248779297,21.98345088958744,0.027710473164916
71.826248779297,22.12673187255864,0.0264214593917131
71.826248779297,22.27001285552983,0.0283629223704338
71.826248779297,22.413293838501023,0.033251728862524
71.826248779297,22.55657482147222,0.0284296236932277
71.826248779297,22.699855804443416,0.0324486568570137
71.826248779297,22.84313678741461,0.0330742262303829
71.826248779297,22.98641777038581,0.0279645677655935
71.826248779297,23.129698753357,0.0383526235818862
71.826248779297,23.2729797363282,
71.826248779297,23.416260719299387,
71.826248779297,23.559541702270582,0.0312446616590023
71.826248779297,23.702822685241777,0.0271867047995328
71.826248779297,23.84610366821297,
71.826248779297,23.989384651184167,0.029379503801465
71.826248779297,24.13266563415536,0.0254347193986177
71.826248779297,24.27594661712656,0.0273722112178802
71.826248779297,24.41922760009775,0.0293568819761276
71.826248779297,24.562508583068944,0.0384737737476825
71.826248779297,24.70578956604014,0.0312550291419029
71.966248779297,20.12079811096192,0.0290071982890367
71.966248779297,20.26407909393311,0.0313747785985469
71.966248779297,20.407360076904304,0.025789076462388
71.966248779297,20.5506410598755,0.0268458072096109
71.966248779297,20.69392204284669,0.0312404390424489
71.966248779297,20.837203025817885,0.0319458544254303
71.966248779297,20.98048400878908,0.0347655564546585
71.966248779297,21.123764991760275,0.0294978842139244
71.966248779297,21.26704597473147,0.0256734043359756
71.966248779297,21.410326957702665,0.0307660549879074
71.966248779297,21.55360794067386,0.0303971357643604
71.966248779297,21.69688892364505,0.0282578915357589
71.966248779297,21.840169906616246,0.0284887682646513
71.966248779297,21.98345088958744,0.0280086658895015
71.966248779297,22.12673187255864,0.029295640066266
71.966248779297,22.27001285552983,0.026992967352271
71.966248779297,22.413293838501023,0.0367805026471614
71.966248779297,22.55657482147222,0.0297921225428581
71.966248779297,22.699855804443416,0.0286899153143167
71.966248779297,22.84313678741461,0.0276693552732467
71.966248779297,22.98641777038581,0.028328038752079
71.966248779297,23.129698753357,0.0282520204782485
71.966248779297,23.2729797363282,
71.966248779297,23.416260719299387,0.0373825468122959
71.966248779297,23.559541702270582,0.0296436939388513
71.966248779297,23.702822685241777,0.0274206064641475
71.966248779297,23.84610366821297,0.0274836737662553
71.966248779297,23.989384651184167,0.026610916480422
71.966248779297,24.13266563415536,0.0259709805250167
71.966248779297,24.27594661712656,0.0311518777161836
71.966248779297,24.41922760009775,0.0306003745645284
71.966248779297,24.562508583068944,0.0284738484770059
71.966248779297,24.70578956604014,0.0287114661186933
72.106248779297,20.12079811096192,0.0285647381097078
72.106248779297,20.26407909393311,0.0276647862046957
72.106248779297,20.407360076904304,0.0294803790748119
72.106248779297,20.5506410598755,0.0275631099939346
72.106248779297,20.69392204284669,0.0298387333750724
72.106248779297,20.837203025817885,0.0291345976293087
72.106248779297,20.98048400878908,0.0283325295895338
72.106248779297,21.123764991760275,0.0302674490958452
72.106248779297,21.26704597473147,0.028205644339323
72.106248779297,21.410326957702665,0.0305599104613065
72.106248779297,21.55360794067386,0.0255669243633747
72.106248779297,21.69688892364505,0.0286575965583324
72.106248779297,21.840169906616246,
72.106248779297,21.98345088958744,0.0304443500936031
72.106248779297,22.12673187255864,0.0279268231242895
72.106248779297,22.27001285552983,0.030685806646943
72.106248779297,22.413293838501023,0.0297245271503925
72.106248779297,22.55657482147222,0.0279731266200542
72.106248779297,22.699855804443416,0.0274839345365762
72.106248779297,22.84313678741461,0.0328430347144603
72.106248779297,22.98641777038581,0.026256600394845
72.106248779297,23.129698753357,0.0258600283414125
72.106248779297,23.2729797363282,0.0288401637226343
72.106248779297,23.416260719299387,0.0297535955905914
72.106248779297,23.559541702270582,0.0306614972651004
72.106248779297,23.702822685241777,0.0402346141636371
72.106248779297,23.84610366821297,0.0340496338903903
72.106248779297,23.989384651184167,
72.106248779297,24.13266563415536,0.029480442404747
72.106248779297,24.27594661712656,0.0253471601754426
72.106248779297,24.41922760009775,0.0319850146770477
72.106248779297,24.562508583068944,0.0300152413547039
72.106248779297,24.70578956604014,0.0291678179055452
72.246248779297,20.12079811096192,0.0270278714597225
72.246248779297,20.26407909393311,0.0282755587249994
72.246248779297,20.407360076904304,0.0308045595884323
72.246248779297,20.5506410598755,
72.246248779297,20.69392204284669,0.0292582735419273
72.246248779297,20.837203025817885,0.0323014333844184
72.246248779297,20.98048400878908,0.0309816487133502
72.246248779297,21.123764991760275,0.0285710785537958
72.246248779297,21.26704597473147,0.0293527301400899
72.246248779297,21.410326957702665,0.0291780065745115
72.246248779297,21.55360794067386,0.0280701871961355
72.246248779297,21.69688892364505,0.0262149237096309
72.246248779297,21.840169906616246,0.0297098606824874
72.246248779297,21.98345088958744,0.0305468887090683
72.246248779297,22.12673187255864,0.0309432931244373
72.246248779297,22.27001285552983,0.0256192479282617
72.246248779297,22.413293838501023,
72.246248779297,22.55657482147222,0.0261141918599605
72.246248779297,22.699855804443416,0.0265060514211654
72.246248779297,22.84313678741461,0.0301457270979881
72.246248779297,22.98641777038581,0.0296049695461988
72.246248779297,23.129698753357,0.03471315279603
72.246248779297,23.2729797363282,0.0273299533873796
72.246248779297,23.416260719299387,0.0257336571812629
72.246248779297,23.559541702270582,0.023742951452732
72.246248779297,23.702822685241777,0.0301149524748325
72.246248779297,23.84610366821297,0.0292706899344921
72.246248779297,23.989384651184167,0.0291274655610322
72.246248779297,24.13266563415536,0.0409502796828746
72.246248779297,24.27594661712656,0.0281367674469947
72.246248779297,24.41922760009775,0.0305078793317079
72.246248779297,24.562508583068944,0.0351794920861721
72.246248779297,24.70578956604014,0.0355248786509037
72.386248779297,20.12079811096192,0.0287853330373764
72.386248779297,20.26407909393311,0.0259971376508474
72.386248779297,20.407360076904304,0.027984969317913
72.386248779297,20.5506410598755,0.02857899479568
72.386248779297,20.69392204284669,0.0286950916051864
72.386248779297,20.837203025817885,0.0301163922995328
72.386248779297,20.98048400878908,0.0258502624928951
72.386248779297,21.123764991760275,0.0266560111194849
72.386248779297,21.26704597473147,0.0290252603590488
72.386248779297,21.410326957702665,0.0263975169509649
72.386248779297,21.55360794067386,0.027929600328207
72.386248779297,21.69688892364505,0.0281405486166477
72.386248779297,21.840169906616246,0.0275466609746217
72.386248779297,21.98345088958744,0.0246557276695966
72.386248779297,22.12673187255864,0.0285422168672084
72.386248779297,22.27001285552983,0.0311895422637462
72.386248779297,22.413293838501023,0.0325103439390659
72.386248779297,22.55657482147222,0.0244328621774911
72.386248779297,22.699855804443416,0.0278376433998346
72.386248779297,22.84313678741461,0.0257648061960935
72.386248779297,22.98641777038581,0.0286030247807502
72.386248779297,23.129698753357,0.035933468490839
72.386248779297,23.2729797363282,0.0306732095777988
72.386248779297,23.416260719299387,0.0233498346060514
72.386248779297,23.559541702270582,0.0286072939634323
72.386248779297,23.702822685241777,0.0287353303283453
72.386248779297,23.84610366821297,0.0426051802933216
72.386248779297,23.989384651184167,0.0299853179603815
72.386248779297,24.13266563415536,0.0304746441543102
72.386248779297,24.27594661712656,0.0311424974352121
72.386248779297,24.41922760009775,0.0278144478797912
72.386248779297,24.562508583068944,
72.386248779297,24.70578956604014,0.0278059393167495
72.526248779297,20.12079811096192,0.0283974986523389
72.526248779297,20.26407909393311,0.029186138883233
72.526248779297,20.407360076904304,0.0290000922977924
72.526248779297,20.5506410598755,0.0310285631567239
72.526248779297,20.69392204284669,0.0261570457369089
72.526248779297,20.837203025817885,0.0313210561871528
72.526248779297,20.98048400878908,0.0353902243077755
72.526248779297,21.123764991760275,
72.526248779297,21.26704597473147,0.0251597929745912
72.526248779297,21.410326957702665,0.0276173632591962
72.526248779297,21.55360794067386,0.0275844614952802
72.526248779297,21.69688892364505,
72.526248779297,21.840169906616246,0.0300594381988048
72.526248779297,21.98345088958744,0.0295454822480678
72.526248779297,22.12673187255864,0.0281298961490392
72.526248779297,22.27001285552983,0.0243570804595947
72.526248779297,22.413293838501023,0.0286851581186056
72.526248779297,22.55657482147222,0.0279977861791849
72.526248779297,22.699855804443416,0.0341437421739101
72.526248779297,22.84313678741461,0.0349293462932109
72.526248779297,22.98641777038581,0.0382079668343067
72.526248779297,23.129698753357,
72.526248779297,23.2729797363282,0.0287023410201072
72.526248779297,23.416260719299387,0.0303787067532539
72.526248779297,23.559541702270582,0.0398654080927372
72.526248779297,23.702822685241777,0.0364730320870876
72.526248779297,23.84610366821297,0.0356804952025413
72.526248779297,23.989384651184167,
72.526248779297,24.13266563415536,0.0260143037885427
72.526248779297,24.27594661712656,
72.526248779297,24.41922760009775,0.0264643095433712
72.526248779297,24.562508583068944,
72.526248779297,24.70578956604014,0.0281200874596834
72.666248779297,20.12079811096192,0.0296701081097126
72.666248779297,20.26407909393311,0.0298777669668197
72.666248779297,20.407360076904304,0.0296216569840908
72.666248779297,20.5506410598755,0.0237440671771764
72.666248779297,20.69392204284669,0.0296155232936143
72.666248779297,20.837203025817885,0.0266231782734394
72.666248779297,20.98048400878908,0.032552070915699
72.666248779297,21.123764991760275,0.0297712218016386
72.666248779297,21.26704597473147,0.0322734788060188
72.666248779297,21.410326957702665,0.0281497929245233
72.666248779297,21.55360794067386,0.0268731247633695
72.666248779297,21.69688892364505,0.029295640066266
72.666248779297,21.840169906616246,0.0272291377186775
72.666248779297,21.98345088958744,0.0301957204937934
72.666248779297,22.12673187255864,0.0285617616027593
72.666248779297,22.27001285552983,0.0272982399910688
72.666248779297,22.413293838501023,0.02698172070086
72.666248779297,22.55657482147222,0.032205943018198
72.666248779297,22.699855804443416,0.0267632752656936
72.666248779297,22.84313678741461,0.028798721730709
72.666248779297,22.98641777038581,
72.666248779297,23.129698753357,
72.666248779297,23.2729797363282,0.0266030915081501
72.666248779297,23.416260719299387,0.0301647651940584
72.666248779297,23.559541702270582,0.0274877343326807
72.666248779297,23.702822685241777,0.0313289649784565
72.666248779297,23.84610366821297,0.0248191226273775
72.666248779297,23.989384651184167,0.0282044354826211
72.666248779297,24.13266563415536,
72.666248779297,24.27594661712656,
72.666248779297,24.41922760009775,0.0410789959132671
72.666248779297,24.562508583068944,
72.666248779297,24.70578956604014,
72.80624877929701,20.12079811096192,0.030132170766592
72.80624877929701,20.26407909393311,0.0282433237880468
72.80624877929701,20.407360076904304,0.0298615880310535
72.80624877929701,20.5506410598755,0.0260422453284263
72.80624877929701,20.69392204284669,0.0295142959803342
72.80624877929701,20.837203025817885,0.0258219577372074
72.80624877929701,20.98048400878908,0.0283150915056467
72.80624877929701,21.123764991760275,0.027077218517661
72.80624877929701,21.26704597473147,0.0274762641638517
72.80624877929701,21.410326957702665,0.0308267399668693
72.80624877929701,21.55360794067386,
72.80624877929701,21.69688892364505,0.0284230448305606
72.80624877929701,21.840169906616246,0.0297117065638303
72.80624877929701,21.98345088958744,0.0251417905092239
72.80624877929701,22.12673187255864,0.0399466976523399
72.80624877929701,22.27001285552983,0.0279810521751642
72.80624877929701,22.413293838501023,0.0277207922190427
72.80624877929701,22.55657482147222,0.0270733069628477
72.80624877929701,22.699855804443416,0.0288927350193262
72.80624877929701,22.84313678741461,0.0275307614356279
72.80624877929701,22.98641777038581,
72.80624877929701,23.129698753357,0.0321736112236976
72.80624877929701,23.2729797363282,0.0451922006905078
72.80624877929701,23.416260719299387,0.023176584392786
72.80624877929701,23.559541702270582,0.0293523930013179
72.80624877929701,23.702822685241777,0.0269989557564258
72.80624877929701,23.84610366821297,
72.80624877929701,23.989384651184167,0.0333780944347381
72.80624877929701,24.13266563415536,0.0321681648492813
72.80624877929701,24.27594661712656,0.0236146356910467
72.80624877929701,24.41922760009775,0.032686922699213
72.80624877929701,24.562508583068944,0.0369805209338665
72.80624877929701,24.70578956604014,
72.94624877929701,20.12079811096192,0.0316756777465343
72.94624877929701,20.26407909393311,0.0308853536844253
72.94624877929701,20.407360076904304,
72.94624877929701,20.5506410598755,0.0339220240712165
72.94624877929701,20.69392204284669,0.0300733596086502
72.94624877929701,20.837203025817885,0.0264821369200944
72.94624877929701,20.98048400878908,0.0272721797227859
72.94624877929701,21.123764991760275,0.0291182026267051
72.94624877929701,21.26704597473147,0.0370951332151889
72.94624877929701,21.410326957702665,
72.94624877929701,21.55360794067386,0.0257242918014526
72.94624877929701,21.69688892364505,0.0276359226554632
72.94624877929701,21.840169906616246,0.0271000452339649
72.94624877929701,21.98345088958744,0.024589704349637
72.94624877929701,22.12673187255864,0.0284896362572908
72.94624877929701,22.27001285552983,0.0250300448387861
72.94624877929701,22.413293838501023,
72.94624877929701,22.55657482147222,0.0295988973230123
72.94624877929701,22.699855804443416,0.0293305870145559
72.94624877929701,22.84313678741461,0.0318139418959617
72.94624877929701,22.98641777038581,0.0255438107997179
72.94624877929701,23.129698753357,0.0299026276916265
72.94624877929701,23.2729797363282,0.0265483073890209
72.94624877929701,23.416260719299387,0.0293304547667503
72.94624877929701,23.559541702270582,0.028188245370984
72.94624877929701,23.702822685241777,0.0410093739628791
72.94624877929701,23.84610366821297,0.0307712946087121
72.94624877929701,23.989384651184167,0.0270938482135534
72.94624877929701,24.13266563415536,0.0239957869052886
72.94624877929701,24.27594661712656,0.0283211320638656
72.94624877929701,24.41922760009775,0.0264750923961401
72.94624877929701,24.562508583068944,0.0292424745857715
72.94624877929701,24.70578956604014,0.0346399806439876
73.08624877929701,20.12079811096192,0.0297820772975683
73.08624877929701,20.26407909393311,0.0296305976808071
73.08624877929701,20.407360076904304,0.0287797525525093
73.08624877929701,20.5506410598755,0.0300135053694248
73.08624877929701,20.69392204284669,0.0323238968849182
73.08624877929701,20.837203025817885,0.0263524167239666
73.08624877929701,20.98048400878908,0.026403060182929
73.08624877929701,21.123764991760275,0.0299257915467023
73.08624877929701,21.26704597473147,0.0251450221985578
73.08624877929701,21.410326957702665,0.0267816688865423
73.08624877929701,21.55360794067386,0.0247413739562034
73.08624877929701,21.69688892364505,0.0269151628017425
73.08624877929701,21.840169906616246,0.0306255295872688
73.08624877929701,21.98345088958744,
73.08624877929701,22.12673187255864,
73.08624877929701,22.27001285552983,0.0301188193261623
73.08624877929701,22.413293838501023,0.0280315298587083
73.08624877929701,22.55657482147222,0.0311480332165956
73.08624877929701,22.699855804443416,0.0274026598781347
73.08624877929701,22.84313678741461,0.0258330721408128
73.08624877929701,22.98641777038581,0.0268231406807899
73.08624877929701,23.129698753357,0.0349850766360759
73.08624877929701,23.2729797363282,0.0249598827213048
73.08624877929701,23.416260719299387,0.0252633895725011
73.08624877929701,23.559541702270582,0.0242422986775636
73.08624877929701,23.702822685241777,0.0275708809494972
73.08624877929701,23.84610366821297,0.0286809206008911
73.08624877929701,23.989384651184167,0.0319411307573318
73.08624877929701,24.13266563415536,0.0308112911880016
73.08624877929701,24.27594661712656,
73.08624877929701,24.41922760009775,
73.08624877929701,24.562508583068944,0.0258935131132602
73.08624877929701,24.70578956604014,0.0298476107418537
73.22624877929701,20.12079811096192,
73.22624877929701,20.26407909393311,0.0294396243989467
73.22624877929701,20.407360076904304,0.0308693163096904
73.22624877929701,20.5506410598755,0.0299633312970399
73.22624877929701,20.69392204284669,0.030077289789915
73.22624877929701,20.837203025817885,0.029140044003725
73.22624877929701,20.98048400878908,0.0278839729726314
73.22624877929701,21.123764991760275,0.028571767732501
73.22624877929701,21.26704597473147,0.0299723073840141
73.22624877929701,21.410326957702665,0.0291688330471515
73.22624877929701,21.55360794067386,0.0264483876526355
73.22624877929701,21.69688892364505,0.027126545086503
73.22624877929701,21.840169906616246,0.0301004387438297
73.22624877929701,21.98345088958744,0.0274577401578426
73.22624877929701,22.12673187255864,0.0319151282310485
73.22624877929701,22.27001285552983,0.0354335568845272
73.22624877929701,22.413293838501023,0.0261226538568735
73.22624877929701,22.55657482147222,0.0273581277579069
73.22624877929701,22.699855804443416,0.028096092864871
73.22624877929701,22.84313678741461,0.0292959325015544
73.22624877929701,22.98641777038581,0.0294003840535879
73.22624877929701,23.129698753357,0.033273622393608
73.22624877929701,23.2729797363282,0.0449385829269886
73.22624877929701,23.416260719299387,0.0256782975047826
73.22624877929701,23.559541702270582,0.0357102490961551
73.22624877929701,23.702822685241777,0.0326873622834682
73.22624877929701,23.84610366821297,
73.22624877929701,23.989384651184167,0.0307428892701864
73.22624877929701,24.13266563415536,0.0351099632680416
73.22624877929701,24.27594661712656,0.0289665441960096
73.22624877929701,24.41922760009775,0.0382076315581798
73.22624877929701,24.562508583068944,0.0274742562323808
73.22624877929701,24.70578956604014,0.025484075769782
73.36624877929701,20.12079811096192,0.0257167033851146
73.36624877929701,20.26407909393311,0.0255147777497768
73.36624877929701,20.407360076904304,0.0286047644913196
73.36624877929701,20.5506410598755,0.0246870592236518
73.36624877929701,20.69392204284669,0.0291373841464519
73.36624877929701,20.837203025817885,0.0257969386875629
73.36624877929701,20.98048400878908,0.0263048280030488
73.36624877929701,21.123764991760275,
73.36624877929701,21.26704597473147,0.0283979922533035
73.36624877929701,21.410326957702665,0.0253060683608055
73.36624877929701,21.55360794067386,0.0300288517028093
73.36624877929701,21.69688892364505,0.0270847305655479
73.36624877929701,21.840169906616246,0.0334839411079883
73.36624877929701,21.98345088958744,0.0270445235073566
73.36624877929701,22.12673187255864,0.026765551418066
73.36624877929701,22.27001285552983,0.0283863209187984
73.36624877929701,22.413293838501023,0.0276112798601388
73.36624877929701,22.55657482147222,0.0292120315134525
73.36624877929701,22.699855804443416,0.0295912958681583
73.36624877929701,22.84313678741461,0.0291454121470451
73.36624877929701,22.98641777038581,
73.36624877929701,23.129698753357,0.0340109020471572
73.36624877929701,23.2729797363282,0.039316289126873
73.36624877929701,23.416260719299387,0.0265677422285079
73.36624877929701,23.559541702270582,0.0275708809494972
73.36624877929701,23.702822685241777,0.0297363251447677
73.36624877929701,23.84610366821297,0.0325750224292278
73.36624877929701,23.989384651184167,0.0289026200771331
73.36624877929701,24.13266563415536,0.0277046877890825
73.36624877929701,24.27594661712656,0.0311536360532045
73.36624877929701,24.41922760009775,0.0309658851474523
73.36624877929701,24.562508583068944,0.031672790646553
73.36624877929701,24.70578956604014,0.0298483725637197
73.50624877929701,20.12079811096192,0.0260041579604148
73.50624877929701,20.26407909393311,0.0286051426082849
73.50624877929701,20.407360076904304,0.0277887806296348
73.50624877929701,20.5506410598755,0.0327807292342186
73.50624877929701,20.69392204284669,0.0256786588579416
73.50624877929701,20.837203025817885,0.0290848482400178
73.50624877929701,20.98048400878908,0.0299488436430692
73.50624877929701,21.123764991760275,0.0279594771564006
73.50624877929701,21.26704597473147,0.0288445688784122
73.50624877929701,21.410326957702665,0.0282947663217782
73.50624877929701,21.55360794067386,
73.50624877929701,21.69688892364505,0.036457996815443
73.50624877929701,21.840169906616246,0.0238300673663616
73.50624877929701,21.98345088958744,0.0266052391380071
73.50624877929701,22.12673187255864,0.0228453874588012
73.50624877929701,22.27001285552983,0.0296425130218267
73.50624877929701,22.413293838501023,0.0423996374011039
73.50624877929701,22.55657482147222,0.0267153400927782
73.50624877929701,22.699855804443416,0.028439886868
73.50624877929701,22.84313678741461,0.0283521879464387
73.50624877929701,22.98641777038581,0.0264799296855926
73.50624877929701,23.129698753357,0.0270459726452827
73.50624877929701,23.2729797363282,0.0277208089828491
73.50624877929701,23.416260719299387,0.0295799579471349
73.50624877929701,23.559541702270582,0.0295617524534463
73.50624877929701,23.702822685241777,0.024736626073718
73.50624877929701,23.84610366821297,0.0294070094823837
73.50624877929701,23.989384651184167,0.0281322002410888
73.50624877929701,24.13266563415536,0.0241573844105005
73.50624877929701,24.27594661712656,0.0311668794602155
73.50624877929701,24.41922760009775,0.0351573005318641
73.50624877929701,24.562508583068944,0.0345151424407959
73.50624877929701,24.70578956604014,0.0243852380663156
73.64624877929701,20.12079811096192,0.0283325295895338
73.64624877929701,20.26407909393311,0.0285251885652542
73.64624877929701,20.407360076904304,0.0308295618742704
73.64624877929701,20.5506410598755,0.034555047750473
73.64624877929701,20.69392204284669,0.0256614238023757
73.64624877929701,20.837203025817885,0.0276101883500814
73.64624877929701,20.98048400878908,0.0274795033037662
73.64624877929701,21.123764991760275,0.0270335562527179
73.64624877929701,21.26704597473147,0.0263992939144372
73.64624877929701,21.410326957702665,
73.64624877929701,21.55360794067386,0.0298322550952434
73.64624877929701,21.69688892364505,0.0330634005367755
73.64624877929701,21.840169906616246,0.0296472515910863
73.64624877929701,21.98345088958744,0.0398741550743579
73.64624877929701,22.12673187255864,0.0272970851510763
73.64624877929701,22.27001285552983,0.026073008775711
73.64624877929701,22.413293838501023,0.0276198368519544
73.64624877929701,22.55657482147222,0.0286878235638141
73.64624877929701,22.699855804443416,0.0303589608520269
73.64624877929701,22.84313678741461,0.0281333550810813
73.64624877929701,22.98641777038581,0.0254893414676189
73.64624877929701,23.129698753357,0.0430657975375652
73.64624877929701,23.2729797363282,0.0267000459134578
73.64624877929701,23.416260719299387,0.0257653277367353
73.64624877929701,23.559541702270582,0.0388050153851509
73.64624877929701,23.702822685241777,0.0304036065936088
73.64624877929701,23.84610366821297,
73.64624877929701,23.989384651184167,0.0361175090074539
73.64624877929701,24.13266563415536,0.0250967722386121
73.64624877929701,24.27594661712656,0.0323318392038345
73.64624877929701,24.41922760009775,0.0303131267428398
73.64624877929701,24.562508583068944,
73.64624877929701,24.70578956604014,
73.78624877929701,20.12079811096192,0.0261325594037771
73.78624877929701,20.26407909393311,0.0302746221423149
73.78624877929701,20.407360076904304,0.0263860616832971
73.78624877929701,20.5506410598755,0.0299424566328525
73.78624877929701,20.69392204284669,0.0278119556605815
73.78624877929701,20.837203025817885,
73.78624877929701,20.98048400878908,0.0278087556362152
73.78624877929701,21.123764991760275,0.0310055073350667
73.78624877929701,21.26704597473147,0.0290677044540643
73.78624877929701,21.410326957702665,0.0244289897382259
73.78624877929701,21.55360794067386,0.0249212943017482
73.78624877929701,21.69688892364505,0.0293620601296424
73.78624877929701,21.840169906616246,0.0277207922190427
73.78624877929701,21.98345088958744,0.0296773631125688
73.78624877929701,22.12673187255864,0.0267177484929561
73.78624877929701,22.27001285552983,0.0267476830631494
73.78624877929701,22.413293838501023,0.0310170333832502
73.78624877929701,22.55657482147222,0.0305355992168188
73.78624877929701,22.699855804443416,
73.78624877929701,22.84313678741461,0.0288645066320896
73.78624877929701,22.98641777038581,0.0257046874612569
73.78624877929701,23.129698753357,0.0256227012723684
73.78624877929701,23.2729797363282,0.0357689000666141
73.78624877929701,23.416260719299387,0.0296477191150188
73.78624877929701,23.559541702270582,0.029452396556735
73.78624877929701,23.702822685241777,
73.78624877929701,23.84610366821297,0.0262178778648376
73.78624877929701,23.989384651184167,0.0302471052855253
73.78624877929701,24.13266563415536,0.0287361368536949
73.78624877929701,24.27594661712656,0.0333953090012073
73.78624877929701,24.41922760009775,0.02598138153553
73.78624877929701,24.562508583068944,0.0288329515606164
73.78624877929701,24.70578956604014,0.0286828242242336
73.92624877929701,20.12079811096192,0.031213067471981
73.92624877929701,20.26407909393311,0.0298013053834438
73.92624877929701,20.407360076904304,0.0274709966033697
73.92624877929701,20.5506410598755,0.0260904356837272
73.92624877929701,20.69392204284669,0.0272571351379156
73.92624877929701,20.837203025817885,0.0278501957654953
73.92624877929701,20.98048400878908,0.0267664678394794
73.92624877929701,21.123764991760275,0.0289925038814544
73.92624877929701,21.26704597473147,0.027539512142539
73.92624877929701,21.410326957702665,0.0298751890659332
73.92624877929701,21.55360794067386,0.0265482570976018
73.92624877929701,21.69688892364505,0.034769132733345
73.92624877929701,21.840169906616246,0.0245531983673572
73.92624877929701,21.98345088958744,0.0329561345279216
73.92624877929701,22.12673187255864,0.0346521474421024
73.92624877929701,22.27001285552983,0.0304014291614294
73.92624877929701,22.413293838501023,0.0308203715831041
73.92624877929701,22.55657482147222,0.0260110907256603
73.92624877929701,22.699855804443416,0.0267878603190183
73.92624877929701,22.84313678741461,0.0360566787421703
73.92624877929701,22.98641777038581,0.0262820329517126
73.92624877929701,23.129698753357,0.0299277994781732
73.92624877929701,23.2729797363282,0.028110260143876
73.92624877929701,23.416260719299387,0.0311746522784233
73.92624877929701,23.559541702270582,
73.92624877929701,23.702822685241777,0.0264022033661603
73.92624877929701,23.84610366821297,0.0268086493015289
73.92624877929701,23.989384651184167,
73.92624877929701,24.13266563415536,
73.92624877929701,24.27594661712656,0.03935357183218
73.92624877929701,24.41922760009775,0.0310434866696596
73.92624877929701,24.562508583068944,0.0273060780018568
73.92624877929701,24.70578956604014,0.0278246477246284
74.06624877929701,20.12079811096192,0.0298271719366312
74.06624877929701,20.26407909393311,0.0269752070307731
74.06624877929701,20.407360076904304,
74.06624877929701,20.5506410598755,0.0301487874239683
74.06624877929701,20.69392204284669,0.0283850524574518
74.06624877929701,20.837203025817885,0.02406932041049
74.06624877929701,20.98048400878908,0.0290916301310062
74.06624877929701,21.123764991760275,0.0268496684730052
74.06624877929701,21.26704597473147,0.0227063130587339
74.06624877929701,21.410326957702665,0.0258016940206289
74.06624877929701,21.55360794067386,0.0267392117530107
74.06624877929701,21.69688892364505,0.0279087927192449
74.06624877929701,21.840169906616246,
74.06624877929701,21.98345088958744,
74.06624877929701,22.12673187255864,0.0246578995138406
74.06624877929701,22.27001285552983,0.026117255911231
74.06624877929701,22.413293838501023,0.0319876633584499
74.06624877929701,22.55657482147222,0.0269633848220109
74.06624877929701,22.699855804443416,0.027711633592844
74.06624877929701,22.84313678741461,0.0267470572143793
74.06624877929701,22.98641777038581,0.0282362811267375
74.06624877929701,23.129698753357,0.0319394469261169
74.06624877929701,23.2729797363282,0.0306963454931974
74.06624877929701,23.416260719299387,0.0260536950081586
74.06624877929701,23.559541702270582,0.0250007510185241
74.06624877929701,23.702822685241777,
74.06624877929701,23.84610366821297,
74.06624877929701,23.989384651184167,0.0308080613613128
74.06624877929701,24.13266563415536,0.0312716364860534
74.06624877929701,24.27594661712656,0.026058342307806
74.06624877929701,24.41922760009775,
74.06624877929701,24.562508583068944,0.036932997405529
74.06624877929701,24.70578956604014,0.0328450463712215
74.20624877929701,20.12079811096192,0.0270830430090427
74.20624877929701,20.26407909393311,
74.20624877929701,20.407360076904304,
74.20624877929701,20.5506410598755,0.0286686737090349
74.20624877929701,20.69392204284669,0.0287344511598348
74.20624877929701,20.837203025817885,0.0302463378757238
74.20624877929701,20.98048400878908,0.028738010674715
74.20624877929701,21.123764991760275,0.030526177957654
74.20624877929701,21.26704597473147,0.027994442731142
74.20624877929701,21.410326957702665,0.0320844016969203
74.20624877929701,21.55360794067386,
74.20624877929701,21.69688892364505,0.0269669368863105
74.20624877929701,21.840169906616246,0.0262797549366951
74.20624877929701,21.98345088958744,
74.20624877929701,22.12673187255864,0.0310429167002439
74.20624877929701,22.27001285552983,0.0308497920632362
74.20624877929701,22.413293838501023,
74.20624877929701,22.55657482147222,0.0271300133317708
74.20624877929701,22.699855804443416,0.0309268571436405
74.20624877929701,22.84313678741461,0.0288944374769926
74.20624877929701,22.98641777038581,0.0263212602585554
74.20624877929701,23.129698753357,0.023494990542531
74.20624877929701,23.2729797363282,0.0364412255585193
74.20624877929701,23.416260719299387,
74.20624877929701,23.559541702270582,0.0304846577346324
74.20624877929701,23.702822685241777,
74.20624877929701,23.84610366821297,0.0285934749990701
74.20624877929701,23.989384651184167,0.0275212358683347
74.20624877929701,24.13266563415536,0.0263060964643955
74.20624877929701,24.27594661712656,0.0312562622129917
74.20624877929701,24.41922760009775,
74.20624877929701,24.562508583068944,0.0381923913955688
74.20624877929701,24.70578956604014,0.0345402210950851
74.34624877929701,20.12079811096192,0.0309624355286359
74.34624877929701,20.26407909393311,0.0314771644771099
74.34624877929701,20.407360076904304,0.0267322082072496
74.34624877929701,20.5506410598755,0.0236513838171958
74.34624877929701,20.69392204284669,0.0318999141454696
74.34624877929701,20.837203025817885,0.0261518415063619
74.34624877929701,20.98048400878908,0.0255726762115955
74.34624877929701,21.123764991760275,0.0287237279117107
74.34624877929701,21.26704597473147,0.0274954345077276
74.34624877929701,21.410326957702665,0.0300997644662857
74.34624877929701,21.55360794067386,0.027181277051568
74.34624877929701,21.69688892364505,0.0257276836782693
74.34624877929701,21.840169906616246,0.028077520430088
74.34624877929701,21.98345088958744,0.0280874762684106
74.34624877929701,22.12673187255864,0.0296956785023212
74.34624877929701,22.27001285552983,0.0313438475131988
74.34624877929701,22.413293838501023,0.0279827192425727
74.34624877929701,22.55657482147222,0.0282067470252513
74.34624877929701,22.699855804443416,0.0295959245413541
74.34624877929701,22.84313678741461,0.0252208039164543
74.34624877929701,22.98641777038581,0.027980362996459
74.34624877929701,23.129698753357,0.026452399790287
74.34624877929701,23.2729797363282,0.0264509264379739
74.34624877929701,23.416260719299387,0.0312908813357353
74.34624877929701,23.559541702270582,0.0250549111515283
74.34624877929701,23.702822685241777,0.031328659504652
74.34624877929701,23.84610366821297,0.0314265675842762
74.34624877929701,23.989384651184167,
74.34624877929701,24.13266563415536,0.0271308105438947
74.34624877929701,24.27594661712656,0.0272797495126724
74.34624877929701,24.41922760009775,
74.34624877929701,24.562508583068944,0.0273104757070541
74.34624877929701,24.70578956604014,0.0315162204205989
