longitude,latitude,No2_value(mol/m^2)
85.8263626098634,21.539445877075195,2.6941899704979733e-05
85.8263626098634,21.66033067094519,9.093435437534936e-06
85.8263626098634,21.78121546481518,1.7703969206195325e-05
85.8263626098634,21.902100258685174,-1.3824831512465607e-05
85.8263626098634,22.022985052555168,1.1183570677530952e-05
85.8263626098634,22.14386984642516,7.27342057871283e-06
85.8263626098634,22.264754640295152,5.2639970817836e-06
85.8263626098634,22.385639434165142,2.9088896553730592e-05
85.8263626098634,22.50652422803514,1.4436005585594104e-05
85.8263626098634,22.62740902190513,1.223100844072178e-05
85.8263626098634,22.748293815775124,2.2313679437502287e-05
85.8263626098634,22.86917860964512,3.320410178275779e-05
85.8263626098634,22.990063403515112,6.179271622386295e-06
85.8263626098634,23.110948197385103,5.24774532095762e-06
85.8263626098634,23.231832991255096,3.358413596288301e-05
85.8263626098634,23.35271778512509,4.001221532234922e-05
85.8263626098634,23.473602578995084,1.0035420018539298e-05
85.8263626098634,23.594487372865075,1.1929725587833673e-05
85.8263626098634,23.71537216673507,1.3894988114770968e-05
85.8263626098634,23.836256960605063,3.374592415639199e-05
85.8263626098634,23.957141754475053,7.732980157015845e-05
85.8263626098634,24.078026548345047,4.574938884616131e-06
85.8263626098634,24.19891134221504,3.012094930454623e-05
85.8263626098634,24.319796136085035,4.091167284059338e-05
85.8263626098634,24.440680929955025,7.883715625212062e-06
85.8263626098634,24.56156572382502,2.46654853981454e-05
85.8263626098634,24.682450517695013,2.0234703697497025e-05
85.8263626098634,24.803335311565007,3.4702450648183e-05
85.8263626098634,24.924220105435,7.343305128415523e-07
85.8263626098634,25.04510489930499,1.4300532711786218e-05
85.8263626098634,25.165989693174986,
85.8263626098634,25.286874487044976,1.3282769941724837e-05
85.8263626098634,25.40775928091497,4.23059373133583e-06
85.8263626098634,25.528644074784964,5.338275968824746e-06
85.8263626098634,25.649528868654954,2.4305296392412856e-05
85.8263626098634,25.77041366252495,2.9724187697866e-05
85.8263626098634,25.891298456394946,1.988789335882757e-05
85.8263626098634,26.012183250264936,3.085357093368657e-06
85.8263626098634,26.13306804413493,
85.8263626098634,26.25395283800492,7.673977961530909e-06
85.8263626098634,26.374837631874914,2.3493241315009072e-05
85.8263626098634,26.49572242574491,1.90698920050636e-05
85.8263626098634,26.6166072196149,4.017271294287639e-06
85.8263626098634,26.737492013484893,2.549142482166644e-05
85.8263626098634,26.858376807354887,1.322828120464692e-05
85.8263626098634,26.97926160122488,4.792727850144729e-06
85.8263626098634,27.10014639509487,1.055850680131698e-05
85.8263626098634,27.221031188964865,9.368362043460364e-06
85.9463626098634,21.539445877075195,1.0519821444177069e-05
85.9463626098634,21.66033067094519,8.514512046531308e-06
85.9463626098634,21.78121546481518,3.254828698118217e-05
85.9463626098634,21.902100258685174,2.2538279154105112e-05
85.9463626098634,22.022985052555168,9.74996783043025e-06
85.9463626098634,22.14386984642516,1.8426668475513e-06
85.9463626098634,22.264754640295152,1.7662699974607676e-05
85.9463626098634,22.385639434165142,2.9595743399113417e-05
85.9463626098634,22.50652422803514,5.5307518778136e-05
85.9463626098634,22.62740902190513,
85.9463626098634,22.748293815775124,2.997807314386592e-05
85.9463626098634,22.86917860964512,9.753841368365102e-06
85.9463626098634,22.990063403515112,1.1584782441786956e-05
85.9463626098634,23.110948197385103,1.3785587498205132e-06
85.9463626098634,23.231832991255096,3.5751331779465545e-06
85.9463626098634,23.35271778512509,9.50348112382926e-06
85.9463626098634,23.473602578995084,1.8370370526099578e-05
85.9463626098634,23.594487372865075,2.9340151286305627e-06
85.9463626098634,23.71537216673507,4.209045437164605e-05
85.9463626098634,23.836256960605063,3.172216020175256e-05
85.9463626098634,23.957141754475053,3.754252611543052e-05
85.9463626098634,24.078026548345047,
85.9463626098634,24.19891134221504,2.139133539458271e-05
85.9463626098634,24.319796136085035,1.3794565347780008e-05
85.9463626098634,24.440680929955025,9.182167559629306e-06
85.9463626098634,24.56156572382502,2.1293761164997704e-05
85.9463626098634,24.682450517695013,
85.9463626098634,24.803335311565007,2.7389658498577774e-05
85.9463626098634,24.924220105435,5.259704266791232e-06
85.9463626098634,25.04510489930499,8.809454357106006e-07
85.9463626098634,25.165989693174986,1.2412698197294958e-05
85.9463626098634,25.286874487044976,2.0907828002236784e-05
85.9463626098634,25.40775928091497,7.787440699758008e-05
85.9463626098634,25.528644074784964,2.4124798073899e-05
85.9463626098634,25.649528868654954,2.427020081086084e-05
85.9463626098634,25.77041366252495,2.289540680067148e-05
85.9463626098634,25.891298456394946,1.3863279491488356e-05
85.9463626098634,26.012183250264936,1.5164893738983665e-05
85.9463626098634,26.13306804413493,3.375270125616225e-06
85.9463626098634,26.25395283800492,1.287426675844472e-05
85.9463626098634,26.374837631874914,3.61118372893543e-06
85.9463626098634,26.49572242574491,
85.9463626098634,26.6166072196149,2.0481882529566064e-05
85.9463626098634,26.737492013484893,1.395556319039315e-05
85.9463626098634,26.858376807354887,5.352071184461238e-06
85.9463626098634,26.97926160122488,6.253936589928344e-06
85.9463626098634,27.10014639509487,1.0509344974707346e-05
85.9463626098634,27.221031188964865,1.6947862604865804e-05
86.0663626098634,21.539445877075195,8.408575922658201e-06
86.0663626098634,21.66033067094519,9.030650289787444e-06
86.0663626098634,21.78121546481518,2.6261692255502567e-05
86.0663626098634,21.902100258685174,8.865640666044783e-06
86.0663626098634,22.022985052555168,4.885076123173349e-06
86.0663626098634,22.14386984642516,5.733241323468974e-06
86.0663626098634,22.264754640295152,2.724877958826255e-05
86.0663626098634,22.385639434165142,4.720677316072397e-05
86.0663626098634,22.50652422803514,2.504488656995818e-05
86.0663626098634,22.62740902190513,-1.5634484952897765e-05
86.0663626098634,22.748293815775124,1.7110382032115012e-05
86.0663626098634,22.86917860964512,5.129667624714784e-05
86.0663626098634,22.990063403515112,2.793791463773232e-05
86.0663626098634,23.110948197385103,3.766360896406695e-05
86.0663626098634,23.231832991255096,8.147409971570596e-06
86.0663626098634,23.35271778512509,2.252217564091552e-05
86.0663626098634,23.473602578995084,
86.0663626098634,23.594487372865075,2.236745240224991e-05
86.0663626098634,23.71537216673507,1.0124971595359966e-05
86.0663626098634,23.836256960605063,4.9591708375373855e-06
86.0663626098634,23.957141754475053,7.170358458097326e-06
86.0663626098634,24.078026548345047,3.032552285731072e-06
86.0663626098634,24.19891134221504,6.432451755244983e-06
86.0663626098634,24.319796136085035,6.567345280927839e-06
86.0663626098634,24.440680929955025,1.106192394217942e-05
86.0663626098634,24.56156572382502,
86.0663626098634,24.682450517695013,2.734652844083029e-05
86.0663626098634,24.803335311565007,5.884739493922098e-06
86.0663626098634,24.924220105435,1.88926023838576e-05
86.0663626098634,25.04510489930499,2.385886364209e-05
86.0663626098634,25.165989693174986,6.202199074323289e-06
86.0663626098634,25.286874487044976,2.378309000050649e-05
86.0663626098634,25.40775928091497,1.246182273462182e-05
86.0663626098634,25.528644074784964,1.014985809888458e-05
86.0663626098634,25.649528868654954,3.632389507401968e-06
86.0663626098634,25.77041366252495,2.968967419292312e-05
86.0663626098634,25.891298456394946,1.4168499546940438e-06
86.0663626098634,26.012183250264936,6.942402706044959e-06
86.0663626098634,26.13306804413493,2.0191380826872773e-05
86.0663626098634,26.25395283800492,1.1306685337331146e-05
86.0663626098634,26.374837631874914,1.484850508859381e-05
86.0663626098634,26.49572242574491,2.402010068180971e-05
86.0663626098634,26.6166072196149,2.4894910893635824e-05
86.0663626098634,26.737492013484893,1.003225588647183e-05
86.0663626098634,26.858376807354887,2.5458719392190687e-05
86.0663626098634,26.97926160122488,7.431412996083964e-06
86.0663626098634,27.10014639509487,-1.936321268658503e-06
86.0663626098634,27.221031188964865,4.629764589481056e-05
86.18636260986341,21.539445877075195,1.0004316209233366e-05
86.18636260986341,21.66033067094519,1.6188241716008633e-05
86.18636260986341,21.78121546481518,6.597364699700847e-05
86.18636260986341,21.902100258685174,7.860147161409259e-05
86.18636260986341,22.022985052555168,1.269379663426662e-05
86.18636260986341,22.14386984642516,8.11331847216934e-06
86.18636260986341,22.264754640295152,2.573379970272072e-05
86.18636260986341,22.385639434165142,4.321371670812368e-05
86.18636260986341,22.50652422803514,2.2037585949874483e-05
86.18636260986341,22.62740902190513,2.487324491085019e-05
86.18636260986341,22.748293815775124,2.469686478434596e-05
86.18636260986341,22.86917860964512,2.79278992820764e-05
86.18636260986341,22.990063403515112,2.5269733669119887e-05
86.18636260986341,23.110948197385103,2.9908786018495448e-05
86.18636260986341,23.231832991255096,1.0327304153179284e-05
86.18636260986341,23.35271778512509,1.965558658412192e-05
86.18636260986341,23.473602578995084,4.065159009769559e-05
86.18636260986341,23.594487372865075,5.014873295294819e-06
86.18636260986341,23.71537216673507,4.139135853620246e-06
86.18636260986341,23.836256960605063,1.2505192898970565e-05
86.18636260986341,23.957141754475053,
86.18636260986341,24.078026548345047,3.192049189237878e-05
86.18636260986341,24.19891134221504,1.0580022717476822e-05
86.18636260986341,24.319796136085035,2.364729698456358e-05
86.18636260986341,24.440680929955025,9.38470384426182e-06
86.18636260986341,24.56156572382502,3.841750367428176e-05
86.18636260986341,24.682450517695013,2.5299495973740704e-05
86.18636260986341,24.803335311565007,1.7428190403734334e-05
86.18636260986341,24.924220105435,2.28800763579784e-05
86.18636260986341,25.04510489930499,2.7234455046709627e-05
86.18636260986341,25.165989693174986,1.4324133189802524e-05
86.18636260986341,25.286874487044976,1.692415025900118e-05
86.18636260986341,25.40775928091497,1.3955858776171226e-05
86.18636260986341,25.528644074784964,2.3877308194641955e-05
86.18636260986341,25.649528868654954,3.214578464394435e-05
86.18636260986341,25.77041366252495,1.468672235205304e-05
86.18636260986341,25.891298456394946,2.0026654965477064e-06
86.18636260986341,26.012183250264936,1.9025668734684587e-05
86.18636260986341,26.13306804413493,1.229366534971632e-05
86.18636260986341,26.25395283800492,1.2525530109996907e-05
86.18636260986341,26.374837631874914,2.526364551158622e-05
86.18636260986341,26.49572242574491,1.7012980606523342e-05
86.18636260986341,26.6166072196149,-1.6283744116663e-05
86.18636260986341,26.737492013484893,
86.18636260986341,26.858376807354887,2.8597929485840723e-05
86.18636260986341,26.97926160122488,
86.18636260986341,27.10014639509487,1.5189835721685084e-05
86.18636260986341,27.221031188964865,6.282669801294105e-06
86.30636260986341,21.539445877075195,1.1026530955859926e-05
86.30636260986341,21.66033067094519,1.031976171361748e-05
86.30636260986341,21.78121546481518,0.0001252340589417
86.30636260986341,21.902100258685174,1.0707743058446796e-05
86.30636260986341,22.022985052555168,8.451078429061454e-06
86.30636260986341,22.14386984642516,2.6396397515782155e-05
86.30636260986341,22.264754640295152,3.5126817238051444e-05
86.30636260986341,22.385639434165142,1.1873004950757604e-05
86.30636260986341,22.50652422803514,1.3032912647759076e-05
86.30636260986341,22.62740902190513,1.0350557204219513e-05
86.30636260986341,22.748293815775124,1.9275878003099933e-05
86.30636260986341,22.86917860964512,2.442343429720495e-05
86.30636260986341,22.990063403515112,2.486799530743156e-05
86.30636260986341,23.110948197385103,-9.233423952537125e-06
86.30636260986341,23.231832991255096,4.208193058730103e-05
86.30636260986341,23.35271778512509,
86.30636260986341,23.473602578995084,1.967159187188372e-05
86.30636260986341,23.594487372865075,1.3997950190969275e-05
86.30636260986341,23.71537216673507,1.1354747584846336e-05
86.30636260986341,23.836256960605063,1.268777486984618e-05
86.30636260986341,23.957141754475053,5.630425221170299e-05
86.30636260986341,24.078026548345047,
86.30636260986341,24.19891134221504,-6.685790594929131e-06
86.30636260986341,24.319796136085035,-3.611362728861424e-07
86.30636260986341,24.440680929955025,8.356700163858477e-06
86.30636260986341,24.56156572382502,-3.442185970925493e-06
86.30636260986341,24.682450517695013,1.5660283679608256e-05
86.30636260986341,24.803335311565007,7.837298312551866e-07
86.30636260986341,24.924220105435,2.0691270037787035e-05
86.30636260986341,25.04510489930499,
86.30636260986341,25.165989693174986,9.987613339035306e-06
86.30636260986341,25.286874487044976,2.859826599888038e-05
86.30636260986341,25.40775928091497,7.296889179997379e-06
86.30636260986341,25.528644074784964,9.984376447391696e-06
86.30636260986341,25.649528868654954,2.0364444935694337e-05
86.30636260986341,25.77041366252495,1.866839556896593e-05
86.30636260986341,25.891298456394946,2.888697417802177e-05
86.30636260986341,26.012183250264936,
86.30636260986341,26.13306804413493,1.7192647646879777e-05
86.30636260986341,26.25395283800492,6.3985580709413625e-06
86.30636260986341,26.374837631874914,1.9820903617073785e-05
86.30636260986341,26.49572242574491,-4.0513157273380784e-08
86.30636260986341,26.6166072196149,6.576033683813876e-06
86.30636260986341,26.737492013484893,1.400582095811842e-05
86.30636260986341,26.858376807354887,1.7058397133951075e-05
86.30636260986341,26.97926160122488,3.407538997635129e-06
86.30636260986341,27.10014639509487,1.9512464859872125e-05
86.30636260986341,27.221031188964865,1.0459552868269384e-05
86.42636260986342,21.539445877075195,1.0511049367778467e-05
86.42636260986342,21.66033067094519,-1.07036282770423e-06
86.42636260986342,21.78121546481518,2.927745481429156e-05
86.42636260986342,21.902100258685174,4.18792806158308e-05
86.42636260986342,22.022985052555168,6.132911221357062e-05
86.42636260986342,22.14386984642516,2.3016418708721176e-05
86.42636260986342,22.264754640295152,
86.42636260986342,22.385639434165142,3.458997525740415e-05
86.42636260986342,22.50652422803514,2.258803215227089e-05
86.42636260986342,22.62740902190513,
86.42636260986342,22.748293815775124,3.829329943982884e-05
86.42636260986342,22.86917860964512,3.037570058950223e-05
86.42636260986342,22.990063403515112,-1.536293325443694e-06
86.42636260986342,23.110948197385103,4.0385843931289855e-06
86.42636260986342,23.231832991255096,2.341207255085465e-05
86.42636260986342,23.35271778512509,1.481880735809682e-05
86.42636260986342,23.473602578995084,1.855780828918796e-05
86.42636260986342,23.594487372865075,2.645785934873857e-05
86.42636260986342,23.71537216673507,2.727792707446497e-05
86.42636260986342,23.836256960605063,1.0291154467267916e-05
86.42636260986342,23.957141754475053,3.9277605537790805e-05
86.42636260986342,24.078026548345047,3.791678318521008e-05
86.42636260986342,24.19891134221504,2.2869220629218034e-05
86.42636260986342,24.319796136085035,2.8015656425850466e-06
86.42636260986342,24.440680929955025,2.6834115487872623e-05
86.42636260986342,24.56156572382502,7.81687231210526e-06
86.42636260986342,24.682450517695013,
86.42636260986342,24.803335311565007,3.093662962783128e-05
86.42636260986342,24.924220105435,-5.93197182752192e-06
86.42636260986342,25.04510489930499,2.4727358322707005e-05
86.42636260986342,25.165989693174986,1.5124936908250676e-05
86.42636260986342,25.286874487044976,2.865739406843204e-05
86.42636260986342,25.40775928091497,4.272452133591287e-05
86.42636260986342,25.528644074784964,1.622015224711504e-05
86.42636260986342,25.649528868654954,4.638618065655464e-06
86.42636260986342,25.77041366252495,1.7606846085982397e-05
86.42636260986342,25.891298456394946,4.772306510858471e-06
86.42636260986342,26.012183250264936,1.4324817129818255e-05
86.42636260986342,26.13306804413493,1.3753601706412155e-05
86.42636260986342,26.25395283800492,7.338130671996623e-06
86.42636260986342,26.374837631874914,5.96506470174063e-06
86.42636260986342,26.49572242574491,3.803904519372736e-06
86.42636260986342,26.6166072196149,9.454055543756112e-06
86.42636260986342,26.737492013484893,1.7972695786738768e-05
86.42636260986342,26.858376807354887,1.2431973118509632e-05
86.42636260986342,26.97926160122488,
86.42636260986342,27.10014639509487,
86.42636260986342,27.221031188964865,2.502545976312831e-05
86.54636260986342,21.539445877075195,3.5795874282484874e-05
86.54636260986342,21.66033067094519,1.2340830835455565e-05
86.54636260986342,21.78121546481518,2.8789425414288417e-05
86.54636260986342,21.902100258685174,8.438642544206232e-05
86.54636260986342,22.022985052555168,3.3531985081936e-06
86.54636260986342,22.14386984642516,4.749963773065247e-05
86.54636260986342,22.264754640295152,1.7224196199094877e-05
86.54636260986342,22.385639434165142,8.244873242801987e-06
86.54636260986342,22.50652422803514,1.99307924049208e-05
86.54636260986342,22.62740902190513,2.969257730001118e-05
86.54636260986342,22.748293815775124,1.7263217159779742e-05
86.54636260986342,22.86917860964512,8.305475603265222e-06
86.54636260986342,22.990063403515112,1.5544095731456764e-05
86.54636260986342,23.110948197385103,1.8497990822652355e-05
86.54636260986342,23.231832991255096,2.502851748431567e-05
86.54636260986342,23.35271778512509,2.0736781152663752e-05
86.54636260986342,23.473602578995084,1.22889359772671e-05
86.54636260986342,23.594487372865075,1.1976171663263813e-05
86.54636260986342,23.71537216673507,1.6270258129225112e-05
86.54636260986342,23.836256960605063,5.719426098949043e-06
86.54636260986342,23.957141754475053,1.501327733421931e-05
86.54636260986342,24.078026548345047,1.36164517243742e-05
86.54636260986342,24.19891134221504,2.504310577933211e-05
86.54636260986342,24.319796136085035,7.128231573005905e-06
86.54636260986342,24.440680929955025,
86.54636260986342,24.56156572382502,7.899404408817645e-06
86.54636260986342,24.682450517695013,3.547872620401904e-05
86.54636260986342,24.803335311565007,1.21459142974345e-05
86.54636260986342,24.924220105435,2.2618913135374896e-05
86.54636260986342,25.04510489930499,-4.454450845514657e-06
86.54636260986342,25.165989693174986,
86.54636260986342,25.286874487044976,
86.54636260986342,25.40775928091497,-8.886448085831944e-06
86.54636260986342,25.528644074784964,8.0913423516904e-06
86.54636260986342,25.649528868654954,2.622124156914652e-05
86.54636260986342,25.77041366252495,2.7629006581264548e-05
86.54636260986342,25.891298456394946,3.037198075617198e-05
86.54636260986342,26.012183250264936,9.30110581975896e-06
86.54636260986342,26.13306804413493,1.2590475307661109e-05
86.54636260986342,26.25395283800492,2.152695378754288e-05
86.54636260986342,26.374837631874914,5.538502591662109e-06
86.54636260986342,26.49572242574491,8.61235548654804e-06
86.54636260986342,26.6166072196149,3.169500814692583e-06
86.54636260986342,26.737492013484893,1.744148539728485e-05
86.54636260986342,26.858376807354887,-6.4619821387168486e-06
86.54636260986342,26.97926160122488,2.457927075738553e-05
86.54636260986342,27.10014639509487,
86.54636260986342,27.221031188964865,1.2075226550223306e-05
86.66636260986343,21.539445877075195,8.00717589299893e-06
86.66636260986343,21.66033067094519,1.0004178875533398e-05
86.66636260986343,21.78121546481518,9.206764661939816e-05
86.66636260986343,21.902100258685174,4.893293953500688e-05
86.66636260986343,22.022985052555168,2.271588164148852e-05
86.66636260986343,22.14386984642516,8.698770216142293e-06
86.66636260986343,22.264754640295152,2.6477126084500924e-05
86.66636260986343,22.385639434165142,2.6114435968338512e-05
86.66636260986343,22.50652422803514,3.484760600258596e-05
86.66636260986343,22.62740902190513,1.3987746569910088e-05
86.66636260986343,22.748293815775124,2.159111500077416e-05
86.66636260986343,22.86917860964512,4.018409526906908e-05
86.66636260986343,22.990063403515112,4.299671854823828e-05
86.66636260986343,23.110948197385103,7.151740192057332e-06
86.66636260986343,23.231832991255096,
86.66636260986343,23.35271778512509,4.328927752794698e-05
86.66636260986343,23.473602578995084,2.2557358533958904e-05
86.66636260986343,23.594487372865075,2.561547080404125e-05
86.66636260986343,23.71537216673507,6.916997790540336e-06
86.66636260986343,23.836256960605063,1.6508003682247363e-05
86.66636260986343,23.957141754475053,3.485396518954076e-05
86.66636260986343,24.078026548345047,1.6153528122231364e-05
86.66636260986343,24.19891134221504,1.7157630281872116e-05
86.66636260986343,24.319796136085035,
86.66636260986343,24.440680929955025,1.4712793927174062e-05
86.66636260986343,24.56156572382502,4.769532552018063e-06
86.66636260986343,24.682450517695013,4.255563544575125e-05
86.66636260986343,24.803335311565007,9.70127439359203e-06
86.66636260986343,24.924220105435,1.2841632269555704e-05
86.66636260986343,25.04510489930499,1.8157923477701843e-05
86.66636260986343,25.165989693174986,9.312086604040816e-07
86.66636260986343,25.286874487044976,9.52590937686182e-07
86.66636260986343,25.40775928091497,2.104250779666472e-05
86.66636260986343,25.528644074784964,1.1289347639831249e-05
86.66636260986343,25.649528868654954,1.717630948405713e-05
86.66636260986343,25.77041366252495,-2.085816504404648e-06
86.66636260986343,25.891298456394946,5.585516555584036e-05
86.66636260986343,26.012183250264936,8.815793080430012e-06
86.66636260986343,26.13306804413493,1.378591241518734e-05
86.66636260986343,26.25395283800492,1.7841914086602628e-05
86.66636260986343,26.374837631874914,9.87216662906576e-06
86.66636260986343,26.49572242574491,1.0820760508067906e-05
86.66636260986343,26.6166072196149,2.55390605161665e-05
86.66636260986343,26.737492013484893,8.923329005483538e-06
86.66636260986343,26.858376807354887,7.424266186717432e-06
86.66636260986343,26.97926160122488,1.5153961612668354e-05
86.66636260986343,27.10014639509487,1.871619679150172e-05
86.66636260986343,27.221031188964865,8.276841981569305e-06
86.78636260986343,21.539445877075195,3.4319741644139867e-06
86.78636260986343,21.66033067094519,1.834204340411816e-05
86.78636260986343,21.78121546481518,3.895132977049798e-05
86.78636260986343,21.902100258685174,3.604168523452245e-05
86.78636260986343,22.022985052555168,
86.78636260986343,22.14386984642516,2.058963582385332e-05
86.78636260986343,22.264754640295152,3.036885755136609e-05
86.78636260986343,22.385639434165142,5.9482692449819297e-05
86.78636260986343,22.50652422803514,9.43726481636986e-05
86.78636260986343,22.62740902190513,1.1316713425912894e-05
86.78636260986343,22.748293815775124,2.5265773729188368e-05
86.78636260986343,22.86917860964512,9.303360457124654e-06
86.78636260986343,22.990063403515112,1.9476623492664658e-05
86.78636260986343,23.110948197385103,1.0124971595359966e-05
86.78636260986343,23.231832991255096,4.313815793466347e-07
86.78636260986343,23.35271778512509,1.6551473891013302e-05
86.78636260986343,23.473602578995084,4.725363396573812e-05
86.78636260986343,23.594487372865075,0.0001583338453201
86.78636260986343,23.71537216673507,-7.528767582698492e-06
86.78636260986343,23.836256960605063,1.845037513703573e-05
86.78636260986343,23.957141754475053,1.3799663065583443e-06
86.78636260986343,24.078026548345047,1.4539160474669188e-05
86.78636260986343,24.19891134221504,2.229041092505213e-05
86.78636260986343,24.319796136085035,1.121118930313969e-05
86.78636260986343,24.440680929955025,1.5163266652962191e-05
86.78636260986343,24.56156572382502,6.524522632389562e-06
86.78636260986343,24.682450517695013,2.788948404486291e-05
86.78636260986343,24.803335311565007,1.299998075410258e-05
86.78636260986343,24.924220105435,4.805570370081114e-06
86.78636260986343,25.04510489930499,1.0325256880605592e-05
86.78636260986343,25.165989693174986,3.0527604394592345e-05
86.78636260986343,25.286874487044976,6.016266979713691e-06
86.78636260986343,25.40775928091497,7.2765087679727e-06
86.78636260986343,25.528644074784964,8.307954885822255e-06
86.78636260986343,25.649528868654954,6.395152013283223e-06
86.78636260986343,25.77041366252495,-3.770181820073049e-07
86.78636260986343,25.891298456394946,2.526364551158622e-05
86.78636260986343,26.012183250264936,6.12288640695624e-05
86.78636260986343,26.13306804413493,1.1994686246907804e-05
86.78636260986343,26.25395283800492,2.2673684725305066e-05
86.78636260986343,26.374837631874914,9.39945675781928e-06
86.78636260986343,26.49572242574491,7.43040573070175e-06
86.78636260986343,26.6166072196149,
86.78636260986343,26.737492013484893,3.498147998470813e-05
86.78636260986343,26.858376807354887,1.0899812878051309e-05
86.78636260986343,26.97926160122488,8.261504262918606e-06
86.78636260986343,27.10014639509487,2.158566530852113e-05
86.78636260986343,27.221031188964865,
86.90636260986344,21.539445877075195,1.6663994756527245e-05
86.90636260986344,21.66033067094519,
86.90636260986344,21.78121546481518,3.443074456299655e-05
86.90636260986344,21.902100258685174,2.712164496188052e-05
86.90636260986344,22.022985052555168,4.2190829844912514e-05
86.90636260986344,22.14386984642516,8.390294533455744e-05
86.90636260986344,22.264754640295152,2.552281875978224e-05
86.90636260986344,22.385639434165142,3.123144415440038e-05
86.90636260986344,22.50652422803514,2.0541483536362648e-05
86.90636260986344,22.62740902190513,7.328400897677056e-06
86.90636260986344,22.748293815775124,3.816683965851553e-05
86.90636260986344,22.86917860964512,6.06404091740842e-06
86.90636260986344,22.990063403515112,2.7776746719609943e-05
86.90636260986344,23.110948197385103,5.727079951611813e-06
86.90636260986344,23.231832991255096,2.597786624392029e-05
86.90636260986344,23.35271778512509,3.325567377032712e-06
86.90636260986344,23.473602578995084,8.191692359105218e-06
86.90636260986344,23.594487372865075,1.6348905774066225e-05
86.90636260986344,23.71537216673507,
86.90636260986344,23.836256960605063,-3.4144563869631384e-06
86.90636260986344,23.957141754475053,2.0867113562417217e-05
86.90636260986344,24.078026548345047,2.782652882160619e-05
86.90636260986344,24.19891134221504,2.0638037312892266e-05
86.90636260986344,24.319796136085035,6.305019724095473e-06
86.90636260986344,24.440680929955025,1.477727619203506e-05
86.90636260986344,24.56156572382502,7.29953681002371e-05
86.90636260986344,24.682450517695013,1.2143818821641617e-05
86.90636260986344,24.803335311565007,2.8619346267078072e-05
86.90636260986344,24.924220105435,5.593612513621338e-06
86.90636260986344,25.04510489930499,1.7158841728814878e-05
86.90636260986344,25.165989693174986,-9.980791446650985e-07
86.90636260986344,25.286874487044976,3.2667212508386e-05
86.90636260986344,25.40775928091497,2.1090136215207167e-06
86.90636260986344,25.528644074784964,1.4629562429036014e-05
86.90636260986344,25.649528868654954,1.2020993381156586e-05
86.90636260986344,25.77041366252495,1.5014875316410324e-05
86.90636260986344,25.891298456394946,3.6218834793544366e-06
86.90636260986344,26.012183250264936,2.358023084525485e-05
86.90636260986344,26.13306804413493,3.074102278333157e-05
86.90636260986344,26.25395283800492,3.873000969178975e-05
86.90636260986344,26.374837631874914,1.585624340805225e-05
86.90636260986344,26.49572242574491,8.056471415329725e-06
86.90636260986344,26.6166072196149,7.882615136622917e-06
86.90636260986344,26.737492013484893,1.86027154995827e-05
86.90636260986344,26.858376807354887,1.5505340343224816e-05
86.90636260986344,26.97926160122488,7.704992640356068e-06
86.90636260986344,27.10014639509487,1.1281723345746286e-05
86.90636260986344,27.221031188964865,3.5450586437946185e-05
87.02636260986344,21.539445877075195,1.998092784560868e-06
87.02636260986344,21.66033067094519,2.3231390514411032e-05
87.02636260986344,21.78121546481518,8.486061233270448e-06
87.02636260986344,21.902100258685174,2.3671685994486324e-05
87.02636260986344,22.022985052555168,3.0595754196838243e-06
87.02636260986344,22.14386984642516,1.0429984286020044e-05
87.02636260986344,22.264754640295152,
87.02636260986344,22.385639434165142,2.8941438358742744e-05
87.02636260986344,22.50652422803514,2.761795803962741e-05
87.02636260986344,22.62740902190513,2.4478178602294065e-05
87.02636260986344,22.748293815775124,4.473506487556733e-05
87.02636260986344,22.86917860964512,1.4746749002370052e-05
87.02636260986344,22.990063403515112,2.9590331905637868e-05
87.02636260986344,23.110948197385103,5.348259219317697e-05
87.02636260986344,23.231832991255096,2.851277713489253e-05
87.02636260986344,23.35271778512509,1.9654245988931507e-05
87.02636260986344,23.473602578995084,2.60052147496026e-05
87.02636260986344,23.594487372865075,4.777331014338415e-06
87.02636260986344,23.71537216673507,3.074897176702507e-05
87.02636260986344,23.836256960605063,
87.02636260986344,23.957141754475053,1.0340053449908735e-05
87.02636260986344,24.078026548345047,3.197429032297805e-05
87.02636260986344,24.19891134221504,2.5479570467723534e-05
87.02636260986344,24.319796136085035,2.9338494641706347e-05
87.02636260986344,24.440680929955025,2.081825368804857e-05
87.02636260986344,24.56156572382502,4.290474407753209e-06
87.02636260986344,24.682450517695013,7.468210014849319e-07
87.02636260986344,24.803335311565007,-1.6541533113922924e-05
87.02636260986344,24.924220105435,2.1940806618658822e-05
87.02636260986344,25.04510489930499,3.7424804304464487e-06
87.02636260986344,25.165989693174986,5.496593530551763e-06
87.02636260986344,25.286874487044976,1.4378050764207728e-05
87.02636260986344,25.40775928091497,9.046838385984302e-06
87.02636260986344,25.528644074784964,6.727328127453802e-06
87.02636260986344,25.649528868654954,6.838928584329551e-06
87.02636260986344,25.77041366252495,1.637778404983692e-05
87.02636260986344,25.891298456394946,2.4803886844892983e-05
87.02636260986344,26.012183250264936,2.26015217776876e-05
87.02636260986344,26.13306804413493,1.1737677596102005e-05
87.02636260986344,26.25395283800492,1.345321607004735e-06
87.02636260986344,26.374837631874914,7.556714535894571e-06
87.02636260986344,26.49572242574491,5.105612672196003e-06
87.02636260986344,26.6166072196149,1.108226933865808e-05
87.02636260986344,26.737492013484893,8.978964615380391e-06
87.02636260986344,26.858376807354887,2.029692223004531e-05
87.02636260986344,26.97926160122488,-8.48818126542028e-06
87.02636260986344,27.10014639509487,
87.02636260986344,27.221031188964865,1.2304643860261422e-05
87.14636260986344,21.539445877075195,1.4417476450034885e-05
87.14636260986344,21.66033067094519,2.679532144611585e-06
87.14636260986344,21.78121546481518,3.202174048055895e-05
87.14636260986344,21.902100258685174,6.103427585912869e-05
87.14636260986344,22.022985052555168,4.841963891522028e-05
87.14636260986344,22.14386984642516,4.414245267980732e-05
87.14636260986344,22.264754640295152,3.641398507170379e-05
87.14636260986344,22.385639434165142,6.003815360600129e-05
87.14636260986344,22.50652422803514,
87.14636260986344,22.62740902190513,1.2891132428194396e-05
87.14636260986344,22.748293815775124,2.274108373967465e-05
87.14636260986344,22.86917860964512,1.7237589418073185e-05
87.14636260986344,22.990063403515112,6.97298264640267e-06
87.14636260986344,23.110948197385103,3.012094930454623e-05
87.14636260986344,23.231832991255096,-1.0338919764762977e-07
87.14636260986344,23.35271778512509,6.696476248180261e-06
87.14636260986344,23.473602578995084,6.516983376059216e-06
87.14636260986344,23.594487372865075,2.2347967387759127e-05
87.14636260986344,23.71537216673507,9.93200683296891e-06
87.14636260986344,23.836256960605063,1.7393254893249832e-05
87.14636260986344,23.957141754475053,1.0095937795995267e-05
87.14636260986344,24.078026548345047,1.191724368254654e-05
87.14636260986344,24.19891134221504,1.626650191610679e-05
87.14636260986344,24.319796136085035,9.504595254838932e-06
87.14636260986344,24.440680929955025,4.510985036176862e-06
87.14636260986344,24.56156572382502,8.241179784818087e-06
87.14636260986344,24.682450517695013,1.7907799701788463e-05
87.14636260986344,24.803335311565007,3.5646891774376854e-05
87.14636260986344,24.924220105435,9.926469829224516e-06
87.14636260986344,25.04510489930499,2.2380130758392625e-05
87.14636260986344,25.165989693174986,2.105955900333356e-05
87.14636260986344,25.286874487044976,1.6304527889587916e-05
87.14636260986344,25.40775928091497,1.9775976397795603e-05
87.14636260986344,25.528644074784964,2.6798807084560394e-06
87.14636260986344,25.649528868654954,1.87564583029598e-05
87.14636260986344,25.77041366252495,1.4761266356799752e-05
87.14636260986344,25.891298456394946,1.155972950073192e-05
87.14636260986344,26.012183250264936,-3.743364004549221e-06
87.14636260986344,26.13306804413493,-6.097577625041595e-06
87.14636260986344,26.25395283800492,2.343364030821249e-05
87.14636260986344,26.374837631874914,1.5890092981862836e-05
87.14636260986344,26.49572242574491,
87.14636260986344,26.6166072196149,7.912443834356964e-06
87.14636260986344,26.737492013484893,-3.06029619423498e-06
87.14636260986344,26.858376807354887,1.880595664260909e-05
87.14636260986344,26.97926160122488,3.437583472987172e-06
87.14636260986344,27.10014639509487,8.38745017972542e-06
87.14636260986344,27.221031188964865,8.648513357911725e-06
87.26636260986345,21.539445877075195,3.692671725730179e-06
87.26636260986345,21.66033067094519,
87.26636260986345,21.78121546481518,3.654698230093345e-05
87.26636260986345,21.902100258685174,2.4574537746957503e-06
87.26636260986345,22.022985052555168,3.2874933822313324e-05
87.26636260986345,22.14386984642516,1.4373700651049148e-05
87.26636260986345,22.264754640295152,4.2706862586783245e-05
87.26636260986345,22.385639434165142,3.307672159280628e-05
87.26636260986345,22.50652422803514,7.479008218069794e-06
87.26636260986345,22.62740902190513,1.4115018529992083e-05
87.26636260986345,22.748293815775124,3.507602013996802e-05
87.26636260986345,22.86917860964512,7.415956588374684e-06
87.26636260986345,22.990063403515112,8.561276445107069e-06
87.26636260986345,23.110948197385103,2.120590397680644e-05
87.26636260986345,23.231832991255096,1.376482305204263e-05
87.26636260986345,23.35271778512509,
87.26636260986345,23.473602578995084,6.30161157459952e-05
87.26636260986345,23.594487372865075,3.063644908252172e-05
87.26636260986345,23.71537216673507,3.094573003181722e-06
87.26636260986345,23.836256960605063,2.8333801310509443e-05
87.26636260986345,23.957141754475053,-1.86301474514039e-06
87.26636260986345,24.078026548345047,2.654491618159227e-05
87.26636260986345,24.19891134221504,3.0380413591046818e-05
87.26636260986345,24.319796136085035,1.4920986359356904e-05
87.26636260986345,24.440680929955025,1.2846005120081829e-05
87.26636260986345,24.56156572382502,2.5298089894931763e-05
87.26636260986345,24.682450517695013,2.267987838422414e-05
87.26636260986345,24.803335311565007,1.5511885067098774e-05
87.26636260986345,24.924220105435,1.573716690472793e-05
87.26636260986345,25.04510489930499,1.736085323500447e-05
87.26636260986345,25.165989693174986,1.7934153220267035e-05
87.26636260986345,25.286874487044976,
87.26636260986345,25.40775928091497,2.6166368115809743e-05
87.26636260986345,25.528644074784964,6.421260877687018e-06
87.26636260986345,25.649528868654954,2.6800278646987863e-05
87.26636260986345,25.77041366252495,3.547589585650712e-05
87.26636260986345,25.891298456394946,3.956829459639266e-06
87.26636260986345,26.012183250264936,2.009316995099653e-05
87.26636260986345,26.13306804413493,1.1540900231921114e-05
87.26636260986345,26.25395283800492,1.15811108116759e-05
87.26636260986345,26.374837631874914,9.008949746203145e-06
87.26636260986345,26.49572242574491,1.0505803402338644e-05
87.26636260986345,26.6166072196149,5.246499767963542e-06
87.26636260986345,26.737492013484893,1.4382043445948511e-05
87.26636260986345,26.858376807354887,2.1395842395577347e-06
87.26636260986345,26.97926160122488,4.797761903319042e-06
87.26636260986345,27.10014639509487,2.605618419693201e-06
87.26636260986345,27.221031188964865,6.6595048338058405e-06
87.38636260986345,21.539445877075195,3.541989281075075e-05
87.38636260986345,21.66033067094519,2.215855056419969e-05
87.38636260986345,21.78121546481518,9.887600754154846e-06
87.38636260986345,21.902100258685174,2.809331090247724e-05
87.38636260986345,22.022985052555168,3.4696757211349905e-05
87.38636260986345,22.14386984642516,1.4332086720969528e-05
87.38636260986345,22.264754640295152,1.1269968126725873e-05
87.38636260986345,22.385639434165142,9.950949788617436e-06
87.38636260986345,22.50652422803514,2.2305532183963805e-05
87.38636260986345,22.62740902190513,2.046340341621544e-05
87.38636260986345,22.748293815775124,4.731567059934605e-06
87.38636260986345,22.86917860964512,1.5138839444261976e-05
87.38636260986345,22.990063403515112,8.869120392773766e-06
87.38636260986345,23.110948197385103,5.581101504503749e-06
87.38636260986345,23.231832991255096,1.3546964510169346e-05
87.38636260986345,23.35271778512509,8.251726285379846e-06
87.38636260986345,23.473602578995084,4.773830733029172e-05
87.38636260986345,23.594487372865075,2.50261182372924e-05
87.38636260986345,23.71537216673507,
87.38636260986345,23.836256960605063,1.965291403394076e-06
87.38636260986345,23.957141754475053,1.2135116776335051e-05
87.38636260986345,24.078026548345047,1.933895146066789e-05
87.38636260986345,24.19891134221504,1.3865746041119564e-05
87.38636260986345,24.319796136085035,2.51611381827388e-05
87.38636260986345,24.440680929955025,4.2133160604862496e-05
87.38636260986345,24.56156572382502,1.6901369235711172e-05
87.38636260986345,24.682450517695013,2.6885363695328124e-05
87.38636260986345,24.803335311565007,2.262270390929189e-05
87.38636260986345,24.924220105435,-3.799445380536781e-07
87.38636260986345,25.04510489930499,3.3185042411787435e-05
87.38636260986345,25.165989693174986,9.14005340746371e-06
87.38636260986345,25.286874487044976,1.725563379295636e-05
87.38636260986345,25.40775928091497,7.790813469910063e-06
87.38636260986345,25.528644074784964,1.27991042973008e-05
87.38636260986345,25.649528868654954,2.4173205019906163e-05
87.38636260986345,25.77041366252495,1.4247513718146363e-05
87.38636260986345,25.891298456394946,1.5693136447225697e-05
87.38636260986345,26.012183250264936,2.857414074242115e-07
87.38636260986345,26.13306804413493,2.137360934284516e-05
87.38636260986345,26.25395283800492,4.351036750449566e-06
87.38636260986345,26.374837631874914,9.217627848556733e-06
87.38636260986345,26.49572242574491,2.553291960794013e-05
87.38636260986345,26.6166072196149,1.6646892618155107e-05
87.38636260986345,26.737492013484893,9.14028896659147e-06
87.38636260986345,26.858376807354887,-1.0670086339814588e-05
87.38636260986345,26.97926160122488,8.62989418237703e-06
87.38636260986345,27.10014639509487,2.2676391381537545e-05
87.38636260986345,27.221031188964865,2.080017475236673e-05
87.50636260986346,21.539445877075195,2.0147601389908232e-05
87.50636260986346,21.66033067094519,3.419064887566492e-05
87.50636260986346,21.78121546481518,3.475139965303242e-05
87.50636260986346,21.902100258685174,4.693943992606364e-05
87.50636260986346,22.022985052555168,1.5812231140444055e-05
87.50636260986346,22.14386984642516,1.061901366483653e-05
87.50636260986346,22.264754640295152,3.5829823900712654e-05
87.50636260986346,22.385639434165142,6.420131740014767e-06
87.50636260986346,22.50652422803514,5.9928315749857575e-06
87.50636260986346,22.62740902190513,3.285529601271264e-05
87.50636260986346,22.748293815775124,2.348990165046416e-05
87.50636260986346,22.86917860964512,1.1615761650318746e-05
87.50636260986346,22.990063403515112,3.314418063382618e-05
87.50636260986346,23.110948197385103,2.1783713236800395e-05
87.50636260986346,23.231832991255096,1.7189569916808978e-05
87.50636260986346,23.35271778512509,2.1356259821914136e-05
87.50636260986346,23.473602578995084,2.121322540915571e-05
87.50636260986346,23.594487372865075,6.168103027448524e-06
87.50636260986346,23.71537216673507,2.221200884378049e-05
87.50636260986346,23.836256960605063,7.837298312551866e-07
87.50636260986346,23.957141754475053,-1.6525706314496349e-06
87.50636260986346,24.078026548345047,1.7759100956027396e-05
87.50636260986346,24.19891134221504,3.957596618420212e-06
87.50636260986346,24.319796136085035,1.173950749944197e-05
87.50636260986346,24.440680929955025,
87.50636260986346,24.56156572382502,2.9664672183571383e-05
87.50636260986346,24.682450517695013,
87.50636260986346,24.803335311565007,1.160463762062136e-05
87.50636260986346,24.924220105435,
87.50636260986346,25.04510489930499,3.394376562937396e-06
87.50636260986346,25.165989693174986,1.8086961063090712e-05
87.50636260986346,25.286874487044976,1.938928335221135e-06
87.50636260986346,25.40775928091497,1.527733365946915e-05
87.50636260986346,25.528644074784964,1.7414653484593146e-05
87.50636260986346,25.649528868654954,9.909005711961072e-06
87.50636260986346,25.77041366252495,2.115005008818116e-05
87.50636260986346,25.891298456394946,1.903171869344078e-05
87.50636260986346,26.012183250264936,
87.50636260986346,26.13306804413493,1.1475270184746478e-05
87.50636260986346,26.25395283800492,2.3002388843451627e-05
87.50636260986346,26.374837631874914,
87.50636260986346,26.49572242574491,1.78703703568317e-06
87.50636260986346,26.6166072196149,1.5071796042320784e-05
87.50636260986346,26.737492013484893,1.238936783920508e-05
87.50636260986346,26.858376807354887,1.0293173545505852e-05
87.50636260986346,26.97926160122488,8.463205176667543e-07
87.50636260986346,27.10014639509487,1.876739224826452e-05
87.50636260986346,27.221031188964865,1.798088487703353e-05
87.62636260986346,21.539445877075195,2.451299769745674e-05
87.62636260986346,21.66033067094519,7.402651590382447e-06
87.62636260986346,21.78121546481518,1.8974893464474007e-05
87.62636260986346,21.902100258685174,2.771560320979916e-05
87.62636260986346,22.022985052555168,1.78561604116112e-05
87.62636260986346,22.14386984642516,1.3013133184358594e-06
87.62636260986346,22.264754640295152,3.130741970380768e-05
87.62636260986346,22.385639434165142,3.3067510685214074e-06
87.62636260986346,22.50652422803514,2.0173712982796133e-05
87.62636260986346,22.62740902190513,9.728671102493536e-06
87.62636260986346,22.748293815775124,2.851277713489253e-05
87.62636260986346,22.86917860964512,1.838940443121828e-05
87.62636260986346,22.990063403515112,3.07522714138031e-05
87.62636260986346,23.110948197385103,1.1539653314684983e-05
87.62636260986346,23.231832991255096,2.132684312528e-05
87.62636260986346,23.35271778512509,1.1195690603926778e-05
87.62636260986346,23.473602578995084,1.2756668184010778e-05
87.62636260986346,23.594487372865075,1.037881156662479e-05
87.62636260986346,23.71537216673507,6.694348940072814e-06
87.62636260986346,23.836256960605063,1.815341056499165e-05
87.62636260986346,23.957141754475053,1.90114660654217e-05
87.62636260986346,24.078026548345047,1.5525367871305209e-06
87.62636260986346,24.19891134221504,2.580659929662943e-05
87.62636260986346,24.319796136085035,5.601000339083839e-06
87.62636260986346,24.440680929955025,4.098010890629666e-07
87.62636260986346,24.56156572382502,1.0591264981485438e-05
87.62636260986346,24.682450517695013,4.236834683979396e-06
87.62636260986346,24.803335311565007,5.56475788471289e-06
87.62636260986346,24.924220105435,6.12130236277153e-07
87.62636260986346,25.04510489930499,3.886671493091853e-06
87.62636260986346,25.165989693174986,1.2628684089577291e-05
87.62636260986346,25.286874487044976,2.9628577976836823e-05
87.62636260986346,25.40775928091497,2.242416303488426e-05
87.62636260986346,25.528644074784964,-2.7435060019342927e-06
87.62636260986346,25.649528868654954,1.9706889361259528e-05
87.62636260986346,25.77041366252495,
87.62636260986346,25.891298456394946,7.556714535894571e-06
87.62636260986346,26.012183250264936,
87.62636260986346,26.13306804413493,9.43160011956934e-06
87.62636260986346,26.25395283800492,9.288164619647432e-06
87.62636260986346,26.374837631874914,1.5541874745395035e-05
87.62636260986346,26.49572242574491,1.7350093912682496e-06
87.62636260986346,26.6166072196149,1.0698279766074847e-05
87.62636260986346,26.737492013484893,
87.62636260986346,26.858376807354887,
87.62636260986346,26.97926160122488,
87.62636260986346,27.10014639509487,1.1403997632442042e-05
87.62636260986346,27.221031188964865,1.10104610939743e-05
87.74636260986347,21.539445877075195,-6.347910584736383e-06
87.74636260986347,21.66033067094519,3.339239628985524e-05
87.74636260986347,21.78121546481518,1.7141957869171165e-05
87.74636260986347,21.902100258685174,-4.232448418406421e-07
87.74636260986347,22.022985052555168,2.345370921830181e-05
87.74636260986347,22.14386984642516,9.206755748891736e-06
87.74636260986347,22.264754640295152,3.0495943065034226e-05
87.74636260986347,22.385639434165142,2.5751867724466138e-05
87.74636260986347,22.50652422803514,1.1872724826389458e-05
87.74636260986347,22.62740902190513,8.18073567643296e-06
87.74636260986347,22.748293815775124,1.116553266911069e-05
87.74636260986347,22.86917860964512,1.284135305468226e-05
87.74636260986347,22.990063403515112,1.1336612260492984e-05
87.74636260986347,23.110948197385103,8.29196778795449e-06
87.74636260986347,23.231832991255096,
87.74636260986347,23.35271778512509,1.6562427845201455e-05
87.74636260986347,23.473602578995084,5.497390156961046e-05
87.74636260986347,23.594487372865075,
87.74636260986347,23.71537216673507,6.288292297540465e-06
87.74636260986347,23.836256960605063,9.49935110838851e-06
87.74636260986347,23.957141754475053,4.1825176595011726e-05
87.74636260986347,24.078026548345047,
87.74636260986347,24.19891134221504,6.412110906239832e-06
87.74636260986347,24.319796136085035,1.781884566298686e-05
87.74636260986347,24.440680929955025,6.489035513368435e-06
87.74636260986347,24.56156572382502,2.558655978646129e-05
87.74636260986347,24.682450517695013,2.0477125872275792e-05
87.74636260986347,24.803335311565007,8.227986654674169e-06
87.74636260986347,24.924220105435,
87.74636260986347,25.04510489930499,2.075684824376367e-05
87.74636260986347,25.165989693174986,2.045451765297912e-05
87.74636260986347,25.286874487044976,6.43367093289271e-05
87.74636260986347,25.40775928091497,8.534881089872215e-06
87.74636260986347,25.528644074784964,1.6621339455014095e-05
87.74636260986347,25.649528868654954,
87.74636260986347,25.77041366252495,9.559626960253809e-06
87.74636260986347,25.891298456394946,1.5890092981862836e-05
87.74636260986347,26.012183250264936,2.425105776637793e-06
87.74636260986347,26.13306804413493,8.066223927016836e-06
87.74636260986347,26.25395283800492,5.601551038125763e-06
87.74636260986347,26.374837631874914,
87.74636260986347,26.49572242574491,2.7820844479720108e-05
87.74636260986347,26.6166072196149,6.903571829752764e-06
87.74636260986347,26.737492013484893,1.7014172044582665e-05
87.74636260986347,26.858376807354887,1.632261773920618e-05
87.74636260986347,26.97926160122488,-4.259308298060205e-06
87.74636260986347,27.10014639509487,1.274250098504126e-05
87.74636260986347,27.221031188964865,6.02909085500869e-06
87.86636260986347,21.539445877075195,4.426507985044736e-06
87.86636260986347,21.66033067094519,4.431643537827768e-05
87.86636260986347,21.78121546481518,3.5678014683071524e-05
87.86636260986347,21.902100258685174,2.473159293003846e-05
87.86636260986347,22.022985052555168,1.909264210553374e-05
87.86636260986347,22.14386984642516,-2.3141894871514523e-06
87.86636260986347,22.264754640295152,2.190726081607864e-05
87.86636260986347,22.385639434165142,1.7224858311237767e-05
87.86636260986347,22.50652422803514,4.480396000872133e-06
87.86636260986347,22.62740902190513,5.214314296608791e-05
87.86636260986347,22.748293815775124,8.678434824105352e-06
87.86636260986347,22.86917860964512,6.482344178948551e-05
87.86636260986347,22.990063403515112,3.315036155981943e-05
87.86636260986347,23.110948197385103,1.8739749066298828e-05
87.86636260986347,23.231832991255096,1.7577136532054283e-05
87.86636260986347,23.35271778512509,9.86383111012401e-06
87.86636260986347,23.473602578995084,3.813914008787833e-05
87.86636260986347,23.594487372865075,2.0899366063531488e-05
87.86636260986347,23.71537216673507,1.7449006918468513e-05
87.86636260986347,23.836256960605063,1.691218676569406e-05
87.86636260986347,23.957141754475053,2.365604632359464e-05
87.86636260986347,24.078026548345047,1.8411587006994523e-05
87.86636260986347,24.19891134221504,1.0575487976893784e-05
87.86636260986347,24.319796136085035,3.2062922400655225e-05
87.86636260986347,24.440680929955025,7.498224022128852e-06
87.86636260986347,24.56156572382502,4.875189461017726e-06
87.86636260986347,24.682450517695013,2.576476254034788e-05
87.86636260986347,24.803335311565007,1.7170279534184374e-05
87.86636260986347,24.924220105435,-2.642368144734064e-06
87.86636260986347,25.04510489930499,
87.86636260986347,25.165989693174986,
87.86636260986347,25.286874487044976,1.4422775166167412e-05
87.86636260986347,25.40775928091497,1.2300381968088914e-05
87.86636260986347,25.528644074784964,2.6858653654926457e-05
87.86636260986347,25.649528868654954,3.0453088584181387e-06
87.86636260986347,25.77041366252495,1.4238212315831332e-05
87.86636260986347,25.891298456394946,1.4132874639471991e-05
87.86636260986347,26.012183250264936,5.787671398138627e-06
87.86636260986347,26.13306804413493,6.542250048369169e-06
87.86636260986347,26.25395283800492,9.366339327243622e-06
87.86636260986347,26.374837631874914,8.538083420717157e-06
87.86636260986347,26.49572242574491,5.389195393945556e-06
87.86636260986347,26.6166072196149,
87.86636260986347,26.737492013484893,7.324053967749933e-06
87.86636260986347,26.858376807354887,6.832701728853863e-06
87.86636260986347,26.97926160122488,1.6520798453711905e-05
87.86636260986347,27.10014639509487,6.382894753187429e-06
87.86636260986347,27.221031188964865,1.2267285455891395e-05
87.98636260986348,21.539445877075195,1.6592730389675125e-05
87.98636260986348,21.66033067094519,2.102606049447786e-05
87.98636260986348,21.78121546481518,4.855927181779407e-05
87.98636260986348,21.902100258685174,3.445891343289986e-05
87.98636260986348,22.022985052555168,1.6004320059437305e-05
87.98636260986348,22.14386984642516,3.52803835994564e-05
87.98636260986348,22.264754640295152,2.8867874789284546e-05
87.98636260986348,22.385639434165142,2.784254684229381e-05
87.98636260986348,22.50652422803514,1.7116077287937514e-05
87.98636260986348,22.62740902190513,2.6188406991423108e-05
87.98636260986348,22.748293815775124,4.668947076424956e-05
87.98636260986348,22.86917860964512,8.271184015029576e-06
87.98636260986348,22.990063403515112,2.08468936762074e-05
87.98636260986348,23.110948197385103,-2.704608732528868e-07
87.98636260986348,23.231832991255096,5.926059657213045e-06
87.98636260986348,23.35271778512509,7.535878103226423e-05
87.98636260986348,23.473602578995084,9.994369975174776e-06
87.98636260986348,23.594487372865075,
87.98636260986348,23.71537216673507,3.0994113330962136e-05
87.98636260986348,23.836256960605063,1.8823158825398423e-05
87.98636260986348,23.957141754475053,1.3263261280371808e-05
87.98636260986348,24.078026548345047,1.396287825627951e-05
87.98636260986348,24.19891134221504,-1.0215883321507135e-06
87.98636260986348,24.319796136085035,1.4006752280693036e-05
87.98636260986348,24.440680929955025,3.701103651110316e-06
87.98636260986348,24.56156572382502,1.105457340599969e-05
87.98636260986348,24.682450517695013,2.7469386623124592e-05
87.98636260986348,24.803335311565007,9.191000572172923e-06
87.98636260986348,24.924220105435,5.8902269302052446e-06
87.98636260986348,25.04510489930499,1.7547652532812208e-05
87.98636260986348,25.165989693174986,1.3665856386069208e-05
87.98636260986348,25.286874487044976,7.562992777820909e-06
87.98636260986348,25.40775928091497,-8.172074558387976e-06
87.98636260986348,25.528644074784964,1.7261734683415852e-05
87.98636260986348,25.649528868654954,1.747083297232166e-05
87.98636260986348,25.77041366252495,1.91316084965365e-05
87.98636260986348,25.891298456394946,7.844346328056417e-06
87.98636260986348,26.012183250264936,-7.000963250902714e-06
87.98636260986348,26.13306804413493,1.4404154171643311e-05
87.98636260986348,26.25395283800492,7.658723006898072e-06
87.98636260986348,26.374837631874914,1.5912411981844343e-05
87.98636260986348,26.49572242574491,1.5074895600264426e-05
87.98636260986348,26.6166072196149,1.6822663383209147e-05
87.98636260986348,26.737492013484893,4.748276296595577e-06
87.98636260986348,26.858376807354887,3.2418429327663034e-06
87.98636260986348,26.97926160122488,8.386360605072696e-06
87.98636260986348,27.10014639509487,2.524247793189716e-05
87.98636260986348,27.221031188964865,2.5064280180231435e-06
88.10636260986348,21.539445877075195,4.143455589655787e-05
88.10636260986348,21.66033067094519,3.863840538542718e-05
88.10636260986348,21.78121546481518,4.217883542878553e-05
88.10636260986348,21.902100258685174,1.2108531336707529e-05
88.10636260986348,22.022985052555168,2.467661579430569e-05
88.10636260986348,22.14386984642516,2.9121678380761296e-05
88.10636260986348,22.264754640295152,2.4777375074336305e-05
88.10636260986348,22.385639434165142,6.511278570542345e-06
88.10636260986348,22.50652422803514,2.3268670702236705e-05
88.10636260986348,22.62740902190513,1.453397544537438e-05
88.10636260986348,22.748293815775124,2.7555353881325573e-05
88.10636260986348,22.86917860964512,2.485131335561164e-05
88.10636260986348,22.990063403515112,2.4920540454331785e-05
88.10636260986348,23.110948197385103,3.482128931864281e-06
88.10636260986348,23.231832991255096,-4.409014763950836e-06
88.10636260986348,23.35271778512509,1.902619624161161e-05
88.10636260986348,23.473602578995084,1.374164094158914e-05
88.10636260986348,23.594487372865075,8.898587111616507e-06
88.10636260986348,23.71537216673507,6.685229163849726e-05
88.10636260986348,23.836256960605063,3.187359652656596e-06
88.10636260986348,23.957141754475053,1.860414886323269e-05
88.10636260986348,24.078026548345047,-2.6515176614339e-06
88.10636260986348,24.19891134221504,6.016266979713691e-06
88.10636260986348,24.319796136085035,1.33144530991558e-05
88.10636260986348,24.440680929955025,6.957494861126179e-06
88.10636260986348,24.56156572382502,2.413616675767116e-05
88.10636260986348,24.682450517695013,1.5838646504562348e-05
88.10636260986348,24.803335311565007,8.272936042885704e-07
88.10636260986348,24.924220105435,4.594297024596017e-06
88.10636260986348,25.04510489930499,2.4711957848921884e-06
88.10636260986348,25.165989693174986,2.096978641930036e-05
88.10636260986348,25.286874487044976,-8.429604463344731e-07
88.10636260986348,25.40775928091497,2.1673249648301866e-05
88.10636260986348,25.528644074784964,1.8371523765381426e-05
88.10636260986348,25.649528868654954,
88.10636260986348,25.77041366252495,
88.10636260986348,25.891298456394946,1.395447543472983e-05
88.10636260986348,26.012183250264936,1.9533168597263284e-05
88.10636260986348,26.13306804413493,1.02665226222598e-05
88.10636260986348,26.25395283800492,9.143158422375564e-06
88.10636260986348,26.374837631874914,-1.524382014395087e-06
88.10636260986348,26.49572242574491,6.554995707119815e-06
88.10636260986348,26.6166072196149,1.2508920008258428e-05
88.10636260986348,26.737492013484893,1.5867757610976696e-05
88.10636260986348,26.858376807354887,2.6633028028300032e-05
88.10636260986348,26.97926160122488,3.533301060087979e-05
88.10636260986348,27.10014639509487,1.3474601473717485e-05
88.10636260986348,27.221031188964865,9.442644113732968e-06
88.22636260986349,21.539445877075195,8.138747034536209e-06
88.22636260986349,21.66033067094519,4.310257645556703e-05
88.22636260986349,21.78121546481518,4.704066668637097e-06
88.22636260986349,21.902100258685174,-4.046474259666866e-06
88.22636260986349,22.022985052555168,1.982454341487028e-05
88.22636260986349,22.14386984642516,4.264345625415445e-05
88.22636260986349,22.264754640295152,3.766951704164967e-05
88.22636260986349,22.385639434165142,9.463522474106869e-06
88.22636260986349,22.50652422803514,1.7414991816622205e-05
88.22636260986349,22.62740902190513,2.732294160523452e-05
88.22636260986349,22.748293815775124,1.961660927918274e-05
88.22636260986349,22.86917860964512,2.685720937734004e-05
88.22636260986349,22.990063403515112,8.610314580437262e-06
88.22636260986349,23.110948197385103,1.2904673894809092e-05
88.22636260986349,23.231832991255096,8.249119673564564e-06
88.22636260986349,23.35271778512509,3.3429318136768416e-05
88.22636260986349,23.473602578995084,4.438855830812827e-05
88.22636260986349,23.594487372865075,2.563586895121261e-05
88.22636260986349,23.71537216673507,
88.22636260986349,23.836256960605063,2.130657048837748e-05
88.22636260986349,23.957141754475053,2.8797678169212304e-05
88.22636260986349,24.078026548345047,2.752548061835114e-05
88.22636260986349,24.19891134221504,2.2870739485369995e-05
88.22636260986349,24.319796136085035,1.9755012544919737e-05
88.22636260986349,24.440680929955025,3.357332752784714e-05
88.22636260986349,24.56156572382502,2.333311022084672e-05
88.22636260986349,24.682450517695013,2.395167939539533e-05
88.22636260986349,24.803335311565007,3.103494691458764e-06
88.22636260986349,24.924220105435,1.3414570275926962e-05
88.22636260986349,25.04510489930499,2.0211633454891853e-05
88.22636260986349,25.165989693174986,1.2892339327663647e-05
88.22636260986349,25.286874487044976,1.6313164451275952e-05
88.22636260986349,25.40775928091497,7.817551704647485e-06
88.22636260986349,25.528644074784964,4.702110163634643e-05
88.22636260986349,25.649528868654954,1.7474681953899562e-05
88.22636260986349,25.77041366252495,
88.22636260986349,25.891298456394946,3.1471783586312085e-05
88.22636260986349,26.012183250264936,1.1111139428976458e-05
88.22636260986349,26.13306804413493,9.56773783400422e-06
88.22636260986349,26.25395283800492,1.8981721723321243e-06
88.22636260986349,26.374837631874914,
88.22636260986349,26.49572242574491,4.340237865108065e-06
88.22636260986349,26.6166072196149,1.1450383681221863e-05
88.22636260986349,26.737492013484893,4.159533091296908e-06
88.22636260986349,26.858376807354887,4.31453418059391e-06
88.22636260986349,26.97926160122488,1.5849624105612747e-05
88.22636260986349,27.10014639509487,7.911381544545293e-06
88.22636260986349,27.221031188964865,
88.34636260986349,21.539445877075195,1.1874732081196273e-05
88.34636260986349,21.66033067094519,2.6058325602207333e-05
88.34636260986349,21.78121546481518,1.733201861497946e-05
88.34636260986349,21.902100258685174,2.6459258151589893e-05
88.34636260986349,22.022985052555168,3.3065294701373205e-05
88.34636260986349,22.14386984642516,2.6311523470212705e-05
88.34636260986349,22.264754640295152,2.93169500764634e-06
88.34636260986349,22.385639434165142,-2.008426599786617e-05
88.34636260986349,22.50652422803514,1.496048025728669e-05
88.34636260986349,22.62740902190513,7.4184927143505774e-06
88.34636260986349,22.748293815775124,2.288532050442882e-05
88.34636260986349,22.86917860964512,2.638027217471972e-05
88.34636260986349,22.990063403515112,2.9281998649821617e-05
88.34636260986349,23.110948197385103,1.25944206956774e-05
88.34636260986349,23.231832991255096,
88.34636260986349,23.35271778512509,1.5794963474036194e-05
88.34636260986349,23.473602578995084,1.2914317721879345e-06
88.34636260986349,23.594487372865075,1.9935441741836257e-05
88.34636260986349,23.71537216673507,7.16015711077489e-06
88.34636260986349,23.836256960605063,3.795378506765701e-05
88.34636260986349,23.957141754475053,1.4316907481770611e-06
88.34636260986349,24.078026548345047,1.0742110134742688e-05
88.34636260986349,24.19891134221504,9.70087967289146e-06
88.34636260986349,24.319796136085035,-1.1789204108936246e-05
88.34636260986349,24.440680929955025,1.51407502926304e-05
88.34636260986349,24.56156572382502,8.979622180049773e-06
88.34636260986349,24.682450517695013,2.502703500795178e-05
88.34636260986349,24.803335311565007,1.4420314073504414e-05
88.34636260986349,24.924220105435,8.791344043856952e-07
88.34636260986349,25.04510489930499,
88.34636260986349,25.165989693174986,1.0091092917718925e-05
88.34636260986349,25.286874487044976,8.592124686401803e-06
88.34636260986349,25.40775928091497,2.409604530839715e-05
88.34636260986349,25.528644074784964,1.136792252509622e-05
88.34636260986349,25.649528868654954,4.02165278501343e-06
88.34636260986349,25.77041366252495,-9.778808589544496e-07
88.34636260986349,25.891298456394946,2.145164216926787e-05
88.34636260986349,26.012183250264936,1.6301342839142308e-05
88.34636260986349,26.13306804413493,2.5787201593630016e-05
88.34636260986349,26.25395283800492,2.9876323424105067e-06
88.34636260986349,26.374837631874914,-1.3750518519373143e-05
88.34636260986349,26.49572242574491,1.1853815522044895e-05
88.34636260986349,26.6166072196149,1.4290332728705836e-05
88.34636260986349,26.737492013484893,1.1946097401960287e-05
88.34636260986349,26.858376807354887,1.258541760762455e-05
88.34636260986349,26.97926160122488,1.0608058801153676e-05
88.34636260986349,27.10014639509487,7.882049430918414e-06
88.34636260986349,27.221031188964865,3.570506578398636e-06
88.4663626098635,21.539445877075195,6.06404091740842e-06
88.4663626098635,21.66033067094519,9.263795618608128e-06
88.4663626098635,21.78121546481518,7.479430678358767e-06
88.4663626098635,21.902100258685174,4.472631553653628e-05
88.4663626098635,22.022985052555168,1.3409882740234025e-05
88.4663626098635,22.14386984642516,4.076938057551161e-05
88.4663626098635,22.264754640295152,1.8716227714321576e-05
88.4663626098635,22.385639434165142,1.051500476023648e-05
88.4663626098635,22.50652422803514,-5.64591300644679e-06
88.4663626098635,22.62740902190513,1.2321886060817633e-05
88.4663626098635,22.748293815775124,4.929446731694043e-05
88.4663626098635,22.86917860964512,1.8597793314256705e-05
88.4663626098635,22.990063403515112,8.812054147711024e-06
88.4663626098635,23.110948197385103,2.601920868983143e-06
88.4663626098635,23.231832991255096,1.5177196473814549e-05
88.4663626098635,23.35271778512509,1.3020740880165247e-05
88.4663626098635,23.473602578995084,7.516363893955713e-06
88.4663626098635,23.594487372865075,1.87336299859453e-05
88.4663626098635,23.71537216673507,3.165383532177657e-05
88.4663626098635,23.836256960605063,7.639539035153575e-06
88.4663626098635,23.957141754475053,1.1006099157384597e-05
88.4663626098635,24.078026548345047,6.787443453504238e-06
88.4663626098635,24.19891134221504,2.8070167900295928e-05
88.4663626098635,24.319796136085035,1.6350382793461904e-05
88.4663626098635,24.440680929955025,
88.4663626098635,24.56156572382502,3.254351895520813e-06
88.4663626098635,24.682450517695013,-4.013623401988298e-05
88.4663626098635,24.803335311565007,2.0848183339694515e-05
88.4663626098635,24.924220105435,-3.1547340313409222e-06
88.4663626098635,25.04510489930499,1.67993493960239e-05
88.4663626098635,25.165989693174986,8.00850921223173e-06
88.4663626098635,25.286874487044976,1.2830982996092644e-05
88.4663626098635,25.40775928091497,1.719918509479612e-05
88.4663626098635,25.528644074784964,9.52320988290012e-07
88.4663626098635,25.649528868654954,2.035924990195781e-05
88.4663626098635,25.77041366252495,7.185994036262855e-06
88.4663626098635,25.891298456394946,8.149743848662183e-07
88.4663626098635,26.012183250264936,1.796740548343223e-06
88.4663626098635,26.13306804413493,8.564496965846047e-06
88.4663626098635,26.25395283800492,1.052123297995422e-05
88.4663626098635,26.374837631874914,1.1426846867834684e-05
88.4663626098635,26.49572242574491,1.7388356354786083e-05
88.4663626098635,26.6166072196149,-6.6997026806348e-06
88.4663626098635,26.737492013484893,
88.4663626098635,26.858376807354887,2.255363688163925e-05
88.4663626098635,26.97926160122488,6.0395377659006044e-06
88.4663626098635,27.10014639509487,1.051418439601548e-05
88.4663626098635,27.221031188964865,2.2963062292546965e-05
88.5863626098635,21.539445877075195,1.860990778368432e-05
88.5863626098635,21.66033067094519,2.298672188771889e-05
88.5863626098635,21.78121546481518,3.475634366623126e-05
88.5863626098635,21.902100258685174,2.928518551925663e-05
88.5863626098635,22.022985052555168,3.8496885679251136e-08
88.5863626098635,22.14386984642516,0.0001082372546079
88.5863626098635,22.264754640295152,-1.615606561244931e-05
88.5863626098635,22.385639434165142,
88.5863626098635,22.50652422803514,-2.057032133961912e-06
88.5863626098635,22.62740902190513,7.500768333557062e-06
88.5863626098635,22.748293815775124,4.396901931613684e-05
88.5863626098635,22.86917860964512,3.905201538145775e-06
88.5863626098635,22.990063403515112,1.943114875757601e-05
88.5863626098635,23.110948197385103,7.3396436164330225e-06
88.5863626098635,23.231832991255096,-9.019401659315918e-06
88.5863626098635,23.35271778512509,1.829311258916277e-05
88.5863626098635,23.473602578995084,7.352485681622056e-06
88.5863626098635,23.594487372865075,-5.6744847825029865e-06
88.5863626098635,23.71537216673507,2.6850239009945653e-05
88.5863626098635,23.836256960605063,-3.191646101186052e-06
88.5863626098635,23.957141754475053,1.2787528248736637e-05
88.5863626098635,24.078026548345047,1.092467391572427e-05
88.5863626098635,24.19891134221504,8.013538717932533e-06
88.5863626098635,24.319796136085035,1.6574169421801344e-05
88.5863626098635,24.440680929955025,9.719477020553312e-06
88.5863626098635,24.56156572382502,1.868431900220457e-05
88.5863626098635,24.682450517695013,4.861889010498999e-06
88.5863626098635,24.803335311565007,1.224228435603436e-05
88.5863626098635,24.924220105435,1.0951177500828637e-05
88.5863626098635,25.04510489930499,1.8265938706463203e-05
88.5863626098635,25.165989693174986,1.0711733921198174e-05
88.5863626098635,25.286874487044976,1.069457175617572e-05
88.5863626098635,25.40775928091497,3.646153345471248e-06
88.5863626098635,25.528644074784964,-2.27528062168858e-06
88.5863626098635,25.649528868654954,3.294878843007609e-05
88.5863626098635,25.77041366252495,3.992281108367024e-06
88.5863626098635,25.891298456394946,1.594151217432227e-05
88.5863626098635,26.012183250264936,2.227609365945682e-05
88.5863626098635,26.13306804413493,1.5843497749301605e-05
88.5863626098635,26.25395283800492,1.4807282241235953e-05
88.5863626098635,26.374837631874914,8.058267667365726e-06
88.5863626098635,26.49572242574491,4.101608283235692e-05
88.5863626098635,26.6166072196149,2.059488178929314e-05
88.5863626098635,26.737492013484893,3.421859773311553e-08
88.5863626098635,26.858376807354887,2.3025933842291124e-05
88.5863626098635,26.97926160122488,-5.537453489523614e-06
88.5863626098635,27.10014639509487,
88.5863626098635,27.221031188964865,
88.7063626098635,21.539445877075195,3.285664661234477e-06
88.7063626098635,21.66033067094519,2.5457124138483778e-05
88.7063626098635,21.78121546481518,2.111747016897425e-05
88.7063626098635,21.902100258685174,3.252244277973659e-05
88.7063626098635,22.022985052555168,4.945506134390598e-06
88.7063626098635,22.14386984642516,3.151662167510949e-05
88.7063626098635,22.264754640295152,5.554449671762995e-06
88.7063626098635,22.385639434165142,1.4488541637547314e-05
88.7063626098635,22.50652422803514,7.216456651804037e-06
88.7063626098635,22.62740902190513,8.577074368076865e-06
88.7063626098635,22.748293815775124,1.9419550881139003e-05
88.7063626098635,22.86917860964512,5.501684427144937e-06
88.7063626098635,22.990063403515112,1.8045308024738915e-05
88.7063626098635,23.110948197385103,5.377321031119209e-06
88.7063626098635,23.231832991255096,5.471035819937242e-07
88.7063626098635,23.35271778512509,2.4915307221817784e-05
88.7063626098635,23.473602578995084,2.0497764126048423e-06
88.7063626098635,23.594487372865075,4.878394065599423e-06
88.7063626098635,23.71537216673507,1.7165022654808126e-05
88.7063626098635,23.836256960605063,-2.2001995603204705e-06
88.7063626098635,23.957141754475053,1.5232219993777107e-05
88.7063626098635,24.078026548345047,1.6800460798549466e-05
88.7063626098635,24.19891134221504,9.178719665214883e-06
88.7063626098635,24.319796136085035,1.6504798622918315e-05
88.7063626098635,24.440680929955025,1.338168567599496e-05
88.7063626098635,24.56156572382502,1.892891305033117e-05
88.7063626098635,24.682450517695013,4.058197191625368e-06
88.7063626098635,24.803335311565007,7.161972462199628e-06
88.7063626098635,24.924220105435,1.2965386304131243e-05
88.7063626098635,25.04510489930499,8.90944374987157e-06
88.7063626098635,25.165989693174986,1.4031492355570664e-05
88.7063626098635,25.286874487044976,2.628036054375116e-05
88.7063626098635,25.40775928091497,7.0115879680088256e-06
88.7063626098635,25.528644074784964,3.341443289173185e-06
88.7063626098635,25.649528868654954,-7.457994797732681e-06
88.7063626098635,25.77041366252495,1.6089185010059737e-05
88.7063626098635,25.891298456394946,1.3816151295031888e-05
88.7063626098635,26.012183250264936,1.7913824194693007e-05
88.7063626098635,26.13306804413493,1.277162755286554e-05
88.7063626098635,26.25395283800492,1.3249856237962376e-05
88.7063626098635,26.374837631874914,2.3538637833553366e-05
88.7063626098635,26.49572242574491,-1.256362111234921e-06
88.7063626098635,26.6166072196149,1.2743827937811147e-05
88.7063626098635,26.737492013484893,5.060229796072235e-06
88.7063626098635,26.858376807354887,4.791212177224224e-06
88.7063626098635,26.97926160122488,8.054092859310913e-07
88.7063626098635,27.10014639509487,6.45110230834689e-06
88.7063626098635,27.221031188964865,1.557669929752592e-05
88.82636260986351,21.539445877075195,-7.480411568394629e-06
88.82636260986351,21.66033067094519,1.2992091797059402e-05
88.82636260986351,21.78121546481518,1.0622421541484073e-05
88.82636260986351,21.902100258685174,2.1275500330375507e-05
88.82636260986351,22.022985052555168,3.3923224691534415e-05
88.82636260986351,22.14386984642516,1.6988462448352948e-05
88.82636260986351,22.264754640295152,1.7733769709593616e-05
88.82636260986351,22.385639434165142,3.192276926711202e-05
88.82636260986351,22.50652422803514,5.993636023049476e-06
88.82636260986351,22.62740902190513,8.494858775520697e-06
88.82636260986351,22.748293815775124,1.7833068341133185e-05
88.82636260986351,22.86917860964512,1.8427264876663685e-05
88.82636260986351,22.990063403515112,2.1129964807187207e-05
88.82636260986351,23.110948197385103,3.773754360736348e-05
88.82636260986351,23.231832991255096,1.9280481865280308e-05
88.82636260986351,23.35271778512509,
88.82636260986351,23.473602578995084,7.793070835759863e-06
88.82636260986351,23.594487372865075,9.125035830948036e-06
88.82636260986351,23.71537216673507,2.8195776735628897e-07
88.82636260986351,23.836256960605063,-7.639943646609026e-07
88.82636260986351,23.957141754475053,9.86353825283004e-06
88.82636260986351,24.078026548345047,2.4545934138586745e-06
88.82636260986351,24.19891134221504,1.2018995221296793e-05
88.82636260986351,24.319796136085035,1.95631837414112e-05
88.82636260986351,24.440680929955025,3.6622092011384666e-05
88.82636260986351,24.56156572382502,9.527123438601848e-06
88.82636260986351,24.682450517695013,6.067067261028569e-06
88.82636260986351,24.803335311565007,2.54909919021884e-05
88.82636260986351,24.924220105435,-2.653522187756608e-06
88.82636260986351,25.04510489930499,1.0429014764667954e-05
88.82636260986351,25.165989693174986,8.414806870860048e-06
88.82636260986351,25.286874487044976,2.718327050388325e-05
88.82636260986351,25.40775928091497,-2.121198804161395e-06
88.82636260986351,25.528644074784964,1.5091341083461884e-05
88.82636260986351,25.649528868654954,1.8539711163612083e-05
88.82636260986351,25.77041366252495,1.8336459106649272e-05
88.82636260986351,25.891298456394946,1.3229813703219406e-05
88.82636260986351,26.012183250264936,-1.640666141611291e-06
88.82636260986351,26.13306804413493,7.918825758679304e-06
88.82636260986351,26.25395283800492,1.3433507774607278e-05
88.82636260986351,26.374837631874914,6.375192697305465e-06
88.82636260986351,26.49572242574491,3.033655411854852e-05
88.82636260986351,26.6166072196149,5.072437943454133e-06
88.82636260986351,26.737492013484893,1.0353891411796212e-05
88.82636260986351,26.858376807354887,
88.82636260986351,26.97926160122488,
88.82636260986351,27.10014639509487,1.106693730434927e-06
88.82636260986351,27.221031188964865,
88.94636260986351,21.539445877075195,4.299547981645446e-06
88.94636260986351,21.66033067094519,
88.94636260986351,21.78121546481518,1.8736627680482343e-05
88.94636260986351,21.902100258685174,3.620236384449527e-05
88.94636260986351,22.022985052555168,3.118001404800452e-05
88.94636260986351,22.14386984642516,3.107932207058184e-05
88.94636260986351,22.264754640295152,-6.955849585210672e-06
88.94636260986351,22.385639434165142,2.8738168111885898e-06
88.94636260986351,22.50652422803514,0.0001100419685826
88.94636260986351,22.62740902190513,1.2762996448145714e-05
88.94636260986351,22.748293815775124,1.4747223758604378e-05
88.94636260986351,22.86917860964512,2.926459455920849e-05
88.94636260986351,22.990063403515112,1.2582875569933094e-05
88.94636260986351,23.110948197385103,3.575752270990051e-05
88.94636260986351,23.231832991255096,1.555116796225775e-05
88.94636260986351,23.35271778512509,1.205113858304685e-05
88.94636260986351,23.473602578995084,-9.980791446650985e-07
88.94636260986351,23.594487372865075,2.5200483833032195e-06
88.94636260986351,23.71537216673507,2.2350724975694906e-05
88.94636260986351,23.836256960605063,7.921050382719841e-06
88.94636260986351,23.957141754475053,1.1118844668089878e-05
88.94636260986351,24.078026548345047,3.262708196416497e-05
88.94636260986351,24.19891134221504,3.696097337524407e-05
88.94636260986351,24.319796136085035,1.63400181918405e-05
88.94636260986351,24.440680929955025,2.951058377220761e-06
88.94636260986351,24.56156572382502,5.764793604612351e-05
88.94636260986351,24.682450517695013,5.000625606044196e-06
88.94636260986351,24.803335311565007,6.092958756198641e-06
88.94636260986351,24.924220105435,9.625708116800524e-06
88.94636260986351,25.04510489930499,2.0521194528555498e-05
88.94636260986351,25.165989693174986,4.754872861667536e-06
88.94636260986351,25.286874487044976,2.153731475118548e-05
88.94636260986351,25.40775928091497,1.5769981473567896e-05
88.94636260986351,25.528644074784964,1.2688473361777142e-05
88.94636260986351,25.649528868654954,7.429659945046296e-06
88.94636260986351,25.77041366252495,1.2352073099464178e-05
88.94636260986351,25.891298456394946,1.5779485693201423e-05
88.94636260986351,26.012183250264936,
88.94636260986351,26.13306804413493,3.834330073004821e-06
88.94636260986351,26.25395283800492,
88.94636260986351,26.374837631874914,1.2927653187944088e-05
88.94636260986351,26.49572242574491,1.1110087143606506e-05
88.94636260986351,26.6166072196149,-7.201358130259905e-06
88.94636260986351,26.737492013484893,6.704097359033767e-06
88.94636260986351,26.858376807354887,1.5018674730526982e-06
88.94636260986351,26.97926160122488,1.1366566468495876e-05
88.94636260986351,27.10014639509487,1.2316197171458043e-05
88.94636260986351,27.221031188964865,7.959474714880344e-06
89.06636260986352,21.539445877075195,1.890088606160134e-05
89.06636260986352,21.66033067094519,1.1584616004256532e-05
89.06636260986352,21.78121546481518,3.974783339799615e-06
89.06636260986352,21.902100258685174,1.0758876669569872e-05
89.06636260986352,22.022985052555168,1.693697959126439e-05
89.06636260986352,22.14386984642516,1.1229401934542692e-05
89.06636260986352,22.264754640295152,2.911876435973681e-05
89.06636260986352,22.385639434165142,1.2551086001622023e-05
89.06636260986352,22.50652422803514,1.843285099312197e-05
89.06636260986352,22.62740902190513,2.811082231346517e-05
89.06636260986352,22.748293815775124,5.576595867751166e-06
89.06636260986352,22.86917860964512,1.0141587154066656e-05
89.06636260986352,22.990063403515112,4.1112207327387296e-06
89.06636260986352,23.110948197385103,
89.06636260986352,23.231832991255096,1.0057690815301612e-05
89.06636260986352,23.35271778512509,1.118129694077652e-05
89.06636260986352,23.473602578995084,3.333612403366715e-05
89.06636260986352,23.594487372865075,1.510793390480103e-05
89.06636260986352,23.71537216673507,-2.829018967531738e-06
89.06636260986352,23.836256960605063,1.1806326256191824e-05
89.06636260986352,23.957141754475053,7.360181825788459e-06
89.06636260986352,24.078026548345047,-8.569015335524455e-06
89.06636260986352,24.19891134221504,9.873218004941007e-06
89.06636260986352,24.319796136085035,1.2234540918143466e-05
89.06636260986352,24.440680929955025,1.0304746865585912e-05
89.06636260986352,24.56156572382502,4.697355507232714e-06
89.06636260986352,24.682450517695013,9.620713171898387e-06
89.06636260986352,24.803335311565007,1.4498736163659489e-05
89.06636260986352,24.924220105435,8.47520732349949e-06
89.06636260986352,25.04510489930499,2.090979705826612e-06
89.06636260986352,25.165989693174986,6.086621397116687e-06
89.06636260986352,25.286874487044976,1.0546663361310492e-05
89.06636260986352,25.40775928091497,5.382981726143044e-06
89.06636260986352,25.528644074784964,2.125886203430128e-05
89.06636260986352,25.649528868654954,2.1203817368586897e-07
89.06636260986352,25.77041366252495,-5.9895792219322175e-06
89.06636260986352,25.891298456394946,1.9340859580552205e-05
89.06636260986352,26.012183250264936,7.223391094157705e-06
89.06636260986352,26.13306804413493,1.1191181329195388e-05
89.06636260986352,26.25395283800492,2.4827970264595933e-05
89.06636260986352,26.374837631874914,1.430452994100051e-05
89.06636260986352,26.49572242574491,1.16402597996057e-05
89.06636260986352,26.6166072196149,
89.06636260986352,26.737492013484893,3.481319436104968e-05
89.06636260986352,26.858376807354887,1.0957680387946311e-05
89.06636260986352,26.97926160122488,9.25448603084078e-06
89.06636260986352,27.10014639509487,1.2270090337551665e-05
89.06636260986352,27.221031188964865,-9.875733667286111e-06
89.18636260986352,21.539445877075195,8.09336870588595e-06
89.18636260986352,21.66033067094519,4.112205351702869e-05
89.18636260986352,21.78121546481518,1.1178082786500454e-05
89.18636260986352,21.902100258685174,2.696721458050888e-05
89.18636260986352,22.022985052555168,1.269407493964536e-05
89.18636260986352,22.14386984642516,-2.299418838447309e-06
89.18636260986352,22.264754640295152,3.545861181919463e-05
89.18636260986352,22.385639434165142,3.5487505556375254e-06
89.18636260986352,22.50652422803514,2.456809306750074e-05
89.18636260986352,22.62740902190513,1.259510281670373e-05
89.18636260986352,22.748293815775124,1.5980203897925094e-05
89.18636260986352,22.86917860964512,1.630983933864627e-05
89.18636260986352,22.990063403515112,1.3492940524884034e-05
89.18636260986352,23.110948197385103,6.077951184124686e-06
89.18636260986352,23.231832991255096,
89.18636260986352,23.35271778512509,
89.18636260986352,23.473602578995084,8.128135232254863e-05
89.18636260986352,23.594487372865075,8.146786967699882e-06
89.18636260986352,23.71537216673507,1.4692988770548254e-05
89.18636260986352,23.836256960605063,4.3796412683150265e-06
89.18636260986352,23.957141754475053,1.2667007467825895e-05
89.18636260986352,24.078026548345047,6.06981211603852e-06
89.18636260986352,24.19891134221504,2.1997982912580483e-05
89.18636260986352,24.319796136085035,9.374035471410023e-06
89.18636260986352,24.440680929955025,
89.18636260986352,24.56156572382502,4.333900506026112e-06
89.18636260986352,24.682450517695013,-1.504425455323144e-07
89.18636260986352,24.803335311565007,1.3216517800174188e-05
89.18636260986352,24.924220105435,4.949571575707523e-06
89.18636260986352,25.04510489930499,1.6199272067751735e-05
89.18636260986352,25.165989693174986,1.4240838936530054e-05
89.18636260986352,25.286874487044976,1.5353971321019344e-05
89.18636260986352,25.40775928091497,1.0217125236522406e-05
89.18636260986352,25.528644074784964,6.903571829752764e-06
89.18636260986352,25.649528868654954,6.916848633409245e-06
89.18636260986352,25.77041366252495,2.651955946930684e-05
89.18636260986352,25.891298456394946,2.4410767309746007e-06
89.18636260986352,26.012183250264936,2.2662265109829605e-05
89.18636260986352,26.13306804413493,1.2412427849994856e-06
89.18636260986352,26.25395283800492,3.078983718296513e-05
89.18636260986352,26.374837631874914,1.1079881005571224e-05
89.18636260986352,26.49572242574491,3.871397439070279e-06
89.18636260986352,26.6166072196149,1.853598041634541e-05
89.18636260986352,26.737492013484893,6.542166374856606e-06
89.18636260986352,26.858376807354887,4.22075981987291e-06
89.18636260986352,26.97926160122488,8.496446753269993e-06
89.18636260986352,27.10014639509487,1.3668035535374656e-05
89.18636260986352,27.221031188964865,4.91235232402687e-06
89.30636260986353,21.539445877075195,4.92826038680505e-05
89.30636260986353,21.66033067094519,1.2415188393788412e-05
89.30636260986353,21.78121546481518,1.4099172403803095e-05
89.30636260986353,21.902100258685174,1.0779440344776958e-05
89.30636260986353,22.022985052555168,2.948172914329916e-05
89.30636260986353,22.14386984642516,2.137110823241528e-05
89.30636260986353,22.264754640295152,1.0074747478938662e-05
89.30636260986353,22.385639434165142,1.3160393791622482e-05
89.30636260986353,22.50652422803514,1.5555511708953418e-05
89.30636260986353,22.62740902190513,1.538576907478273e-05
89.30636260986353,22.748293815775124,1.0665406989573968e-05
89.30636260986353,22.86917860964512,1.6345653421012685e-05
89.30636260986353,22.990063403515112,1.1468799129943363e-05
89.30636260986353,23.110948197385103,1.5833391444175504e-05
89.30636260986353,23.231832991255096,0.0002589832292869
89.30636260986353,23.35271778512509,1.817250995372888e-05
89.30636260986353,23.473602578995084,-3.269267665473308e-07
89.30636260986353,23.594487372865075,2.298674007761292e-05
89.30636260986353,23.71537216673507,1.853239155025221e-05
89.30636260986353,23.836256960605063,1.672974212851841e-05
89.30636260986353,23.957141754475053,1.4362238289322704e-05
89.30636260986353,24.078026548345047,4.510582584771328e-06
89.30636260986353,24.19891134221504,-1.7313520856987452e-06
89.30636260986353,24.319796136085035,5.3153157750784885e-06
89.30636260986353,24.440680929955025,1.4857444057270186e-06
89.30636260986353,24.56156572382502,7.79562378738774e-06
89.30636260986353,24.682450517695013,1.9512464859872125e-05
89.30636260986353,24.803335311565007,5.036627499066526e-06
89.30636260986353,24.924220105435,
89.30636260986353,25.04510489930499,1.0177320291404612e-05
89.30636260986353,25.165989693174986,2.6645893740351312e-05
89.30636260986353,25.286874487044976,5.701042482542107e-06
89.30636260986353,25.40775928091497,4.972999249730492e-06
89.30636260986353,25.528644074784964,9.089861123356968e-06
89.30636260986353,25.649528868654954,1.4892716535541696e-05
89.30636260986353,25.77041366252495,1.1928104868275112e-05
89.30636260986353,25.891298456394946,
89.30636260986353,26.012183250264936,1.2421566680131946e-05
89.30636260986353,26.13306804413493,1.164673813036643e-05
89.30636260986353,26.25395283800492,1.1223311958019622e-05
89.30636260986353,26.374837631874914,4.911169526167214e-06
89.30636260986353,26.49572242574491,1.3080564713163769e-05
89.30636260986353,26.6166072196149,2.875087602660642e-06
89.30636260986353,26.737492013484893,6.933617441973183e-06
89.30636260986353,26.858376807354887,
89.30636260986353,26.97926160122488,
89.30636260986353,27.10014639509487,-1.1480345847303397e-06
89.30636260986353,27.221031188964865,3.2197481232287828e-06
89.42636260986353,21.539445877075195,2.5338236810057424e-05
89.42636260986353,21.66033067094519,2.2687361706630327e-05
89.42636260986353,21.78121546481518,7.929610546852928e-06
89.42636260986353,21.902100258685174,1.0936818398477044e-05
89.42636260986353,22.022985052555168,2.687333289941307e-05
89.42636260986353,22.14386984642516,2.8010992991767125e-06
89.42636260986353,22.264754640295152,9.219673302141018e-06
89.42636260986353,22.385639434165142,5.941441031609429e-06
89.42636260986353,22.50652422803514,1.068029541784199e-05
89.42636260986353,22.62740902190513,1.1809600437118206e-05
89.42636260986353,22.748293815775124,1.3748826859227847e-05
89.42636260986353,22.86917860964512,
89.42636260986353,22.990063403515112,8.449381311947946e-06
89.42636260986353,23.110948197385103,1.1409570106479803e-05
89.42636260986353,23.231832991255096,2.831704296113457e-05
89.42636260986353,23.35271778512509,5.30774968865444e-06
89.42636260986353,23.473602578995084,
89.42636260986353,23.594487372865075,6.490546638815431e-06
89.42636260986353,23.71537216673507,2.1058128822915023e-06
89.42636260986353,23.836256960605063,1.1257309779466596e-05
89.42636260986353,23.957141754475053,-2.472834466971108e-06
89.42636260986353,24.078026548345047,1.3652737834490836e-05
89.42636260986353,24.19891134221504,1.5721376257715747e-05
89.42636260986353,24.319796136085035,3.417263997107512e-06
89.42636260986353,24.440680929955025,6.735858733009081e-06
89.42636260986353,24.56156572382502,1.053511368809268e-05
89.42636260986353,24.682450517695013,7.281832040462177e-06
89.42636260986353,24.803335311565007,5.463208708533784e-06
89.42636260986353,24.924220105435,1.0219272553513292e-05
89.42636260986353,25.04510489930499,1.612941014172975e-05
89.42636260986353,25.165989693174986,5.43706937605748e-06
89.42636260986353,25.286874487044976,1.9672917915158905e-05
89.42636260986353,25.40775928091497,1.1054798051191028e-05
89.42636260986353,25.528644074784964,1.613409403944388e-05
89.42636260986353,25.649528868654954,1.3206245057517664e-05
89.42636260986353,25.77041366252495,-3.376880783889647e-07
89.42636260986353,25.891298456394946,6.534441581607098e-06
89.42636260986353,26.012183250264936,1.4168328561936503e-05
89.42636260986353,26.13306804413493,1.4391951481229626e-05
89.42636260986353,26.25395283800492,2.0415409380802885e-05
89.42636260986353,26.374837631874914,1.133091063820757e-05
89.42636260986353,26.49572242574491,9.234096978616437e-06
89.42636260986353,26.6166072196149,9.5135555966408e-06
89.42636260986353,26.737492013484893,6.492479315056698e-06
89.42636260986353,26.858376807354887,2.696166802707012e-06
89.42636260986353,26.97926160122488,2.524786623325781e-06
89.42636260986353,27.10014639509487,8.009117664187215e-06
89.42636260986353,27.221031188964865,-8.479952384732314e-07
89.54636260986354,21.539445877075195,2.17135366256116e-05
89.54636260986354,21.66033067094519,-1.9698524056366298e-07
89.54636260986354,21.78121546481518,-1.933914290930261e-06
89.54636260986354,21.902100258685174,2.382688398938626e-05
89.54636260986354,22.022985052555168,1.6194367162825074e-06
89.54636260986354,22.14386984642516,
89.54636260986354,22.264754640295152,1.850801163527649e-05
89.54636260986354,22.385639434165142,4.248178447596729e-05
89.54636260986354,22.50652422803514,3.15719771606382e-05
89.54636260986354,22.62740902190513,2.6349407562520355e-05
89.54636260986354,22.748293815775124,7.621956683578901e-06
89.54636260986354,22.86917860964512,2.3016053091851063e-05
89.54636260986354,22.990063403515112,1.4578786249330731e-05
89.54636260986354,23.110948197385103,3.6214910323906224e-06
89.54636260986354,23.231832991255096,-7.697635737713426e-06
89.54636260986354,23.35271778512509,1.3801410432279226e-06
89.54636260986354,23.473602578995084,6.425423180189682e-06
89.54636260986354,23.594487372865075,5.703570877813036e-06
89.54636260986354,23.71537216673507,1.7143536297226092e-06
89.54636260986354,23.836256960605063,2.043620952463243e-05
89.54636260986354,23.957141754475053,4.057923888467485e-06
89.54636260986354,24.078026548345047,2.470555955369491e-06
89.54636260986354,24.19891134221504,4.227824319968931e-06
89.54636260986354,24.319796136085035,3.0061397410463545e-05
89.54636260986354,24.440680929955025,1.2939107364218216e-05
89.54636260986354,24.56156572382502,1.2641322427953128e-05
89.54636260986354,24.682450517695013,1.694514685368631e-05
89.54636260986354,24.803335311565007,9.31712008878094e-07
89.54636260986354,24.924220105435,6.482560365839163e-06
89.54636260986354,25.04510489930499,1.3787637726636603e-05
89.54636260986354,25.165989693174986,2.146717997675296e-05
89.54636260986354,25.286874487044976,8.339483429153915e-06
89.54636260986354,25.40775928091497,2.807623604894616e-05
89.54636260986354,25.528644074784964,2.3152391293024266e-07
89.54636260986354,25.649528868654954,1.4595474567613564e-05
89.54636260986354,25.77041366252495,3.522137558320537e-05
89.54636260986354,25.891298456394946,2.0120938643231057e-05
89.54636260986354,26.012183250264936,1.3698899010705643e-06
89.54636260986354,26.13306804413493,9.946667887561487e-06
89.54636260986354,26.25395283800492,1.8825920051313005e-05
89.54636260986354,26.374837631874914,8.653799341118429e-06
89.54636260986354,26.49572242574491,1.8248483684146777e-05
89.54636260986354,26.6166072196149,1.210279151564464e-05
89.54636260986354,26.737492013484893,5.352797415980604e-06
89.54636260986354,26.858376807354887,1.1375001122360118e-05
89.54636260986354,26.97926160122488,4.662477692818357e-08
89.54636260986354,27.10014639509487,8.174289177986793e-06
89.54636260986354,27.221031188964865,3.459904519331758e-06
89.66636260986354,21.539445877075195,2.3306898583541624e-05
89.66636260986354,21.66033067094519,1.2942109606228769e-05
89.66636260986354,21.78121546481518,-9.596654308552388e-06
89.66636260986354,21.902100258685174,1.9076975149801e-05
89.66636260986354,22.022985052555168,3.265672785346396e-05
89.66636260986354,22.14386984642516,2.2759903004043736e-05
89.66636260986354,22.264754640295152,-5.893307957194338e-07
89.66636260986354,22.385639434165142,1.6005345969460905e-05
89.66636260986354,22.50652422803514,1.808543129300233e-05
89.66636260986354,22.62740902190513,1.0366660717409104e-05
89.66636260986354,22.748293815775124,1.4955156984797212e-05
89.66636260986354,22.86917860964512,1.288992370973574e-05
89.66636260986354,22.990063403515112,
89.66636260986354,23.110948197385103,1.94988570001442e-05
89.66636260986354,23.231832991255096,1.809309469535947e-05
89.66636260986354,23.35271778512509,-7.849035682738759e-06
89.66636260986354,23.473602578995084,2.3157290343078785e-05
89.66636260986354,23.594487372865075,6.428894266718999e-06
89.66636260986354,23.71537216673507,6.84325232214178e-06
89.66636260986354,23.836256960605063,-2.365236923651537e-06
89.66636260986354,23.957141754475053,-1.8355885913479145e-05
89.66636260986354,24.078026548345047,3.587934043025598e-05
89.66636260986354,24.19891134221504,8.592124686401803e-06
89.66636260986354,24.319796136085035,1.1414623259042855e-05
89.66636260986354,24.440680929955025,1.557405266794376e-05
89.66636260986354,24.56156572382502,1.2206994142616168e-05
89.66636260986354,24.682450517695013,1.938495370268356e-05
89.66636260986354,24.803335311565007,4.590296612150269e-06
89.66636260986354,24.924220105435,2.364977444813121e-05
89.66636260986354,25.04510489930499,-4.961825652571861e-06
89.66636260986354,25.165989693174986,4.9092045628640335e-06
89.66636260986354,25.286874487044976,1.077001797966659e-05
89.66636260986354,25.40775928091497,
89.66636260986354,25.528644074784964,-3.310498470909806e-07
89.66636260986354,25.649528868654954,2.403571124887094e-05
89.66636260986354,25.77041366252495,8.473055459035095e-06
89.66636260986354,25.891298456394946,1.0508327250136064e-05
89.66636260986354,26.012183250264936,1.0901490895776078e-05
89.66636260986354,26.13306804413493,1.9441980839474127e-05
89.66636260986354,26.25395283800492,1.7480979295214638e-05
89.66636260986354,26.374837631874914,1.619585782464128e-05
89.66636260986354,26.49572242574491,7.121755515981931e-06
89.66636260986354,26.6166072196149,-1.270887082682748e-06
89.66636260986354,26.737492013484893,1.3833541743224488e-05
89.66636260986354,26.858376807354887,2.1382375052780844e-06
89.66636260986354,26.97926160122488,1.1589492714847438e-05
89.66636260986354,27.10014639509487,1.2727836292469874e-05
89.66636260986354,27.221031188964865,-1.7649543906372855e-06
89.78636260986355,21.539445877075195,1.3861164006812032e-05
89.78636260986355,21.66033067094519,8.282306225737557e-05
89.78636260986355,21.78121546481518,6.864430361019913e-06
89.78636260986355,21.902100258685174,3.0668295948999e-05
89.78636260986355,22.022985052555168,-6.314581696642563e-06
89.78636260986355,22.14386984642516,
89.78636260986355,22.264754640295152,2.692123780434485e-05
89.78636260986355,22.385639434165142,6.655419565504417e-05
89.78636260986355,22.50652422803514,2.476641566317994e-05
89.78636260986355,22.62740902190513,1.5489304132643156e-05
89.78636260986355,22.748293815775124,1.725478796288371e-05
89.78636260986355,22.86917860964512,1.2425591194187293e-05
89.78636260986355,22.990063403515112,1.757803329383023e-05
89.78636260986355,23.110948197385103,
89.78636260986355,23.231832991255096,1.147760576714063e-05
89.78636260986355,23.35271778512509,1.843905556597747e-05
89.78636260986355,23.473602578995084,5.305157628754387e-06
89.78636260986355,23.594487372865075,
89.78636260986355,23.71537216673507,-1.8451944470143644e-06
89.78636260986355,23.836256960605063,1.7691321545498797e-06
89.78636260986355,23.957141754475053,2.1266831026878208e-05
89.78636260986355,24.078026548345047,1.2860563401773106e-05
89.78636260986355,24.19891134221504,1.4236773495213129e-05
89.78636260986355,24.319796136085035,-5.597597123596643e-07
89.78636260986355,24.440680929955025,1.0192007721343543e-05
89.78636260986355,24.56156572382502,6.295923640209367e-07
89.78636260986355,24.682450517695013,1.704062924545724e-05
89.78636260986355,24.803335311565007,-2.5771498712856555e-06
89.78636260986355,24.924220105435,4.4133462324680295e-06
89.78636260986355,25.04510489930499,3.5117245715809986e-05
89.78636260986355,25.165989693174986,1.909365528263152e-05
89.78636260986355,25.286874487044976,1.1228468792978674e-05
89.78636260986355,25.40775928091497,5.080378741695313e-06
89.78636260986355,25.528644074784964,7.738791282463353e-06
89.78636260986355,25.649528868654954,1.2163815881649498e-05
89.78636260986355,25.77041366252495,1.342612176813418e-05
89.78636260986355,25.891298456394946,1.959285509656184e-05
89.78636260986355,26.012183250264936,2.2004436686984263e-05
89.78636260986355,26.13306804413493,9.198474799632096e-06
89.78636260986355,26.25395283800492,8.225085821322864e-07
89.78636260986355,26.374837631874914,4.993971174371836e-07
89.78636260986355,26.49572242574491,1.4134983757685404e-05
89.78636260986355,26.6166072196149,4.844364866585238e-06
89.78636260986355,26.737492013484893,2.388982647971716e-05
89.78636260986355,26.858376807354887,1.1985261153313331e-05
89.78636260986355,26.97926160122488,1.0248159924231004e-05
89.78636260986355,27.10014639509487,1.4087623640079984e-05
89.78636260986355,27.221031188964865,
