longitude,latitude,Co_value(mol/m^2),Co_value(mol/m^2)
81.3830032348634,17.80261039733898,0.034393560141325,
81.3830032348634,17.942639182595755,0.0291739478707313,0.0367308892309665
81.3830032348634,18.08266796785253,0.0370396524667739,
81.3830032348634,18.222696753109304,,0.0303402245044708
81.3830032348634,18.36272553836608,0.0316503532230854,0.0277210269123315
81.3830032348634,18.50275432362285,0.0287900473922491,
81.3830032348634,18.642783108879627,,
81.3830032348634,18.7828118941364,,0.0347504764795303
81.3830032348634,18.922840679393172,0.0286589302122592,0.0363541655242443
81.3830032348634,19.062869464649957,,
81.3830032348634,19.202898249906728,0.0398747064173221,
81.3830032348634,19.342927035163505,0.0231177154928445,
81.3830032348634,19.48295582042028,0.0318314060568809,0.0244826842099428
81.3830032348634,19.62298460567705,0.0230314936488866,0.0264939311891794
81.3830032348634,19.763013390933825,,0.0295497998595237
81.3830032348634,19.9030421761906,,
81.3830032348634,20.043070961447373,0.0335161313414573,0.0322035141289234
81.3830032348634,20.183099746704148,,
81.3830032348634,20.32312853196092,0.0204489771276712,0.0270755626261234
81.3830032348634,20.463157317217696,,0.032233353704214
81.3830032348634,20.60318610247447,,0.0378836393356323
81.3830032348634,20.743214887731245,0.0234753638505935,
81.3830032348634,20.88324367298802,0.0253662504255771,
81.3830032348634,21.0232724582448,0.0300947222858667,
81.3830032348634,21.16330124350157,,0.0308583583682775
81.3830032348634,21.303330028758342,,0.0392137840390205
81.3830032348634,21.44335881401512,0.025969473645091,
81.3830032348634,21.58338759927189,0.0373224802315235,
81.3830032348634,21.72341638452867,0.0392997488379478,0.0249279513955116
81.3830032348634,21.863445169785443,0.0339472591876983,
81.3830032348634,22.003473955042217,0.0380244925618171,
81.3830032348634,22.14350274029899,0.0337109379470348,0.0316685885190963
81.3830032348634,22.28353152555577,0.0313958711922168,
81.3830032348634,22.42356031081254,0.0395976305007934,0.0363653227686882
81.3830032348634,22.563589096069315,,
81.5230032348634,17.80261039733898,,
81.5230032348634,17.942639182595755,,
81.5230032348634,18.08266796785253,0.0382374003529548,
81.5230032348634,18.222696753109304,0.0242084972560405,
81.5230032348634,18.36272553836608,,
81.5230032348634,18.50275432362285,0.0365727543830871,0.0263867434114217
81.5230032348634,18.642783108879627,,0.034497395157814
81.5230032348634,18.7828118941364,0.031504351645708,
81.5230032348634,18.922840679393172,,0.0237648338079452
81.5230032348634,19.062869464649957,,0.0241734143346548
81.5230032348634,19.202898249906728,,
81.5230032348634,19.342927035163505,,
81.5230032348634,19.48295582042028,,0.0344469733536243
81.5230032348634,19.62298460567705,0.0337963551282882,
81.5230032348634,19.763013390933825,0.0292309038341045,0.038939032703638
81.5230032348634,19.9030421761906,,
81.5230032348634,20.043070961447373,,
81.5230032348634,20.183099746704148,,
81.5230032348634,20.32312853196092,0.0205095373094081,0.0390142872929573
81.5230032348634,20.463157317217696,0.0335433296859264,0.0306317582726478
81.5230032348634,20.60318610247447,0.0239377468824386,
81.5230032348634,20.743214887731245,,0.0321654304862022
81.5230032348634,20.88324367298802,0.0299053583294153,
81.5230032348634,21.0232724582448,,
81.5230032348634,21.16330124350157,0.0360867641866207,
81.5230032348634,21.303330028758342,,0.0345571897923946
81.5230032348634,21.44335881401512,0.0403610467910766,0.0325775109231472
81.5230032348634,21.58338759927189,0.0427930429577827,0.0329949557781219
81.5230032348634,21.72341638452867,,
81.5230032348634,21.863445169785443,,0.037658542394638
81.5230032348634,22.003473955042217,,0.0229459181427955
81.5230032348634,22.14350274029899,0.0389271676540374,
81.5230032348634,22.28353152555577,0.0421228855848312,0.0241151973605155
81.5230032348634,22.42356031081254,,0.0330969579517841
81.5230032348634,22.563589096069315,,
81.6630032348634,17.80261039733898,0.0360311269760131,0.0347057245671749
81.6630032348634,17.942639182595755,0.0282787680625915,
81.6630032348634,18.08266796785253,0.0309922527521848,0.0260118842124938
81.6630032348634,18.222696753109304,0.0355949215590953,
81.6630032348634,18.36272553836608,0.0302478354424238,
81.6630032348634,18.50275432362285,0.0396098420023918,0.0286025591194629
81.6630032348634,18.642783108879627,,
81.6630032348634,18.7828118941364,0.030824489891529,0.0237378943711519
81.6630032348634,18.922840679393172,0.0412932820618152,0.0341053716838359
81.6630032348634,19.062869464649957,,0.036051407456398
81.6630032348634,19.202898249906728,,0.0227737203240394
81.6630032348634,19.342927035163505,0.0289690010249614,
81.6630032348634,19.48295582042028,,0.0419262498617172
81.6630032348634,19.62298460567705,0.029499776661396,0.0351024121046066
81.6630032348634,19.763013390933825,,0.0298650786280632
81.6630032348634,19.9030421761906,0.0317006297409534,0.0301203858107328
81.6630032348634,20.043070961447373,0.0449651814997196,0.0255410876125097
81.6630032348634,20.183099746704148,,0.0337870121002197
81.6630032348634,20.32312853196092,,0.027930773794651
81.6630032348634,20.463157317217696,0.0379541479051113,0.0291206948459148
81.6630032348634,20.60318610247447,,
81.6630032348634,20.743214887731245,0.0397178381681442,0.0377876088023185
81.6630032348634,20.88324367298802,,
81.6630032348634,21.0232724582448,,0.0240787863731384
81.6630032348634,21.16330124350157,0.0251263380050659,
81.6630032348634,21.303330028758342,,
81.6630032348634,21.44335881401512,,
81.6630032348634,21.58338759927189,,0.0358469076454639
81.6630032348634,21.72341638452867,,
81.6630032348634,21.863445169785443,,
81.6630032348634,22.003473955042217,0.031109919771552,0.0374996252357959
81.6630032348634,22.14350274029899,,
81.6630032348634,22.28353152555577,,
81.6630032348634,22.42356031081254,0.0400169491767883,
81.6630032348634,22.563589096069315,0.0393124483525753,
81.8030032348634,17.80261039733898,,0.0280966367572546
81.8030032348634,17.942639182595755,0.0354212895035743,
81.8030032348634,18.08266796785253,0.0316557884216308,0.0261809043586254
81.8030032348634,18.222696753109304,0.0381767489016056,
81.8030032348634,18.36272553836608,0.0322297550737857,0.0352422520518302
81.8030032348634,18.50275432362285,0.0372175835072994,
81.8030032348634,18.642783108879627,0.023187568411231,
81.8030032348634,18.7828118941364,0.0331635400652885,0.0305648818612098
81.8030032348634,18.922840679393172,,0.0362761653959751
81.8030032348634,19.062869464649957,,
81.8030032348634,19.202898249906728,0.0203006733208894,0.0418302938342094
81.8030032348634,19.342927035163505,,
81.8030032348634,19.48295582042028,,
81.8030032348634,19.62298460567705,,0.0328277684748172
81.8030032348634,19.763013390933825,,0.0368580222129821
81.8030032348634,19.9030421761906,,0.0294902231544256
81.8030032348634,20.043070961447373,,0.0211714934557676
81.8030032348634,20.183099746704148,0.0233243387192487,0.0291553139686584
81.8030032348634,20.32312853196092,0.0418747179210186,0.038167368620634
81.8030032348634,20.463157317217696,,0.0402756817638874
81.8030032348634,20.60318610247447,,0.0370346195995807
81.8030032348634,20.743214887731245,0.0298298597335815,
81.8030032348634,20.88324367298802,,0.0228274688124656
81.8030032348634,21.0232724582448,,0.0345102213323116
81.8030032348634,21.16330124350157,,0.0299831647425889
81.8030032348634,21.303330028758342,0.0397842526435852,
81.8030032348634,21.44335881401512,,
81.8030032348634,21.58338759927189,0.038902748376131,0.0330817028880119
81.8030032348634,21.72341638452867,0.0351643897593021,
81.8030032348634,21.863445169785443,,0.0371106415987014
81.8030032348634,22.003473955042217,0.0286351945251226,
81.8030032348634,22.14350274029899,0.0379599593579769,0.033832874149084
81.8030032348634,22.28353152555577,0.019713819026947,0.0394613072276115
81.8030032348634,22.42356031081254,,
81.8030032348634,22.563589096069315,,
81.9430032348634,17.80261039733898,0.032734528183937,
81.9430032348634,17.942639182595755,,
81.9430032348634,18.08266796785253,,
81.9430032348634,18.222696753109304,,0.03168211504817
81.9430032348634,18.36272553836608,,0.0297728795558214
81.9430032348634,18.50275432362285,0.0347310677170753,0.0369814708828926
81.9430032348634,18.642783108879627,0.0305830296128988,0.0241802278906106
81.9430032348634,18.7828118941364,,0.0351434908807277
81.9430032348634,18.922840679393172,,0.0317197553813457
81.9430032348634,19.062869464649957,0.0294342711567878,0.0297850556671619
81.9430032348634,19.202898249906728,,0.0337015986442565
81.9430032348634,19.342927035163505,0.0347278490662574,0.0336651243269443
81.9430032348634,19.48295582042028,0.0339112430810928,0.0343721061944961
81.9430032348634,19.62298460567705,,0.0423141606152057
81.9430032348634,19.763013390933825,,0.0293169748038053
81.9430032348634,19.9030421761906,0.0321004502475261,
81.9430032348634,20.043070961447373,,
81.9430032348634,20.183099746704148,,0.0225227810442447
81.9430032348634,20.32312853196092,,
81.9430032348634,20.463157317217696,0.0403099246323108,0.0349187105894088
81.9430032348634,20.60318610247447,0.0354504510760307,
81.9430032348634,20.743214887731245,,0.0343862324953079
81.9430032348634,20.88324367298802,,0.0365298725664615
81.9430032348634,21.0232724582448,,0.0327092856168746
81.9430032348634,21.16330124350157,,
81.9430032348634,21.303330028758342,,
81.9430032348634,21.44335881401512,,0.0318249948322773
81.9430032348634,21.58338759927189,0.0369772128760814,0.0341358296573162
81.9430032348634,21.72341638452867,,0.0318487845361232
81.9430032348634,21.863445169785443,,0.0434778593480587
81.9430032348634,22.003473955042217,0.0358689650893211,
81.9430032348634,22.14350274029899,0.0382319614291191,
81.9430032348634,22.28353152555577,,0.0324541181325912
81.9430032348634,22.42356031081254,,0.0339169055223465
81.9430032348634,22.563589096069315,0.0334962047636508,
82.0830032348634,17.80261039733898,,
82.0830032348634,17.942639182595755,,0.0360889993607997
82.0830032348634,18.08266796785253,,0.0244764667004346
82.0830032348634,18.222696753109304,0.0394407957792282,0.0292507316917181
82.0830032348634,18.36272553836608,0.0336169116199016,0.0252151638269424
82.0830032348634,18.50275432362285,,0.0356962382793426
82.0830032348634,18.642783108879627,,
82.0830032348634,18.7828118941364,0.0359110534191131,0.0360556989908218
82.0830032348634,18.922840679393172,0.032027717679739,
82.0830032348634,19.062869464649957,0.0354096852242946,
82.0830032348634,19.202898249906728,,0.033547356724739
82.0830032348634,19.342927035163505,,
82.0830032348634,19.48295582042028,,0.0263455640524625
82.0830032348634,19.62298460567705,,
82.0830032348634,19.763013390933825,,0.0228252727538347
82.0830032348634,19.9030421761906,0.0238527413457632,0.0298929866403341
82.0830032348634,20.043070961447373,0.0312809310853481,
82.0830032348634,20.183099746704148,0.037924088537693,
82.0830032348634,20.32312853196092,,
82.0830032348634,20.463157317217696,,
82.0830032348634,20.60318610247447,0.0371454022824764,0.0353534445166587
82.0830032348634,20.743214887731245,,0.035487201064825
82.0830032348634,20.88324367298802,,0.0223252233117818
82.0830032348634,21.0232724582448,0.0334493406116962,0.0345878116786479
82.0830032348634,21.16330124350157,0.0377932041883468,
82.0830032348634,21.303330028758342,0.0392611436545848,
82.0830032348634,21.44335881401512,0.0321294888854026,0.0339495241641998
82.0830032348634,21.58338759927189,,0.0369260646402835
82.0830032348634,21.72341638452867,,0.034068290144205
82.0830032348634,21.863445169785443,,
82.0830032348634,22.003473955042217,0.0319720581173896,
82.0830032348634,22.14350274029899,0.0371559746563434,
82.0830032348634,22.28353152555577,,
82.0830032348634,22.42356031081254,0.0336959660053253,0.0237053669989109
82.0830032348634,22.563589096069315,,
82.2230032348634,17.80261039733898,0.0292312465608119,0.0391766801476478
82.2230032348634,17.942639182595755,,
82.2230032348634,18.08266796785253,0.0366398692131042,0.0283911395817995
82.2230032348634,18.222696753109304,0.0310989394783973,
82.2230032348634,18.36272553836608,0.0303671266883611,0.0331817418336868
82.2230032348634,18.50275432362285,,
82.2230032348634,18.642783108879627,,0.0309601910412311
82.2230032348634,18.7828118941364,,
82.2230032348634,18.922840679393172,0.0354295521974563,0.0330218411982059
82.2230032348634,19.062869464649957,0.028584036976099,
82.2230032348634,19.202898249906728,,
82.2230032348634,19.342927035163505,,0.0389335416257381
82.2230032348634,19.48295582042028,0.0409454405307769,0.0364018455147743
82.2230032348634,19.62298460567705,0.0277254022657871,
82.2230032348634,19.763013390933825,0.0193438678979873,0.0295915454626083
82.2230032348634,19.9030421761906,,0.0377650931477546
82.2230032348634,20.043070961447373,0.0381148196756839,0.0342401638627052
82.2230032348634,20.183099746704148,0.0324377939105033,0.0296087507158517
82.2230032348634,20.32312853196092,,0.0354727059602737
82.2230032348634,20.463157317217696,,0.0299375802278518
82.2230032348634,20.60318610247447,0.039837822318077,0.034392450004816
82.2230032348634,20.743214887731245,,
82.2230032348634,20.88324367298802,0.0336049012839794,
82.2230032348634,21.0232724582448,0.0326255150139331,
82.2230032348634,21.16330124350157,,0.0368421152234077
82.2230032348634,21.303330028758342,,
82.2230032348634,21.44335881401512,,
82.2230032348634,21.58338759927189,,
82.2230032348634,21.72341638452867,0.0363422185182571,0.0242337081581354
82.2230032348634,21.863445169785443,,
82.2230032348634,22.003473955042217,0.0386444479227066,
82.2230032348634,22.14350274029899,,0.0366904065012931
82.2230032348634,22.28353152555577,0.0383410863578319,
82.2230032348634,22.42356031081254,,
82.2230032348634,22.563589096069315,0.0439159795641899,0.0308180451393127
82.3630032348634,17.80261039733898,0.0359522774815559,0.0397365167737007
82.3630032348634,17.942639182595755,0.0350468792021274,
82.3630032348634,18.08266796785253,0.0293947048485279,0.0248691719025373
82.3630032348634,18.222696753109304,0.0356437489390373,0.0295983534306287
82.3630032348634,18.36272553836608,,
82.3630032348634,18.50275432362285,0.0367810130119323,
82.3630032348634,18.642783108879627,0.0296665150672197,0.0307795666158199
82.3630032348634,18.7828118941364,,0.0381216667592525
82.3630032348634,18.922840679393172,0.0320386514067649,0.0244987923651933
82.3630032348634,19.062869464649957,0.0380255170166492,
82.3630032348634,19.202898249906728,0.0331798940896987,
82.3630032348634,19.342927035163505,,0.0334615521132946
82.3630032348634,19.48295582042028,0.0338259227573871,0.0237833764404058
82.3630032348634,19.62298460567705,0.0369905531406402,0.0269569214433431
82.3630032348634,19.763013390933825,0.0428489260375499,
82.3630032348634,19.9030421761906,,0.0355622991919517
82.3630032348634,20.043070961447373,,0.0342141725122928
82.3630032348634,20.183099746704148,,0.0334558635950088
82.3630032348634,20.32312853196092,0.0242954902350902,0.0210799612104892
82.3630032348634,20.463157317217696,0.0337621942162513,0.035966083407402
82.3630032348634,20.60318610247447,,
82.3630032348634,20.743214887731245,0.0334437489509582,0.031533095985651
82.3630032348634,20.88324367298802,,
82.3630032348634,21.0232724582448,,0.0384886525571346
82.3630032348634,21.16330124350157,0.036565251648426,
82.3630032348634,21.303330028758342,0.0381434187293052,
82.3630032348634,21.44335881401512,,
82.3630032348634,21.58338759927189,,0.0370338298380374
82.3630032348634,21.72341638452867,,0.0363788791000843
82.3630032348634,21.863445169785443,0.0395127981901168,
82.3630032348634,22.003473955042217,0.0387534759938716,
82.3630032348634,22.14350274029899,,0.0191214568912982
82.3630032348634,22.28353152555577,0.0277140792459249,0.035938411951065
82.3630032348634,22.42356031081254,,0.0345036089420318
82.3630032348634,22.563589096069315,,0.0298293307423591
82.5030032348634,17.80261039733898,0.035056684166193,0.0244363527745008
82.5030032348634,17.942639182595755,0.0395150855183601,
82.5030032348634,18.08266796785253,,0.0241794772446155
82.5030032348634,18.222696753109304,,0.0225900001823902
82.5030032348634,18.36272553836608,0.0274093225598335,0.0362879335880279
82.5030032348634,18.50275432362285,,0.0388820692896842
82.5030032348634,18.642783108879627,0.0396640300750732,0.0282528530806303
82.5030032348634,18.7828118941364,0.0322964489459991,0.042033240199089
82.5030032348634,18.922840679393172,,
82.5030032348634,19.062869464649957,0.034862570464611,0.0307625047862529
82.5030032348634,19.202898249906728,0.0268153492361307,0.025813516229391
82.5030032348634,19.342927035163505,,
82.5030032348634,19.48295582042028,0.0351474098861217,0.0348541960120201
82.5030032348634,19.62298460567705,0.0324168093502521,0.020538356155157
82.5030032348634,19.763013390933825,0.0320344492793083,
82.5030032348634,19.9030421761906,,
82.5030032348634,20.043070961447373,,0.0221304576843976
82.5030032348634,20.183099746704148,0.021262664347887,
82.5030032348634,20.32312853196092,,
82.5030032348634,20.463157317217696,0.0319819077849388,
82.5030032348634,20.60318610247447,,
82.5030032348634,20.743214887731245,,0.0316437780857086
82.5030032348634,20.88324367298802,,
82.5030032348634,21.0232724582448,,
82.5030032348634,21.16330124350157,0.0313502252101898,0.0338803082704544
82.5030032348634,21.303330028758342,,
82.5030032348634,21.44335881401512,0.0348010025918483,
82.5030032348634,21.58338759927189,,
82.5030032348634,21.72341638452867,0.0265235900878906,
82.5030032348634,21.863445169785443,,0.0187118761241436
82.5030032348634,22.003473955042217,0.0284079760313034,0.0197204314172267
82.5030032348634,22.14350274029899,0.0376295186579227,
82.5030032348634,22.28353152555577,,0.035073023289442
82.5030032348634,22.42356031081254,,0.0319757871329784
82.5030032348634,22.563589096069315,,0.0352443195879459
82.6430032348634,17.80261039733898,0.0271984860301017,0.030863769352436
82.6430032348634,17.942639182595755,0.0379356779158115,
82.6430032348634,18.08266796785253,,0.0277422852814197
82.6430032348634,18.222696753109304,,0.0325689055025577
82.6430032348634,18.36272553836608,0.0293112248182296,
82.6430032348634,18.50275432362285,0.0413109995424747,
82.6430032348634,18.642783108879627,0.0343856774270534,0.0337936878204345
82.6430032348634,18.7828118941364,,0.0221256110817194
82.6430032348634,18.922840679393172,0.036616101861,
82.6430032348634,19.062869464649957,,0.0285131577402353
82.6430032348634,19.202898249906728,,
82.6430032348634,19.342927035163505,,0.0258058253675699
82.6430032348634,19.48295582042028,,0.0362251885235309
82.6430032348634,19.62298460567705,0.0316475108265876,0.0366283804178237
82.6430032348634,19.763013390933825,0.0379986278712749,
82.6430032348634,19.9030421761906,,0.0311192963272333
82.6430032348634,20.043070961447373,,0.0352876149117946
82.6430032348634,20.183099746704148,0.0352076515555381,0.0330587811768054
82.6430032348634,20.32312853196092,,
82.6430032348634,20.463157317217696,0.0211178865283727,0.0311811845749616
82.6430032348634,20.60318610247447,0.0294664800167083,0.0378982089459896
82.6430032348634,20.743214887731245,,
82.6430032348634,20.88324367298802,,
82.6430032348634,21.0232724582448,,0.0374132506549358
82.6430032348634,21.16330124350157,0.0383227877318859,0.0314090102910995
82.6430032348634,21.303330028758342,,
82.6430032348634,21.44335881401512,0.0352649912238121,
82.6430032348634,21.58338759927189,0.0393735729157924,
82.6430032348634,21.72341638452867,,
82.6430032348634,21.863445169785443,0.0374164283275604,
82.6430032348634,22.003473955042217,0.0340899378061294,
82.6430032348634,22.14350274029899,,
82.6430032348634,22.28353152555577,0.0289348810911178,0.0347679033875465
82.6430032348634,22.42356031081254,,
82.6430032348634,22.563589096069315,0.0269518215209245,
82.7830032348634,17.80261039733898,,0.0317846275866031
82.7830032348634,17.942639182595755,,0.0227988194674253
82.7830032348634,18.08266796785253,0.0315194875001907,0.0313250161707401
82.7830032348634,18.222696753109304,0.0415109433233737,0.027504775673151
82.7830032348634,18.36272553836608,0.036330971866846,0.0394886024296283
82.7830032348634,18.50275432362285,,
82.7830032348634,18.642783108879627,,0.0367450267076492
82.7830032348634,18.7828118941364,,
82.7830032348634,18.922840679393172,,
82.7830032348634,19.062869464649957,,0.0260916389524936
82.7830032348634,19.202898249906728,,
82.7830032348634,19.342927035163505,0.0335013233125209,
82.7830032348634,19.48295582042028,0.0288056060671806,0.0350575372576713
82.7830032348634,19.62298460567705,0.0299339331686496,0.0220266785472631
82.7830032348634,19.763013390933825,,0.0332449562847614
82.7830032348634,19.9030421761906,,
82.7830032348634,20.043070961447373,,0.0305131804198026
82.7830032348634,20.183099746704148,,0.0389440059661865
82.7830032348634,20.32312853196092,,
82.7830032348634,20.463157317217696,,
82.7830032348634,20.60318610247447,,0.0226083807647228
82.7830032348634,20.743214887731245,0.0262613557279109,
82.7830032348634,20.88324367298802,,
82.7830032348634,21.0232724582448,0.0363859124481678,0.0360182709991931
82.7830032348634,21.16330124350157,0.0389395542442798,0.0423341020941734
82.7830032348634,21.303330028758342,,0.0347838513553142
82.7830032348634,21.44335881401512,,0.0320678353309631
82.7830032348634,21.58338759927189,0.0360832922160625,0.0362477600574493
82.7830032348634,21.72341638452867,0.0278812367469072,
82.7830032348634,21.863445169785443,,
82.7830032348634,22.003473955042217,0.0233715828508138,0.0318962484598159
82.7830032348634,22.14350274029899,0.0366443805396556,
82.7830032348634,22.28353152555577,0.031863585114479,0.0335230492055416
82.7830032348634,22.42356031081254,0.0339615531265735,
82.7830032348634,22.563589096069315,0.0417378284037113,
82.9230032348634,17.80261039733898,0.0352518260478973,0.0391792356967926
82.9230032348634,17.942639182595755,0.0314767323434352,
82.9230032348634,18.08266796785253,0.0281256698071956,0.0320887640118598
82.9230032348634,18.222696753109304,,0.0258582159876823
82.9230032348634,18.36272553836608,,0.0262123011052608
82.9230032348634,18.50275432362285,0.0299877952784299,0.0370291993021965
82.9230032348634,18.642783108879627,,0.0365696139633655
82.9230032348634,18.7828118941364,,
82.9230032348634,18.922840679393172,0.0283127222210168,
82.9230032348634,19.062869464649957,,0.0349605791270732
82.9230032348634,19.202898249906728,0.0192050654441118,0.0326092503964901
82.9230032348634,19.342927035163505,,
82.9230032348634,19.48295582042028,0.0369768962264061,
82.9230032348634,19.62298460567705,,0.0300742015242576
82.9230032348634,19.763013390933825,0.0372326038777828,
82.9230032348634,19.9030421761906,,
82.9230032348634,20.043070961447373,,0.0411873646080493
82.9230032348634,20.183099746704148,,0.0406556092202663
82.9230032348634,20.32312853196092,0.0351942591369152,0.0375395305454731
82.9230032348634,20.463157317217696,0.031498048454523,
82.9230032348634,20.60318610247447,,0.03516636043787
82.9230032348634,20.743214887731245,,
82.9230032348634,20.88324367298802,0.036743689328432,
82.9230032348634,21.0232724582448,0.0351751036942005,
82.9230032348634,21.16330124350157,,0.0335833840072155
82.9230032348634,21.303330028758342,,0.0335838347673416
82.9230032348634,21.44335881401512,,
82.9230032348634,21.58338759927189,,
82.9230032348634,21.72341638452867,,0.0365710146725177
82.9230032348634,21.863445169785443,,
82.9230032348634,22.003473955042217,,0.0426717139780521
82.9230032348634,22.14350274029899,0.0356331244111061,
82.9230032348634,22.28353152555577,,0.0330832488834857
82.9230032348634,22.42356031081254,0.0394116602838039,
82.9230032348634,22.563589096069315,,
83.0630032348634,17.80261039733898,0.0305654294788837,
83.0630032348634,17.942639182595755,0.0331575013697147,0.0386306308209896
83.0630032348634,18.08266796785253,0.0391122587025165,0.0459276773035526
83.0630032348634,18.222696753109304,,
83.0630032348634,18.36272553836608,0.0347070693969726,0.022741274908185
83.0630032348634,18.50275432362285,0.032713659107685,0.0332865752279758
83.0630032348634,18.642783108879627,0.0357501432299613,0.0205775331705808
83.0630032348634,18.7828118941364,,0.0423771403729915
83.0630032348634,18.922840679393172,,0.0218936689198017
83.0630032348634,19.062869464649957,0.044542159885168,
83.0630032348634,19.202898249906728,0.0297131352126598,0.0312446560710668
83.0630032348634,19.342927035163505,0.0355325601994991,0.0212374851107597
83.0630032348634,19.48295582042028,,0.0148513345047831
83.0630032348634,19.62298460567705,,
83.0630032348634,19.763013390933825,,0.0343396514654159
83.0630032348634,19.9030421761906,0.0340378060936927,0.0335478298366069
83.0630032348634,20.043070961447373,,0.0253298562020063
83.0630032348634,20.183099746704148,,
83.0630032348634,20.32312853196092,0.040838748216629,0.0319165512919425
83.0630032348634,20.463157317217696,,0.0336651168763637
83.0630032348634,20.60318610247447,,
83.0630032348634,20.743214887731245,,0.0323297120630741
83.0630032348634,20.88324367298802,,0.0357466079294681
83.0630032348634,21.0232724582448,0.0392464585602283,
83.0630032348634,21.16330124350157,,
83.0630032348634,21.303330028758342,,0.0346230529248714
83.0630032348634,21.44335881401512,,
83.0630032348634,21.58338759927189,,0.0299496669322252
83.0630032348634,21.72341638452867,0.0216890573501586,
83.0630032348634,21.863445169785443,,
83.0630032348634,22.003473955042217,,0.0336920097470283
83.0630032348634,22.14350274029899,,
83.0630032348634,22.28353152555577,0.0189359635114669,
83.0630032348634,22.42356031081254,0.0375924408435821,
83.0630032348634,22.563589096069315,0.0369603112339973,
83.2030032348634,17.80261039733898,0.0278426669538021,0.0391110926866531
83.2030032348634,17.942639182595755,0.0384667888283729,0.0343149453401565
83.2030032348634,18.08266796785253,0.034536063671112,
83.2030032348634,18.222696753109304,0.0281522665172815,
83.2030032348634,18.36272553836608,0.0299015399068593,0.0304150152951478
83.2030032348634,18.50275432362285,,0.0315633080899715
83.2030032348634,18.642783108879627,,0.0331062525510787
83.2030032348634,18.7828118941364,0.0403642542660236,0.0274502206593751
83.2030032348634,18.922840679393172,0.0193438678979873,
83.2030032348634,19.062869464649957,,0.0236044991761446
83.2030032348634,19.202898249906728,0.0243607200682163,0.0375854857265949
83.2030032348634,19.342927035163505,0.0365380533039569,0.0340961776673793
83.2030032348634,19.48295582042028,0.0434338226914405,0.0363723561167717
83.2030032348634,19.62298460567705,0.0360403694212436,
83.2030032348634,19.763013390933825,,
83.2030032348634,19.9030421761906,,
83.2030032348634,20.043070961447373,,0.038338828831911
83.2030032348634,20.183099746704148,,0.0287102162837982
83.2030032348634,20.32312853196092,0.039685484021902,0.0413006022572517
83.2030032348634,20.463157317217696,,0.0348014831542968
83.2030032348634,20.60318610247447,,
83.2030032348634,20.743214887731245,,
83.2030032348634,20.88324367298802,,0.0208144877105951
83.2030032348634,21.0232724582448,0.0240816678851842,0.0370958521962165
83.2030032348634,21.16330124350157,0.0374006703495979,
83.2030032348634,21.303330028758342,,0.036937091499567
83.2030032348634,21.44335881401512,,
83.2030032348634,21.58338759927189,0.0352825783193111,0.0330859906971454
83.2030032348634,21.72341638452867,,
83.2030032348634,21.863445169785443,,
83.2030032348634,22.003473955042217,,
83.2030032348634,22.14350274029899,0.0263047218322753,
83.2030032348634,22.28353152555577,0.0387799814343452,0.0201021712273359
83.2030032348634,22.42356031081254,0.0379726812243461,0.0312098134309053
83.2030032348634,22.563589096069315,,
83.3430032348634,17.80261039733898,0.0368562638759613,0.0258245635777711
83.3430032348634,17.942639182595755,,
83.3430032348634,18.08266796785253,0.0263603720813989,0.0281410422176122
83.3430032348634,18.222696753109304,0.0383724644780159,0.03214081376791
83.3430032348634,18.36272553836608,0.0256876554340124,0.0335369892418384
83.3430032348634,18.50275432362285,,0.0280301757156848
83.3430032348634,18.642783108879627,,
83.3430032348634,18.7828118941364,,
83.3430032348634,18.922840679393172,0.0275049358606338,
83.3430032348634,19.062869464649957,0.0353638604283332,
83.3430032348634,19.202898249906728,,
83.3430032348634,19.342927035163505,0.0293207541108131,0.0311664678156375
83.3430032348634,19.48295582042028,,
83.3430032348634,19.62298460567705,,0.0205859038978815
83.3430032348634,19.763013390933825,,0.0346815884113311
83.3430032348634,19.9030421761906,0.0384968109428882,0.0359147563576698
83.3430032348634,20.043070961447373,0.0270393062382936,0.0331609137356281
83.3430032348634,20.183099746704148,,0.0331994779407978
83.3430032348634,20.32312853196092,,
83.3430032348634,20.463157317217696,,
83.3430032348634,20.60318610247447,,
83.3430032348634,20.743214887731245,0.0371197126805782,
83.3430032348634,20.88324367298802,,
83.3430032348634,21.0232724582448,,
83.3430032348634,21.16330124350157,,0.036473911255598
83.3430032348634,21.303330028758342,0.0368918925523757,
83.3430032348634,21.44335881401512,,0.0230909623205661
83.3430032348634,21.58338759927189,,0.0315786711871624
83.3430032348634,21.72341638452867,,0.0314144641160965
83.3430032348634,21.863445169785443,0.039102703332901,
83.3430032348634,22.003473955042217,0.0416592247784137,0.0352369099855423
83.3430032348634,22.14350274029899,,
83.3430032348634,22.28353152555577,0.0386053137481212,0.0316108167171478
83.3430032348634,22.42356031081254,0.0419494621455669,
83.3430032348634,22.563589096069315,0.0405533760786056,
83.4830032348634,17.80261039733898,0.0356353409588336,0.0390664711594581
83.4830032348634,17.942639182595755,0.0363589040935039,0.0328121706843376
83.4830032348634,18.08266796785253,,0.030956408008933
83.4830032348634,18.222696753109304,,0.030730377882719
83.4830032348634,18.36272553836608,,0.0294891241937875
83.4830032348634,18.50275432362285,0.020805949345231,
83.4830032348634,18.642783108879627,0.0298158731311559,
83.4830032348634,18.7828118941364,,
83.4830032348634,18.922840679393172,,0.0253291185945272
83.4830032348634,19.062869464649957,,0.0382817760109901
83.4830032348634,19.202898249906728,,0.0433128140866756
83.4830032348634,19.342927035163505,,
83.4830032348634,19.48295582042028,,0.0413740426301956
83.4830032348634,19.62298460567705,,0.033143013715744
83.4830032348634,19.763013390933825,0.0201879106462001,
83.4830032348634,19.9030421761906,0.0361086204648017,0.0239710919559001
83.4830032348634,20.043070961447373,0.0256027802824974,
83.4830032348634,20.183099746704148,,0.0362550616264343
83.4830032348634,20.32312853196092,,0.0338992103934288
83.4830032348634,20.463157317217696,0.0363542661070823,0.033495008945465
83.4830032348634,20.60318610247447,0.0208195708692073,
83.4830032348634,20.743214887731245,,0.0381976775825023
83.4830032348634,20.88324367298802,0.0419335216283798,
83.4830032348634,21.0232724582448,,0.022753108292818
83.4830032348634,21.16330124350157,0.0410347171127796,0.0380874574184417
83.4830032348634,21.303330028758342,,
83.4830032348634,21.44335881401512,,0.0300977770239114
83.4830032348634,21.58338759927189,,0.0347240082919597
83.4830032348634,21.72341638452867,0.041018184274435,
83.4830032348634,21.863445169785443,,0.0192284062504768
83.4830032348634,22.003473955042217,,
83.4830032348634,22.14350274029899,0.0407065600156784,0.04252939671278
83.4830032348634,22.28353152555577,0.0318793840706348,
83.4830032348634,22.42356031081254,0.0400602482259273,0.0375244729220867
83.4830032348634,22.563589096069315,0.0194500871002674,
83.6230032348634,17.80261039733898,0.0260387994349002,0.0290473774075508
83.6230032348634,17.942639182595755,,
83.6230032348634,18.08266796785253,0.0344024635851383,
83.6230032348634,18.222696753109304,,0.0268431771546602
83.6230032348634,18.36272553836608,0.0266057085245847,0.0376091003417968
83.6230032348634,18.50275432362285,0.0371373705565929,0.0209989119321107
83.6230032348634,18.642783108879627,0.0356221161782741,
83.6230032348634,18.7828118941364,,
83.6230032348634,18.922840679393172,0.0361321941018104,
83.6230032348634,19.062869464649957,,0.0360468439757823
83.6230032348634,19.202898249906728,,
83.6230032348634,19.342927035163505,,0.0220886655151844
83.6230032348634,19.48295582042028,,
83.6230032348634,19.62298460567705,,0.0378403849899768
83.6230032348634,19.763013390933825,0.0323293283581733,
83.6230032348634,19.9030421761906,0.0420250818133354,0.0287102162837982
83.6230032348634,20.043070961447373,,
83.6230032348634,20.183099746704148,,0.0341550633311271
83.6230032348634,20.32312853196092,,
83.6230032348634,20.463157317217696,0.0281276665627956,0.0377505384385585
83.6230032348634,20.60318610247447,0.0338664501905441,
83.6230032348634,20.743214887731245,0.0396560803055763,0.0356988869607448
83.6230032348634,20.88324367298802,,0.0286385174840688
83.6230032348634,21.0232724582448,0.0373331196606159,
83.6230032348634,21.16330124350157,,0.034691572189331
83.6230032348634,21.303330028758342,,
83.6230032348634,21.44335881401512,0.0414687804877758,
83.6230032348634,21.58338759927189,,
83.6230032348634,21.72341638452867,,0.0394258797168731
83.6230032348634,21.863445169785443,,0.0319764129817485
83.6230032348634,22.003473955042217,0.0387388728559017,
83.6230032348634,22.14350274029899,,0.0344416573643684
83.6230032348634,22.28353152555577,0.0347735024988651,
83.6230032348634,22.42356031081254,,
83.6230032348634,22.563589096069315,,
83.7630032348634,17.80261039733898,,0.0231739655137062
83.7630032348634,17.942639182595755,0.0312191937118768,0.0294336322695016
83.7630032348634,18.08266796785253,0.0336183905601501,
83.7630032348634,18.222696753109304,,
83.7630032348634,18.36272553836608,,
83.7630032348634,18.50275432362285,0.0384706817567348,0.037797026336193
83.7630032348634,18.642783108879627,,
83.7630032348634,18.7828118941364,,0.0254875738173723
83.7630032348634,18.922840679393172,0.0264181923121213,0.0338722728192806
83.7630032348634,19.062869464649957,0.0341821536421775,
83.7630032348634,19.202898249906728,0.0376222319900989,0.0370832085609436
83.7630032348634,19.342927035163505,0.038591556251049,
83.7630032348634,19.48295582042028,,0.0313619785010814
83.7630032348634,19.62298460567705,,0.031770184636116
83.7630032348634,19.763013390933825,,0.0313989967107772
83.7630032348634,19.9030421761906,0.0385549031198024,
83.7630032348634,20.043070961447373,0.029285104945302,0.0326816588640213
83.7630032348634,20.183099746704148,,
83.7630032348634,20.32312853196092,,
83.7630032348634,20.463157317217696,0.0347961597144603,0.0331233665347099
83.7630032348634,20.60318610247447,0.0361597314476966,0.0240571945905685
83.7630032348634,20.743214887731245,,
83.7630032348634,20.88324367298802,,
83.7630032348634,21.0232724582448,,
83.7630032348634,21.16330124350157,,
83.7630032348634,21.303330028758342,,
83.7630032348634,21.44335881401512,,
83.7630032348634,21.58338759927189,,
83.7630032348634,21.72341638452867,0.0385296642780303,
83.7630032348634,21.863445169785443,0.0419054515659809,
83.7630032348634,22.003473955042217,,
83.7630032348634,22.14350274029899,0.0340592786669731,
83.7630032348634,22.28353152555577,0.0328944772481918,
83.7630032348634,22.42356031081254,0.0293827820569276,
83.7630032348634,22.563589096069315,,
83.9030032348634,17.80261039733898,,0.0297083389014005
83.9030032348634,17.942639182595755,,0.0403030775487422
83.9030032348634,18.08266796785253,0.0355752483010292,
83.9030032348634,18.222696753109304,,
83.9030032348634,18.36272553836608,,0.033418271690607
83.9030032348634,18.50275432362285,,0.0357444286346435
83.9030032348634,18.642783108879627,,
83.9030032348634,18.7828118941364,0.0341646336019039,
83.9030032348634,18.922840679393172,0.0443302020430564,0.0418198220431804
83.9030032348634,19.062869464649957,0.0350819192826747,0.0331587307155132
83.9030032348634,19.202898249906728,0.0194059330970048,0.0369955264031887
83.9030032348634,19.342927035163505,,
83.9030032348634,19.48295582042028,,0.0355183780193328
83.9030032348634,19.62298460567705,,
83.9030032348634,19.763013390933825,,0.0193731468170881
83.9030032348634,19.9030421761906,0.0339314267039299,0.0295891594141721
83.9030032348634,20.043070961447373,0.0366865918040275,
83.9030032348634,20.183099746704148,0.0396197475492954,0.0188633855432271
83.9030032348634,20.32312853196092,0.0376356355845928,0.0337670184671878
83.9030032348634,20.463157317217696,0.0373382642865181,
83.9030032348634,20.60318610247447,0.0361271947622299,0.0377090983092784
83.9030032348634,20.743214887731245,0.0392455570399761,
83.9030032348634,20.88324367298802,,
83.9030032348634,21.0232724582448,,0.034017875790596
83.9030032348634,21.16330124350157,0.0331869460642337,0.0349370427429676
83.9030032348634,21.303330028758342,,
83.9030032348634,21.44335881401512,0.0352557934820652,
83.9030032348634,21.58338759927189,0.037753090262413,
83.9030032348634,21.72341638452867,,0.0368823558092117
83.9030032348634,21.863445169785443,0.0281653348356485,0.0319712236523628
83.9030032348634,22.003473955042217,0.0404729805886745,
83.9030032348634,22.14350274029899,0.0401413589715957,0.0326911844313144
83.9030032348634,22.28353152555577,,
83.9030032348634,22.42356031081254,0.0458652712404727,0.0347160585224628
83.9030032348634,22.563589096069315,,0.0338994860649108
84.0430032348634,17.80261039733898,0.0251852553337812,0.0243138298392295
84.0430032348634,17.942639182595755,,0.0284192617982625
84.0430032348634,18.08266796785253,,
84.0430032348634,18.222696753109304,0.0229510571807622,0.0366025678813457
84.0430032348634,18.36272553836608,0.0362174473702907,0.0242673940956592
84.0430032348634,18.50275432362285,0.0370463877916336,
84.0430032348634,18.642783108879627,,0.0365034453570842
84.0430032348634,18.7828118941364,,
84.0430032348634,18.922840679393172,,0.0326772220432758
84.0430032348634,19.062869464649957,0.0303101781755685,
84.0430032348634,19.202898249906728,,0.0329216346144676
84.0430032348634,19.342927035163505,0.0361261889338493,
84.0430032348634,19.48295582042028,,0.039272803813219
84.0430032348634,19.62298460567705,,0.0287102162837982
84.0430032348634,19.763013390933825,,
84.0430032348634,19.9030421761906,0.0416635610163211,0.042317971587181
84.0430032348634,20.043070961447373,0.0285637490451335,
84.0430032348634,20.183099746704148,,
84.0430032348634,20.32312853196092,0.0382515378296375,0.0372604541480541
84.0430032348634,20.463157317217696,0.0367658399045467,0.033508975058794
84.0430032348634,20.60318610247447,,0.0334904305636882
84.0430032348634,20.743214887731245,,0.0224740393459796
84.0430032348634,20.88324367298802,,0.0229766461998224
84.0430032348634,21.0232724582448,0.0312235001474618,0.0341085754334926
84.0430032348634,21.16330124350157,0.0401525571942329,
84.0430032348634,21.303330028758342,0.0388319082558155,
84.0430032348634,21.44335881401512,,0.0327869839966297
84.0430032348634,21.58338759927189,0.0209045223891735,
84.0430032348634,21.72341638452867,,0.019960019737482
84.0430032348634,21.863445169785443,,
84.0430032348634,22.003473955042217,,
84.0430032348634,22.14350274029899,0.0357997976243495,
84.0430032348634,22.28353152555577,0.0417308546602726,
84.0430032348634,22.42356031081254,,0.0197625793516635
84.0430032348634,22.563589096069315,0.0296833142638206,
84.1830032348634,17.80261039733898,0.0363539792597293,0.0301764197647571
84.1830032348634,17.942639182595755,,0.0209546126425266
84.1830032348634,18.08266796785253,,0.0356004126369953
84.1830032348634,18.222696753109304,,
84.1830032348634,18.36272553836608,0.034970972687006,0.0368587374687194
84.1830032348634,18.50275432362285,0.0390656851232051,
84.1830032348634,18.642783108879627,,
84.1830032348634,18.7828118941364,0.0324593856930732,0.0339926742017269
84.1830032348634,18.922840679393172,0.0327264666557312,0.0360022112727165
84.1830032348634,19.062869464649957,,
84.1830032348634,19.202898249906728,0.0367609038949012,0.0310383085161447
84.1830032348634,19.342927035163505,0.02317257784307,0.0345585793256759
84.1830032348634,19.48295582042028,,
84.1830032348634,19.62298460567705,,
84.1830032348634,19.763013390933825,,
84.1830032348634,19.9030421761906,0.0372123010456562,
84.1830032348634,20.043070961447373,,0.0389976538717746
84.1830032348634,20.183099746704148,,
84.1830032348634,20.32312853196092,,
84.1830032348634,20.463157317217696,,0.0208276249468326
84.1830032348634,20.60318610247447,0.0371602587401866,0.0329034440219402
84.1830032348634,20.743214887731245,0.0372901521623134,
84.1830032348634,20.88324367298802,0.0377837754786014,
84.1830032348634,21.0232724582448,,
84.1830032348634,21.16330124350157,0.0178279802203178,
84.1830032348634,21.303330028758342,0.0176835563033819,
84.1830032348634,21.44335881401512,0.0403730124235153,
84.1830032348634,21.58338759927189,0.0278767235577106,
84.1830032348634,21.72341638452867,0.0424096100032329,
84.1830032348634,21.863445169785443,0.0380589216947555,
84.1830032348634,22.003473955042217,,
84.1830032348634,22.14350274029899,,0.0342519357800483
84.1830032348634,22.28353152555577,0.0302394460886716,0.0295664351433515
84.1830032348634,22.42356031081254,0.0361781567335128,
84.1830032348634,22.563589096069315,0.0190810412168502,
84.3230032348634,17.80261039733898,,0.0251383800059556
84.3230032348634,17.942639182595755,0.0335478261113166,0.0202806778252124
84.3230032348634,18.08266796785253,0.0233878642320632,
84.3230032348634,18.222696753109304,,0.0218815449625253
84.3230032348634,18.36272553836608,,0.0337220802903175
84.3230032348634,18.50275432362285,,0.0266462918370962
84.3230032348634,18.642783108879627,,0.0352940149605274
84.3230032348634,18.7828118941364,,
84.3230032348634,18.922840679393172,,
84.3230032348634,19.062869464649957,0.0363507866859436,0.0345462672412395
84.3230032348634,19.202898249906728,0.0370524376630783,0.0360449142754077
84.3230032348634,19.342927035163505,0.0245506595820188,
84.3230032348634,19.48295582042028,0.0388895198702812,
84.3230032348634,19.62298460567705,0.0241953413933515,
84.3230032348634,19.763013390933825,0.0400765761733055,
84.3230032348634,19.9030421761906,0.038611251860857,0.0384580567479133
84.3230032348634,20.043070961447373,,0.0230127088725566
84.3230032348634,20.183099746704148,,
84.3230032348634,20.32312853196092,0.0223207250237464,
84.3230032348634,20.463157317217696,0.0383410863578319,
84.3230032348634,20.60318610247447,,
84.3230032348634,20.743214887731245,0.0214103795588016,
84.3230032348634,20.88324367298802,0.0335024334490299,0.0420388951897621
84.3230032348634,21.0232724582448,0.0462690405547618,
84.3230032348634,21.16330124350157,0.0392867103219032,0.0307505279779434
84.3230032348634,21.303330028758342,,
84.3230032348634,21.44335881401512,,0.0334882140159606
84.3230032348634,21.58338759927189,,
84.3230032348634,21.72341638452867,0.0405533760786056,
84.3230032348634,21.863445169785443,0.0434507690370082,
84.3230032348634,22.003473955042217,,
84.3230032348634,22.14350274029899,,
84.3230032348634,22.28353152555577,,
84.3230032348634,22.42356031081254,0.0409793071448802,0.0336290337145328
84.3230032348634,22.563589096069315,0.0376635082066059,0.0343575254082679
84.46300323486341,17.80261039733898,0.0251384191215038,
84.46300323486341,17.942639182595755,,0.0276520550251007
84.46300323486341,18.08266796785253,,0.032667551189661
84.46300323486341,18.222696753109304,,
84.46300323486341,18.36272553836608,0.0186798945069313,
84.46300323486341,18.50275432362285,,
84.46300323486341,18.642783108879627,0.0384272970259189,0.0357075259089469
84.46300323486341,18.7828118941364,,
84.46300323486341,18.922840679393172,,0.0389440059661865
84.46300323486341,19.062869464649957,0.0418254770338535,
84.46300323486341,19.202898249906728,,
84.46300323486341,19.342927035163505,,0.0207932330667972
84.46300323486341,19.48295582042028,,0.0301959998905658
84.46300323486341,19.62298460567705,,0.021531892940402
84.46300323486341,19.763013390933825,0.0343388170003891,
84.46300323486341,19.9030421761906,0.0356616415083408,
84.46300323486341,20.043070961447373,,
84.46300323486341,20.183099746704148,0.0407927520573139,
84.46300323486341,20.32312853196092,0.0391020998358726,0.0250619538128376
84.46300323486341,20.463157317217696,0.0384829379618167,0.0370498336851596
84.46300323486341,20.60318610247447,,
84.46300323486341,20.743214887731245,0.0358979851007461,
84.46300323486341,20.88324367298802,,0.0334459096193313
84.46300323486341,21.0232724582448,,
84.46300323486341,21.16330124350157,0.0391514226794242,
84.46300323486341,21.303330028758342,0.0418476834893226,0.0246242918074131
84.46300323486341,21.44335881401512,0.0326851271092891,
84.46300323486341,21.58338759927189,,
84.46300323486341,21.72341638452867,0.0364282727241516,
84.46300323486341,21.863445169785443,0.0440147072076797,
84.46300323486341,22.003473955042217,,
84.46300323486341,22.14350274029899,,
84.46300323486341,22.28353152555577,0.0366012044250965,
84.46300323486341,22.42356031081254,0.039607897400856,
84.46300323486341,22.563589096069315,,
84.60300323486341,17.80261039733898,,0.0343235470354557
84.60300323486341,17.942639182595755,,0.0393663197755813
84.60300323486341,18.08266796785253,,0.030892314389348
84.60300323486341,18.222696753109304,0.0381012894213199,0.0319694429636001
84.60300323486341,18.36272553836608,0.035634096711874,
84.60300323486341,18.50275432362285,,0.0374058596789836
84.60300323486341,18.642783108879627,,0.0325325317680835
84.60300323486341,18.7828118941364,,
84.60300323486341,18.922840679393172,,0.0362340621650218
84.60300323486341,19.062869464649957,,0.0319249480962753
84.60300323486341,19.202898249906728,0.0398724824190139,
84.60300323486341,19.342927035163505,,0.0338945910334587
84.60300323486341,19.48295582042028,,0.0307353418320417
84.60300323486341,19.62298460567705,,
84.60300323486341,19.763013390933825,,
84.60300323486341,19.9030421761906,,0.0382813327014446
84.60300323486341,20.043070961447373,,
84.60300323486341,20.183099746704148,,
84.60300323486341,20.32312853196092,0.0397574454545974,
84.60300323486341,20.463157317217696,,
84.60300323486341,20.60318610247447,,
84.60300323486341,20.743214887731245,0.0326737985014915,
84.60300323486341,20.88324367298802,,
84.60300323486341,21.0232724582448,0.0352273136377334,0.0359017699956893
84.60300323486341,21.16330124350157,,0.0220328103750944
84.60300323486341,21.303330028758342,0.0359037518501281,0.0345387049019336
84.60300323486341,21.44335881401512,0.022500280290842,0.0325248576700687
84.60300323486341,21.58338759927189,0.0176144279539585,
84.60300323486341,21.72341638452867,,
84.60300323486341,21.863445169785443,0.0378912650048732,
84.60300323486341,22.003473955042217,0.0411635115742683,0.0338994860649108
84.60300323486341,22.14350274029899,0.038609467446804,0.0318748950958251
84.60300323486341,22.28353152555577,0.0390806756913661,0.0324904769659042
84.60300323486341,22.42356031081254,0.0413505136966705,
84.60300323486341,22.563589096069315,,
84.74300323486341,17.80261039733898,0.0207381583750247,
84.74300323486341,17.942639182595755,0.0410467125475406,0.0338949672877788
84.74300323486341,18.08266796785253,,0.0384390503168106
84.74300323486341,18.222696753109304,,
84.74300323486341,18.36272553836608,0.0330270119011402,0.0224102158099412
84.74300323486341,18.50275432362285,0.0328191146254539,
84.74300323486341,18.642783108879627,,
84.74300323486341,18.7828118941364,,0.0343231596052646
84.74300323486341,18.922840679393172,,
84.74300323486341,19.062869464649957,0.0356460697948932,0.0367218665778636
84.74300323486341,19.202898249906728,0.0346866361796855,
84.74300323486341,19.342927035163505,,
84.74300323486341,19.48295582042028,0.0335265286266803,0.034114982932806
84.74300323486341,19.62298460567705,0.0341388955712318,
84.74300323486341,19.763013390933825,0.0392129980027675,
84.74300323486341,19.9030421761906,,0.0409855805337429
84.74300323486341,20.043070961447373,0.0373845547437667,
84.74300323486341,20.183099746704148,0.0356250628829002,
84.74300323486341,20.32312853196092,,
84.74300323486341,20.463157317217696,0.0185411684215068,
84.74300323486341,20.60318610247447,,
84.74300323486341,20.743214887731245,0.0327064841985702,0.0317909568548202
84.74300323486341,20.88324367298802,,0.0409061722457408
84.74300323486341,21.0232724582448,,
84.74300323486341,21.16330124350157,,
84.74300323486341,21.303330028758342,0.039224199950695,0.0381281897425651
84.74300323486341,21.44335881401512,,
84.74300323486341,21.58338759927189,,0.0332782268524169
84.74300323486341,21.72341638452867,0.0293247494846582,0.0361695177853107
84.74300323486341,21.863445169785443,0.0315344519913196,
84.74300323486341,22.003473955042217,,
84.74300323486341,22.14350274029899,0.0399175994098186,
84.74300323486341,22.28353152555577,,0.0324013866484165
84.74300323486341,22.42356031081254,0.0323169715702533,
84.74300323486341,22.563589096069315,,
84.88300323486341,17.80261039733898,0.0201426986604928,
84.88300323486341,17.942639182595755,0.0434807352721691,
84.88300323486341,18.08266796785253,0.0338403694331646,
84.88300323486341,18.222696753109304,,
84.88300323486341,18.36272553836608,0.0194059330970048,
84.88300323486341,18.50275432362285,0.0362304411828517,0.0320646986365318
84.88300323486341,18.642783108879627,,0.0383212380111217
84.88300323486341,18.7828118941364,0.0217848531901836,0.0253212321549654
84.88300323486341,18.922840679393172,,
84.88300323486341,19.062869464649957,,
84.88300323486341,19.202898249906728,,
84.88300323486341,19.342927035163505,,0.0386156365275383
84.88300323486341,19.48295582042028,0.0202662069350481,
84.88300323486341,19.62298460567705,,
84.88300323486341,19.763013390933825,0.0315936096012592,0.0324417427182197
84.88300323486341,19.9030421761906,0.0308183245360851,
84.88300323486341,20.043070961447373,,0.0338189676403999
84.88300323486341,20.183099746704148,,
84.88300323486341,20.32312853196092,0.0173126142472028,
84.88300323486341,20.463157317217696,0.0351763069629669,
84.88300323486341,20.60318610247447,0.0403467901051044,
84.88300323486341,20.743214887731245,,
84.88300323486341,20.88324367298802,0.0441539026796817,0.0337178446352481
84.88300323486341,21.0232724582448,0.0433141663670539,
84.88300323486341,21.16330124350157,,0.0378003716468811
84.88300323486341,21.303330028758342,,0.0326452255249023
84.88300323486341,21.44335881401512,0.0414832979440689,0.0328406579792499
84.88300323486341,21.58338759927189,,0.0313372313976287
84.88300323486341,21.72341638452867,,
84.88300323486341,21.863445169785443,0.0397550202906131,0.0329110659658908
84.88300323486341,22.003473955042217,,0.0400278903543949
84.88300323486341,22.14350274029899,0.0404376909136772,
84.88300323486341,22.28353152555577,,0.0326591171324253
84.88300323486341,22.42356031081254,,0.0335723906755447
84.88300323486341,22.563589096069315,0.0321724750101566,
85.02300323486341,17.80261039733898,,0.0237213168293237
85.02300323486341,17.942639182595755,,
85.02300323486341,18.08266796785253,,
85.02300323486341,18.222696753109304,0.0311482790857553,0.0238506011664867
85.02300323486341,18.36272553836608,0.041143387556076,0.0351391471922397
85.02300323486341,18.50275432362285,,0.0390278734266757
85.02300323486341,18.642783108879627,0.0407562255859375,
85.02300323486341,18.7828118941364,0.0379077717661857,0.0346074402332305
85.02300323486341,18.922840679393172,0.029424550011754,0.0375642515718936
85.02300323486341,19.062869464649957,,
85.02300323486341,19.202898249906728,0.0353142358362674,
85.02300323486341,19.342927035163505,0.027704544365406,0.0208144877105951
85.02300323486341,19.48295582042028,0.0272993389517068,0.0213467814028263
85.02300323486341,19.62298460567705,0.0283225998282432,
85.02300323486341,19.763013390933825,,0.0192220993340015
85.02300323486341,19.9030421761906,,
85.02300323486341,20.043070961447373,,0.0395407788455486
85.02300323486341,20.183099746704148,0.0355256088078022,0.0323127917945385
85.02300323486341,20.32312853196092,,
85.02300323486341,20.463157317217696,,
85.02300323486341,20.60318610247447,0.0265487730503082,0.0436755381524562
85.02300323486341,20.743214887731245,,
85.02300323486341,20.88324367298802,,0.0352445840835571
85.02300323486341,21.0232724582448,,0.0335382707417011
85.02300323486341,21.16330124350157,0.0309488195925951,
85.02300323486341,21.303330028758342,,0.0208263359963893
85.02300323486341,21.44335881401512,0.0293434038758277,
85.02300323486341,21.58338759927189,,0.0315236859023571
85.02300323486341,21.72341638452867,,
85.02300323486341,21.863445169785443,,
85.02300323486341,22.003473955042217,0.0387246087193489,
85.02300323486341,22.14350274029899,,
85.02300323486341,22.28353152555577,0.0428434126079082,
85.02300323486341,22.42356031081254,,
85.02300323486341,22.563589096069315,0.0332044623792171,0.0333226919174194
85.16300323486341,17.80261039733898,,
85.16300323486341,17.942639182595755,,0.031504675745964
85.16300323486341,18.08266796785253,,0.0328151732683181
85.16300323486341,18.222696753109304,0.0380862206220626,
85.16300323486341,18.36272553836608,,0.0355866178870201
85.16300323486341,18.50275432362285,0.0369519032537937,
85.16300323486341,18.642783108879627,,0.0341660566627979
85.16300323486341,18.7828118941364,,0.0312965735793113
85.16300323486341,18.922840679393172,,
85.16300323486341,19.062869464649957,,
85.16300323486341,19.202898249906728,0.0373881608247756,
85.16300323486341,19.342927035163505,0.0354097224771976,
85.16300323486341,19.48295582042028,,0.0299315713346004
85.16300323486341,19.62298460567705,,0.0332406237721443
85.16300323486341,19.763013390933825,,
85.16300323486341,19.9030421761906,0.0339354909956455,0.0386634394526481
85.16300323486341,20.043070961447373,0.0352076888084411,0.0185225214809179
85.16300323486341,20.183099746704148,0.0375388152897357,0.0333368703722953
85.16300323486341,20.32312853196092,0.0311768911778926,0.0315763466060161
85.16300323486341,20.463157317217696,,0.0341082774102687
85.16300323486341,20.60318610247447,,0.038971409201622
85.16300323486341,20.743214887731245,,
85.16300323486341,20.88324367298802,,0.0323728807270526
85.16300323486341,21.0232724582448,,0.032355073839426
85.16300323486341,21.16330124350157,,0.0339769124984741
85.16300323486341,21.303330028758342,,0.0333803743124008
85.16300323486341,21.44335881401512,,
85.16300323486341,21.58338759927189,,
85.16300323486341,21.72341638452867,0.0381899699568748,0.0186654049903154
85.16300323486341,21.863445169785443,0.0373213291168212,
85.16300323486341,22.003473955042217,,0.0345017313957214
85.16300323486341,22.14350274029899,0.0366249568760395,
85.16300323486341,22.28353152555577,,
85.16300323486341,22.42356031081254,,
85.16300323486341,22.563589096069315,0.0283975433558225,0.031737670302391
85.30300323486341,17.80261039733898,0.0350819192826747,0.033011756837368
85.30300323486341,17.942639182595755,0.0367223769426345,0.0336756110191345
85.30300323486341,18.08266796785253,,0.0233093034476041
85.30300323486341,18.222696753109304,0.0363884083926677,
85.30300323486341,18.36272553836608,0.0300839189440011,
85.30300323486341,18.50275432362285,0.0399628840386867,0.0311494302004575
85.30300323486341,18.642783108879627,0.0233595501631498,0.0355189591646194
85.30300323486341,18.7828118941364,0.0406927019357681,
85.30300323486341,18.922840679393172,,
85.30300323486341,19.062869464649957,,0.0340493991971015
85.30300323486341,19.202898249906728,,
85.30300323486341,19.342927035163505,,
85.30300323486341,19.48295582042028,0.0342657752335071,
85.30300323486341,19.62298460567705,0.0184140298515558,0.022195354104042
85.30300323486341,19.763013390933825,0.0445258244872093,
85.30300323486341,19.9030421761906,,0.0406140498816967
85.30300323486341,20.043070961447373,,
85.30300323486341,20.183099746704148,,
85.30300323486341,20.32312853196092,0.0411710664629936,
85.30300323486341,20.463157317217696,0.0380281284451484,0.0296948514878749
85.30300323486341,20.60318610247447,0.0419977568089962,0.0341865234076976
85.30300323486341,20.743214887731245,,
85.30300323486341,20.88324367298802,0.0422530137002468,
85.30300323486341,21.0232724582448,0.0388324223458766,
85.30300323486341,21.16330124350157,0.0391258113086223,
85.30300323486341,21.303330028758342,0.0378609038889408,
85.30300323486341,21.44335881401512,,
85.30300323486341,21.58338759927189,,
85.30300323486341,21.72341638452867,,
85.30300323486341,21.863445169785443,,
85.30300323486341,22.003473955042217,0.0416512787342071,
85.30300323486341,22.14350274029899,0.0385353937745094,0.0391767956316471
85.30300323486341,22.28353152555577,0.0358821228146553,
85.30300323486341,22.42356031081254,0.0432796813547611,0.0334669277071952
85.30300323486341,22.563589096069315,,
85.44300323486341,17.80261039733898,0.0371153689920902,0.0217626392841339
85.44300323486341,17.942639182595755,,0.0334559455513954
85.44300323486341,18.08266796785253,,
85.44300323486341,18.222696753109304,,0.0421957299113273
85.44300323486341,18.36272553836608,0.0346651971340179,
85.44300323486341,18.50275432362285,0.0332989171147346,0.0316127687692642
85.44300323486341,18.642783108879627,0.0191514175385236,0.0353895798325538
85.44300323486341,18.7828118941364,,
85.44300323486341,18.922840679393172,,
85.44300323486341,19.062869464649957,,0.0298132300376892
85.44300323486341,19.202898249906728,0.0415003411471843,0.0379797406494617
85.44300323486341,19.342927035163505,0.0357219539582729,
85.44300323486341,19.48295582042028,0.0375653281807899,
85.44300323486341,19.62298460567705,0.0272262319922447,0.0356357283890247
85.44300323486341,19.763013390933825,0.0364782102406024,0.0350344479084014
85.44300323486341,19.9030421761906,0.0376492775976657,0.0288285128772258
85.44300323486341,20.043070961447373,0.0337369181215763,0.0311787817627191
85.44300323486341,20.183099746704148,,
85.44300323486341,20.32312853196092,,
85.44300323486341,20.463157317217696,0.0350153744220733,0.0352640338242054
85.44300323486341,20.60318610247447,,0.039672739803791
85.44300323486341,20.743214887731245,0.0362600274384021,
85.44300323486341,20.88324367298802,0.0426016226410865,
85.44300323486341,21.0232724582448,0.0275952126830816,0.0378333926200866
85.44300323486341,21.16330124350157,0.0420568399131298,
85.44300323486341,21.303330028758342,,
85.44300323486341,21.44335881401512,,0.0332483910024166
85.44300323486341,21.58338759927189,,
85.44300323486341,21.72341638452867,0.0359090007841587,
85.44300323486341,21.863445169785443,0.0347599685192108,
85.44300323486341,22.003473955042217,0.0410405285656452,0.0344216711819171
85.44300323486341,22.14350274029899,,0.0412374399602413
85.44300323486341,22.28353152555577,0.0424147620797157,0.0292417146265506
85.44300323486341,22.42356031081254,,
85.44300323486341,22.563589096069315,,
85.58300323486341,17.80261039733898,,0.0211967099457979
85.58300323486341,17.942639182595755,,
85.58300323486341,18.08266796785253,,0.0331565290689468
85.58300323486341,18.222696753109304,,
85.58300323486341,18.36272553836608,0.0371206104755401,
85.58300323486341,18.50275432362285,,
85.58300323486341,18.642783108879627,0.0373435877263546,
85.58300323486341,18.7828118941364,0.0385544635355472,
85.58300323486341,18.922840679393172,0.0211782250553369,0.0210623927414417
85.58300323486341,19.062869464649957,0.0370489954948425,0.0367214903235435
85.58300323486341,19.202898249906728,0.0271166823804378,0.0311472918838262
85.58300323486341,19.342927035163505,0.0366645120084285,
85.58300323486341,19.48295582042028,,0.0369179248809814
85.58300323486341,19.62298460567705,0.0208315234631299,0.0316052064299583
85.58300323486341,19.763013390933825,,
85.58300323486341,19.9030421761906,0.0431887470185756,0.0340765379369258
85.58300323486341,20.043070961447373,,0.0384916961193084
85.58300323486341,20.183099746704148,0.0176196489483118,
85.58300323486341,20.32312853196092,0.0232238192111253,0.0214391481131315
85.58300323486341,20.463157317217696,,
85.58300323486341,20.60318610247447,,
85.58300323486341,20.743214887731245,0.0412352867424488,
85.58300323486341,20.88324367298802,0.0266433712095022,0.0312060862779617
85.58300323486341,21.0232724582448,,
85.58300323486341,21.16330124350157,,
85.58300323486341,21.303330028758342,0.0391310863196849,
85.58300323486341,21.44335881401512,0.0179848484694957,
85.58300323486341,21.58338759927189,0.0371744371950626,0.039409939199686
85.58300323486341,21.72341638452867,0.038965355604887,0.0314326025545597
85.58300323486341,21.863445169785443,0.0373036824166774,
85.58300323486341,22.003473955042217,0.0354991406202316,0.034868087619543
85.58300323486341,22.14350274029899,0.0291466787457466,0.0333226919174194
85.58300323486341,22.28353152555577,0.0335246175527572,
85.58300323486341,22.42356031081254,0.0318191610276699,
85.58300323486341,22.563589096069315,0.0416060388088226,0.0325011797249317
85.72300323486341,17.80261039733898,0.0286552831530571,0.0340585932135582
85.72300323486341,17.942639182595755,0.0383193381130695,0.0333040058612823
85.72300323486341,18.08266796785253,,
85.72300323486341,18.222696753109304,0.0391560457646846,0.0382603071630001
85.72300323486341,18.36272553836608,,0.036537479609251
85.72300323486341,18.50275432362285,0.0371351949870586,0.0327316783368587
85.72300323486341,18.642783108879627,,0.0242791473865509
85.72300323486341,18.7828118941364,,
85.72300323486341,18.922840679393172,,
85.72300323486341,19.062869464649957,0.0186499897390604,0.0315927118062973
85.72300323486341,19.202898249906728,,
85.72300323486341,19.342927035163505,0.0361782200634479,
85.72300323486341,19.48295582042028,0.0395398810505867,0.0404736772179603
85.72300323486341,19.62298460567705,,
85.72300323486341,19.763013390933825,0.0401430800557136,
85.72300323486341,19.9030421761906,,
85.72300323486341,20.043070961447373,,
85.72300323486341,20.183099746704148,0.0315765924751758,
85.72300323486341,20.32312853196092,,
85.72300323486341,20.463157317217696,0.0220774132758378,
85.72300323486341,20.60318610247447,0.0314834825694561,
85.72300323486341,20.743214887731245,0.0408969223499298,
85.72300323486341,20.88324367298802,0.0349810533225536,0.0347729697823524
85.72300323486341,21.0232724582448,,
85.72300323486341,21.16330124350157,,
85.72300323486341,21.303330028758342,,0.0342688374221324
85.72300323486341,21.44335881401512,0.0248020235449075,
85.72300323486341,21.58338759927189,,
85.72300323486341,21.72341638452867,0.0316213965415954,
85.72300323486341,21.863445169785443,,0.035370510071516
85.72300323486341,22.003473955042217,,
85.72300323486341,22.14350274029899,,
85.72300323486341,22.28353152555577,,
85.72300323486341,22.42356031081254,,
85.72300323486341,22.563589096069315,0.0316314809024333,
85.86300323486341,17.80261039733898,,
85.86300323486341,17.942639182595755,,0.0369919501245021
85.86300323486341,18.08266796785253,,
85.86300323486341,18.222696753109304,,0.021671675145626
85.86300323486341,18.36272553836608,0.026357190683484,0.0354728437960147
85.86300323486341,18.50275432362285,,
85.86300323486341,18.642783108879627,0.0343068651854991,0.0246168188750743
85.86300323486341,18.7828118941364,,
85.86300323486341,18.922840679393172,,
85.86300323486341,19.062869464649957,,
85.86300323486341,19.202898249906728,0.0349338240921497,0.0362477600574493
85.86300323486341,19.342927035163505,,
85.86300323486341,19.48295582042028,,
85.86300323486341,19.62298460567705,,0.028711138293147
85.86300323486341,19.763013390933825,,0.0291351377964019
85.86300323486341,19.9030421761906,0.0404163040220737,
85.86300323486341,20.043070961447373,0.0362659767270088,
85.86300323486341,20.183099746704148,0.0429390259087085,0.0340982675552368
85.86300323486341,20.32312853196092,0.0385645888745784,0.0316559709608554
85.86300323486341,20.463157317217696,0.0419496484100818,
85.86300323486341,20.60318610247447,,
85.86300323486341,20.743214887731245,,
85.86300323486341,20.88324367298802,,
85.86300323486341,21.0232724582448,0.0385593809187412,
85.86300323486341,21.16330124350157,,0.0307259801775217
85.86300323486341,21.303330028758342,0.035564836114645,
85.86300323486341,21.44335881401512,,0.0319390073418617
85.86300323486341,21.58338759927189,,
85.86300323486341,21.72341638452867,,
85.86300323486341,21.863445169785443,,0.0347750484943389
85.86300323486341,22.003473955042217,0.0354921706020832,
85.86300323486341,22.14350274029899,,0.0341524481773376
85.86300323486341,22.28353152555577,,
85.86300323486341,22.42356031081254,,0.0369733273983001
85.86300323486341,22.563589096069315,0.0328884646296501,0.0300738085061311
86.00300323486341,17.80261039733898,0.0310687161982059,
86.00300323486341,17.942639182595755,,0.0248926300555467
86.00300323486341,18.08266796785253,0.0381434187293052,0.0207432769238948
86.00300323486341,18.222696753109304,,0.0404904708266258
86.00300323486341,18.36272553836608,,0.0302782263606786
86.00300323486341,18.50275432362285,0.0297492463141679,0.0360314883291721
86.00300323486341,18.642783108879627,,0.0326335057616233
86.00300323486341,18.7828118941364,0.0375161804258823,0.0353869572281837
86.00300323486341,18.922840679393172,,
86.00300323486341,19.062869464649957,0.0376532934606075,
86.00300323486341,19.202898249906728,,0.0365811735391616
86.00300323486341,19.342927035163505,0.0369351208209991,0.0218298248946666
86.00300323486341,19.48295582042028,,0.0311671458184719
86.00300323486341,19.62298460567705,0.0380301401019096,
86.00300323486341,19.763013390933825,,
86.00300323486341,19.9030421761906,0.0423779860138893,
86.00300323486341,20.043070961447373,,0.0297834556549787
86.00300323486341,20.183099746704148,,
86.00300323486341,20.32312853196092,0.0346018150448799,0.0345540903508663
86.00300323486341,20.463157317217696,,
86.00300323486341,20.60318610247447,0.0201297178864479,
86.00300323486341,20.743214887731245,0.0401803217828273,
86.00300323486341,20.88324367298802,0.0474190302193164,0.031483419239521
86.00300323486341,21.0232724582448,0.0371436290442943,
86.00300323486341,21.16330124350157,,0.0348597057163715
86.00300323486341,21.303330028758342,0.0350123308598995,
86.00300323486341,21.44335881401512,,
86.00300323486341,21.58338759927189,,
86.00300323486341,21.72341638452867,,
86.00300323486341,21.863445169785443,,
86.00300323486341,22.003473955042217,,
86.00300323486341,22.14350274029899,,
86.00300323486341,22.28353152555577,,0.0372892916202545
86.00300323486341,22.42356031081254,,0.0422512367367744
86.00300323486341,22.563589096069315,,0.0356380715966224
86.14300323486341,17.80261039733898,,
86.14300323486341,17.942639182595755,,
86.14300323486341,18.08266796785253,0.0232056286185979,0.0339495241641998
86.14300323486341,18.222696753109304,0.0296840332448482,0.0320160612463951
86.14300323486341,18.36272553836608,0.0210575759410858,0.0363542139530181
86.14300323486341,18.50275432362285,0.0346382148563861,
86.14300323486341,18.642783108879627,,0.0221164636313915
86.14300323486341,18.7828118941364,0.035743523389101,0.0325315594673156
86.14300323486341,18.922840679393172,,0.0311322193592786
86.14300323486341,19.062869464649957,0.036454439163208,
86.14300323486341,19.202898249906728,,
86.14300323486341,19.342927035163505,0.0342061817646026,0.0374563373625278
86.14300323486341,19.48295582042028,0.0405562333762645,
86.14300323486341,19.62298460567705,,
86.14300323486341,19.763013390933825,0.0381920263171196,0.0317717976868152
86.14300323486341,19.9030421761906,,0.032567624002695
86.14300323486341,20.043070961447373,,
86.14300323486341,20.183099746704148,0.0384263172745704,0.0362639166414737
86.14300323486341,20.32312853196092,,
86.14300323486341,20.463157317217696,,
86.14300323486341,20.60318610247447,,0.0299503579735755
86.14300323486341,20.743214887731245,0.0300871729850769,
86.14300323486341,20.88324367298802,,
86.14300323486341,21.0232724582448,,
86.14300323486341,21.16330124350157,0.0229962449520826,
86.14300323486341,21.303330028758342,,
86.14300323486341,21.44335881401512,,
86.14300323486341,21.58338759927189,,
86.14300323486341,21.72341638452867,,0.0370376482605934
86.14300323486341,21.863445169785443,0.0368548668920993,
86.14300323486341,22.003473955042217,0.0229953620582819,0.0397550761699676
86.14300323486341,22.14350274029899,,
86.14300323486341,22.28353152555577,0.0363807789981365,0.031663678586483
86.14300323486341,22.42356031081254,,
86.14300323486341,22.563589096069315,,0.0297687612473964
86.28300323486341,17.80261039733898,0.0295855402946472,0.0329574830830097
86.28300323486341,17.942639182595755,0.0337649509310722,
86.28300323486341,18.08266796785253,0.0400254763662815,
86.28300323486341,18.222696753109304,0.0274968799203634,0.0362943746149539
86.28300323486341,18.36272553836608,0.0394630543887615,
86.28300323486341,18.50275432362285,0.0282960850745439,0.0349559634923934
86.28300323486341,18.642783108879627,,
86.28300323486341,18.7828118941364,0.0184140298515558,
86.28300323486341,18.922840679393172,0.0327650532126426,
86.28300323486341,19.062869464649957,,0.0324172861874103
86.28300323486341,19.202898249906728,0.0317730158567428,
86.28300323486341,19.342927035163505,0.0215277578681707,
86.28300323486341,19.48295582042028,0.0382518470287323,
86.28300323486341,19.62298460567705,,0.0312710627913475
86.28300323486341,19.763013390933825,,0.0321087539196014
86.28300323486341,19.9030421761906,,
86.28300323486341,20.043070961447373,,
86.28300323486341,20.183099746704148,,
86.28300323486341,20.32312853196092,,
86.28300323486341,20.463157317217696,0.0304403193295002,0.0386375598609447
86.28300323486341,20.60318610247447,0.034624308347702,0.0339080393314361
86.28300323486341,20.743214887731245,0.0383773446083068,
86.28300323486341,20.88324367298802,0.0260245967656373,
86.28300323486341,21.0232724582448,,
86.28300323486341,21.16330124350157,,
86.28300323486341,21.303330028758342,,0.0399861112236976
86.28300323486341,21.44335881401512,,0.0343153737485408
86.28300323486341,21.58338759927189,0.0446878522634506,
86.28300323486341,21.72341638452867,,
86.28300323486341,21.863445169785443,,0.0194145571440458
86.28300323486341,22.003473955042217,0.0388709940016269,0.0333059914410114
86.28300323486341,22.14350274029899,0.0374779179692268,
86.28300323486341,22.28353152555577,,0.0318856053054332
86.28300323486341,22.42356031081254,,
86.28300323486341,22.563589096069315,,
86.42300323486342,17.80261039733898,,0.032701451331377
86.42300323486342,17.942639182595755,0.02952316775918,0.0323297120630741
86.42300323486342,18.08266796785253,0.0272039696574211,
86.42300323486342,18.222696753109304,0.0395277515053749,0.0190200451761484
86.42300323486342,18.36272553836608,0.0385630279779434,0.033295452594757
86.42300323486342,18.50275432362285,,0.0359085910022258
86.42300323486342,18.642783108879627,,0.0342286303639411
86.42300323486342,18.7828118941364,,0.0365026630461216
86.42300323486342,18.922840679393172,,0.0371439941227436
86.42300323486342,19.062869464649957,,0.0370827913284301
86.42300323486342,19.202898249906728,0.0350203961133956,
86.42300323486342,19.342927035163505,,0.0333519652485847
86.42300323486342,19.48295582042028,,
86.42300323486342,19.62298460567705,,0.0325539261102676
86.42300323486342,19.763013390933825,,
86.42300323486342,19.9030421761906,,
86.42300323486342,20.043070961447373,,0.0356575325131416
86.42300323486342,20.183099746704148,,
86.42300323486342,20.32312853196092,,
86.42300323486342,20.463157317217696,0.0395960845053195,
86.42300323486342,20.60318610247447,0.0433469712734222,
86.42300323486342,20.743214887731245,,
86.42300323486342,20.88324367298802,0.0371904224157333,0.0338086038827896
86.42300323486342,21.0232724582448,0.0397518649697303,
86.42300323486342,21.16330124350157,0.0299866795539855,
86.42300323486342,21.303330028758342,0.0371160581707954,
86.42300323486342,21.44335881401512,,
86.42300323486342,21.58338759927189,0.0350107923150062,0.0357639826834201
86.42300323486342,21.72341638452867,,
86.42300323486342,21.863445169785443,,
86.42300323486342,22.003473955042217,,
86.42300323486342,22.14350274029899,0.033810906112194,0.0402775220572948
86.42300323486342,22.28353152555577,0.0377060063183307,
86.42300323486342,22.42356031081254,0.027584470808506,0.0337097831070423
86.42300323486342,22.563589096069315,,0.0348772890865802
86.56300323486342,17.80261039733898,,0.0229825470596551
86.56300323486342,17.942639182595755,,0.0328768528997898
86.56300323486342,18.08266796785253,0.0374541282653808,0.034725084900856
86.56300323486342,18.222696753109304,0.0389545187354087,
86.56300323486342,18.36272553836608,0.0413228645920753,0.0358975194394588
86.56300323486342,18.50275432362285,,0.0351318717002868
86.56300323486342,18.642783108879627,0.0337354578077793,
86.56300323486342,18.7828118941364,,
86.56300323486342,18.922840679393172,0.0375093184411525,
86.56300323486342,19.062869464649957,0.0389052219688892,
86.56300323486342,19.202898249906728,0.0283666756004095,0.0345630124211311
86.56300323486342,19.342927035163505,0.0371726937592029,0.0345403216779232
86.56300323486342,19.48295582042028,,0.0351281687617301
86.56300323486342,19.62298460567705,0.0406405441462993,
86.56300323486342,19.763013390933825,,
86.56300323486342,19.9030421761906,,0.0304073728621006
86.56300323486342,20.043070961447373,0.0391040444374084,
86.56300323486342,20.183099746704148,,
86.56300323486342,20.32312853196092,0.0359203107655048,
86.56300323486342,20.463157317217696,0.0331326536834239,
86.56300323486342,20.60318610247447,,
86.56300323486342,20.743214887731245,0.0428695045411586,
86.56300323486342,20.88324367298802,0.0340591445565223,0.0334758795797824
86.56300323486342,21.0232724582448,0.0411205813288688,
86.56300323486342,21.16330124350157,,0.0363440699875354
86.56300323486342,21.303330028758342,0.033560886979103,
86.56300323486342,21.44335881401512,,0.0243676099926233
86.56300323486342,21.58338759927189,,
86.56300323486342,21.72341638452867,,
86.56300323486342,21.863445169785443,,
86.56300323486342,22.003473955042217,,0.0342086292803287
86.56300323486342,22.14350274029899,,
86.56300323486342,22.28353152555577,,
86.56300323486342,22.42356031081254,0.0169728975743055,
86.56300323486342,22.563589096069315,,
86.70300323486342,17.80261039733898,0.036431435495615,
86.70300323486342,17.942639182595755,,
86.70300323486342,18.08266796785253,0.0422890149056911,0.0346924141049385
86.70300323486342,18.222696753109304,0.0350283905863761,0.0306434836238622
86.70300323486342,18.36272553836608,0.0344947688281536,
86.70300323486342,18.50275432362285,,
86.70300323486342,18.642783108879627,,
86.70300323486342,18.7828118941364,,
86.70300323486342,18.922840679393172,,0.0366904065012931
86.70300323486342,19.062869464649957,0.0315252728760242,0.0355635955929756
86.70300323486342,19.202898249906728,,
86.70300323486342,19.342927035163505,,0.0353179685771465
86.70300323486342,19.48295582042028,,
86.70300323486342,19.62298460567705,0.0313066989183425,0.0340985618531703
86.70300323486342,19.763013390933825,,
86.70300323486342,19.9030421761906,0.0310283582657575,
86.70300323486342,20.043070961447373,0.0404853858053684,
86.70300323486342,20.183099746704148,0.0337854921817779,
86.70300323486342,20.32312853196092,0.021755950525403,
86.70300323486342,20.463157317217696,,
86.70300323486342,20.60318610247447,,
86.70300323486342,20.743214887731245,0.0319028794765472,
86.70300323486342,20.88324367298802,,0.0346311219036579
86.70300323486342,21.0232724582448,,
86.70300323486342,21.16330124350157,,
86.70300323486342,21.303330028758342,,
86.70300323486342,21.44335881401512,0.0339009575545787,
86.70300323486342,21.58338759927189,,
86.70300323486342,21.72341638452867,0.0396399684250354,
86.70300323486342,21.863445169785443,,0.0364084057509899
86.70300323486342,22.003473955042217,,0.0393515825271606
86.70300323486342,22.14350274029899,,0.0355619490146636
86.70300323486342,22.28353152555577,0.0431372672319412,0.039066769182682
86.70300323486342,22.42356031081254,,0.0352976769208908
86.70300323486342,22.563589096069315,,0.0353560931980609
86.84300323486342,17.80261039733898,0.0372469276189804,
86.84300323486342,17.942639182595755,,0.0301552023738622
86.84300323486342,18.08266796785253,,
86.84300323486342,18.222696753109304,0.0368181057274341,0.0336090438067913
86.84300323486342,18.36272553836608,0.0217929184436798,
86.84300323486342,18.50275432362285,0.0370673574507236,
86.84300323486342,18.642783108879627,,
86.84300323486342,18.7828118941364,,
86.84300323486342,18.922840679393172,,
86.84300323486342,19.062869464649957,0.0335024408996105,0.0335021428763866
86.84300323486342,19.202898249906728,0.042577888816595,
86.84300323486342,19.342927035163505,0.0421778857707977,
86.84300323486342,19.48295582042028,,
86.84300323486342,19.62298460567705,0.0406344905495643,0.0361079461872577
86.84300323486342,19.763013390933825,,
86.84300323486342,19.9030421761906,0.0171952079981565,
86.84300323486342,20.043070961447373,,
86.84300323486342,20.183099746704148,0.0412807390093803,
86.84300323486342,20.32312853196092,0.041277602314949,0.0370466448366642
86.84300323486342,20.463157317217696,,
86.84300323486342,20.60318610247447,,
86.84300323486342,20.743214887731245,0.0354494117200374,
86.84300323486342,20.88324367298802,,0.0335208512842655
86.84300323486342,21.0232724582448,0.0333134308457374,0.0356792286038398
86.84300323486342,21.16330124350157,,
86.84300323486342,21.303330028758342,0.039272803813219,0.0344084315001964
86.84300323486342,21.44335881401512,0.023495802655816,
86.84300323486342,21.58338759927189,,
86.84300323486342,21.72341638452867,0.0457090213894844,
86.84300323486342,21.863445169785443,0.0404978282749652,
86.84300323486342,22.003473955042217,0.0410130582749843,
86.84300323486342,22.14350274029899,0.0487473718822002,0.0349482670426368
86.84300323486342,22.28353152555577,,
86.84300323486342,22.42356031081254,,
86.84300323486342,22.563589096069315,,
86.98300323486342,17.80261039733898,0.0392129980027675,0.0304920058697462
86.98300323486342,17.942639182595755,0.0359655171632766,
86.98300323486342,18.08266796785253,,
86.98300323486342,18.222696753109304,0.0334158428013324,
86.98300323486342,18.36272553836608,0.0371527522802352,0.0341193489730358
86.98300323486342,18.50275432362285,,
86.98300323486342,18.642783108879627,0.0397024862468242,0.0347487591207027
86.98300323486342,18.7828118941364,,0.0329532139003276
86.98300323486342,18.922840679393172,,0.0326307825744152
86.98300323486342,19.062869464649957,,0.0278558284044265
86.98300323486342,19.202898249906728,,0.0400710292160511
86.98300323486342,19.342927035163505,0.0362813249230384,
86.98300323486342,19.48295582042028,0.0370850265026092,0.0281935445964336
86.98300323486342,19.62298460567705,0.027893166989088,0.0378402657806873
86.98300323486342,19.763013390933825,,
86.98300323486342,19.9030421761906,,0.0363968759775161
86.98300323486342,20.043070961447373,0.0384334176778793,
86.98300323486342,20.183099746704148,,0.0183962173759937
86.98300323486342,20.32312853196092,,
86.98300323486342,20.463157317217696,,0.0387708395719528
86.98300323486342,20.60318610247447,0.0319860465824604,
86.98300323486342,20.743214887731245,,
86.98300323486342,20.88324367298802,,
86.98300323486342,21.0232724582448,0.0343203581869602,0.0384627431631088
86.98300323486342,21.16330124350157,,
86.98300323486342,21.303330028758342,0.0321725979447364,0.0365156531333923
86.98300323486342,21.44335881401512,,
86.98300323486342,21.58338759927189,0.043492916971445,
86.98300323486342,21.72341638452867,,
86.98300323486342,21.863445169785443,0.0393604226410388,
86.98300323486342,22.003473955042217,0.0381385274231433,0.0321058332920074
86.98300323486342,22.14350274029899,0.0320493057370185,0.0326507315039634
86.98300323486342,22.28353152555577,,
86.98300323486342,22.42356031081254,,
86.98300323486342,22.563589096069315,,0.0312738940119743
87.12300323486342,17.80261039733898,,0.0336180552840232
87.12300323486342,17.942639182595755,0.0294014755636453,0.037736177444458
87.12300323486342,18.08266796785253,0.0338437221944332,
87.12300323486342,18.222696753109304,0.0336560122668743,0.0355545878410339
87.12300323486342,18.36272553836608,,
87.12300323486342,18.50275432362285,0.0453078746795654,
87.12300323486342,18.642783108879627,,
87.12300323486342,18.7828118941364,,0.0379900746047496
87.12300323486342,18.922840679393172,,
87.12300323486342,19.062869464649957,,
87.12300323486342,19.202898249906728,,0.037241980433464
87.12300323486342,19.342927035163505,,
87.12300323486342,19.48295582042028,,
87.12300323486342,19.62298460567705,0.0319731086492538,
87.12300323486342,19.763013390933825,,0.035360999405384
87.12300323486342,19.9030421761906,0.0360269583761692,0.0339919663965702
87.12300323486342,20.043070961447373,0.0352238044142723,0.0374087058007717
87.12300323486342,20.183099746704148,,0.0341008827090263
87.12300323486342,20.32312853196092,,
87.12300323486342,20.463157317217696,0.0327539481222629,0.0407681874930858
87.12300323486342,20.60318610247447,0.0328943617641925,
87.12300323486342,20.743214887731245,0.0308797247707843,
87.12300323486342,20.88324367298802,,0.0329751186072826
87.12300323486342,21.0232724582448,0.0336078852415084,0.0363713949918746
87.12300323486342,21.16330124350157,0.0362306013703346,0.0357990302145481
87.12300323486342,21.303330028758342,,
87.12300323486342,21.44335881401512,,
87.12300323486342,21.58338759927189,0.0334231667220592,
87.12300323486342,21.72341638452867,0.0318870618939399,0.0350352637469768
87.12300323486342,21.863445169785443,,
87.12300323486342,22.003473955042217,,0.0320191942155361
87.12300323486342,22.14350274029899,,0.0335032641887664
87.12300323486342,22.28353152555577,,0.0360230095684528
87.12300323486342,22.42356031081254,,
87.12300323486342,22.563589096069315,,
87.26300323486342,17.80261039733898,,0.027929525822401
87.26300323486342,17.942639182595755,0.0376540981233119,0.036510981619358
87.26300323486342,18.08266796785253,,
87.26300323486342,18.222696753109304,0.0367697104811668,0.0316956415772438
87.26300323486342,18.36272553836608,,0.0340902097523212
87.26300323486342,18.50275432362285,0.0380409806966781,
87.26300323486342,18.642783108879627,0.0219804383814334,
87.26300323486342,18.7828118941364,0.0289120841771364,0.0277384202927351
87.26300323486342,18.922840679393172,,0.0325539261102676
87.26300323486342,19.062869464649957,,
87.26300323486342,19.202898249906728,0.0185823384672403,
87.26300323486342,19.342927035163505,,0.03413587808609
87.26300323486342,19.48295582042028,,0.0308630615472793
87.26300323486342,19.62298460567705,,
87.26300323486342,19.763013390933825,0.0169623922556638,0.0387388840317726
87.26300323486342,19.9030421761906,,
87.26300323486342,20.043070961447373,0.0344406813383102,
87.26300323486342,20.183099746704148,0.0269027221947908,0.0338456444442272
87.26300323486342,20.32312853196092,0.0420054979622364,
87.26300323486342,20.463157317217696,0.0370899923145771,0.0308209639042615
87.26300323486342,20.60318610247447,,0.0352636985480785
87.26300323486342,20.743214887731245,0.0401827879250049,0.0331221744418144
87.26300323486342,20.88324367298802,,0.0338872522115707
87.26300323486342,21.0232724582448,0.0309121031314134,
87.26300323486342,21.16330124350157,,
87.26300323486342,21.303330028758342,,
87.26300323486342,21.44335881401512,,0.0275880862027406
87.26300323486342,21.58338759927189,0.0336509943008422,0.0341964364051818
87.26300323486342,21.72341638452867,0.0451230369508266,
87.26300323486342,21.863445169785443,,
87.26300323486342,22.003473955042217,0.0376457385718822,0.0324831381440162
87.26300323486342,22.14350274029899,,0.0362397283315658
87.26300323486342,22.28353152555577,0.0341800041496753,0.0331152454018592
87.26300323486342,22.42356031081254,,
87.26300323486342,22.563589096069315,0.0458263233304023,0.0311061423271894
87.40300323486342,17.80261039733898,,0.0372427403926849
87.40300323486342,17.942639182595755,0.0368635803461074,0.0229806806892156
87.40300323486342,18.08266796785253,0.041449911892414,
87.40300323486342,18.222696753109304,,
87.40300323486342,18.36272553836608,0.0356696173548698,
87.40300323486342,18.50275432362285,,
87.40300323486342,18.642783108879627,0.0184969380497932,
87.40300323486342,18.7828118941364,0.035751175135374,0.0330223403871059
87.40300323486342,18.922840679393172,,0.0340244211256504
87.40300323486342,19.062869464649957,0.0423089899122715,0.0406685546040535
87.40300323486342,19.202898249906728,0.0431264638900756,0.033091302961111
87.40300323486342,19.342927035163505,0.0408065728843212,0.0353606007993221
87.40300323486342,19.48295582042028,,
87.40300323486342,19.62298460567705,0.0354343764483928,
87.40300323486342,19.763013390933825,0.0341921374201774,0.0340621881186962
87.40300323486342,19.9030421761906,,
87.40300323486342,20.043070961447373,0.037522304803133,
87.40300323486342,20.183099746704148,,
87.40300323486342,20.32312853196092,,
87.40300323486342,20.463157317217696,0.0390818230807781,
87.40300323486342,20.60318610247447,0.0387909933924675,
87.40300323486342,20.743214887731245,,0.0352129302918911
87.40300323486342,20.88324367298802,0.0387926064431667,
87.40300323486342,21.0232724582448,,0.0342000052332878
87.40300323486342,21.16330124350157,,
87.40300323486342,21.303330028758342,0.0186545643955469,
87.40300323486342,21.44335881401512,0.0352372229099273,0.0422748811542987
87.40300323486342,21.58338759927189,0.0366587787866592,
87.40300323486342,21.72341638452867,,
87.40300323486342,21.863445169785443,0.0372628830373287,0.0332666337490081
87.40300323486342,22.003473955042217,,0.029900062829256
87.40300323486342,22.14350274029899,,
87.40300323486342,22.28353152555577,,0.0306528378278017
87.40300323486342,22.42356031081254,,
87.40300323486342,22.563589096069315,,
