longitude,latitude,So2_value(mol/m^2)
85.8263626098634,21.539445877075195,0.00027610824326984584
85.8263626098634,21.66033067094519,-0.00015399600670207292
85.8263626098634,21.78121546481518,0.0003752898483071476
85.8263626098634,21.902100258685174,-2.120048702636268e-05
85.8263626098634,22.022985052555168,0.00047254268429242074
85.8263626098634,22.14386984642516,0.0005278592579998076
85.8263626098634,22.264754640295152,-3.4580709325382486e-05
85.8263626098634,22.385639434165142,-0.000986045110039413
85.8263626098634,22.50652422803514,-0.00033137662103399634
85.8263626098634,22.62740902190513,-0.000684165395796299
85.8263626098634,22.748293815775124,-0.0004900170606561005
85.8263626098634,22.86917860964512,-0.000472190382424742
85.8263626098634,22.990063403515112,-0.0004125413252040744
85.8263626098634,23.110948197385103,0.00028062635101377964
85.8263626098634,23.231832991255096,0.00029417683253996074
85.8263626098634,23.35271778512509,0.0001522917445981875
85.8263626098634,23.473602578995084,0.00028386834310367703
85.8263626098634,23.594487372865075,-8.437978249276057e-05
85.8263626098634,23.71537216673507,0.00019962509395554662
85.8263626098634,23.836256960605063,-0.00048480479745194316
85.8263626098634,23.957141754475053,0.00028125636163167655
85.8263626098634,24.078026548345047,-0.0002139232528861612
85.8263626098634,24.19891134221504,-0.0003613611916080117
85.8263626098634,24.319796136085035,9.012719237944111e-05
85.8263626098634,24.440680929955025,-5.111232167109847e-05
85.8263626098634,24.56156572382502,-0.00033092437661252916
85.8263626098634,24.682450517695013,2.5577643100405112e-05
85.8263626098634,24.803335311565007,-0.0001220738049596548
85.8263626098634,24.924220105435,8.47424307721667e-05
85.8263626098634,25.04510489930499,-0.0005565109895542264
85.8263626098634,25.165989693174986,-0.005332230590283871
85.8263626098634,25.286874487044976,-0.0001774195407051593
85.8263626098634,25.40775928091497,-0.00031515926821157336
85.8263626098634,25.528644074784964,-0.0006051231757737696
85.8263626098634,25.649528868654954,-0.00010151754395337775
85.8263626098634,25.77041366252495,-0.000662968319375068
85.8263626098634,25.891298456394946,0.0013189109740778804
85.8263626098634,26.012183250264936,
85.8263626098634,26.13306804413493,0.0003880943404510617
85.8263626098634,26.25395283800492,-0.00036299851490184665
85.8263626098634,26.374837631874914,0.00032711843959987164
85.8263626098634,26.49572242574491,-0.00037406920455396175
85.8263626098634,26.6166072196149,0.0002961095597129315
85.8263626098634,26.737492013484893,-2.9687220376217738e-05
85.8263626098634,26.858376807354887,5.803112344437977e-06
85.8263626098634,26.97926160122488,0.00014204854960553348
85.8263626098634,27.10014639509487,-0.0002371703158132732
85.8263626098634,27.221031188964865,
85.9463626098634,21.539445877075195,0.0006957461591809988
85.9463626098634,21.66033067094519,-0.00020961178233847022
85.9463626098634,21.78121546481518,-0.0003811948117800057
85.9463626098634,21.902100258685174,6.906074122525752e-05
85.9463626098634,22.022985052555168,7.315620314329863e-05
85.9463626098634,22.14386984642516,0.0004392413829918951
85.9463626098634,22.264754640295152,0.000548003998119384
85.9463626098634,22.385639434165142,-0.00047966520651243627
85.9463626098634,22.50652422803514,0.00015757755318190902
85.9463626098634,22.62740902190513,-0.00016545453399885446
85.9463626098634,22.748293815775124,-0.0001451449206797406
85.9463626098634,22.86917860964512,-0.0005823642713949084
85.9463626098634,22.990063403515112,-0.000525275245308876
85.9463626098634,23.110948197385103,0.0011443552793934941
85.9463626098634,23.231832991255096,-0.00019465683726593852
85.9463626098634,23.35271778512509,0.0002938849211204797
85.9463626098634,23.473602578995084,0.00044330389937385917
85.9463626098634,23.594487372865075,-0.0004565751296468079
85.9463626098634,23.71537216673507,4.9534628487890586e-05
85.9463626098634,23.836256960605063,
85.9463626098634,23.957141754475053,0.00021961859602015465
85.9463626098634,24.078026548345047,0.0005646465579047799
85.9463626098634,24.19891134221504,0.00011100913252448663
85.9463626098634,24.319796136085035,0.00015283824177458882
85.9463626098634,24.440680929955025,0.0005936207016929984
85.9463626098634,24.56156572382502,-6.596667662961408e-05
85.9463626098634,24.682450517695013,3.0508132113027386e-05
85.9463626098634,24.803335311565007,0.00031380681321024895
85.9463626098634,24.924220105435,-0.00016526994295418262
85.9463626098634,25.04510489930499,0.0007258232217282057
85.9463626098634,25.165989693174986,-0.00014488624583464116
85.9463626098634,25.286874487044976,0.000870961113832891
85.9463626098634,25.40775928091497,-0.00034865099587477744
85.9463626098634,25.528644074784964,0.0005662523908540606
85.9463626098634,25.649528868654954,0.0004919309285469353
85.9463626098634,25.77041366252495,0.00023593995138071477
85.9463626098634,25.891298456394946,-0.00019482769130263478
85.9463626098634,26.012183250264936,-0.0006435562972910702
85.9463626098634,26.13306804413493,-0.00043002827442251146
85.9463626098634,26.25395283800492,0.0005571093061007559
85.9463626098634,26.374837631874914,0.0003281284589320421
85.9463626098634,26.49572242574491,0.0012437633704394102
85.9463626098634,26.6166072196149,-0.00012286628771107644
85.9463626098634,26.737492013484893,0.0004962170496582985
85.9463626098634,26.858376807354887,7.60763869038783e-05
85.9463626098634,26.97926160122488,2.7309682991472073e-05
85.9463626098634,27.10014639509487,0.00019762634474318475
85.9463626098634,27.221031188964865,0.0007274649105966091
86.0663626098634,21.539445877075195,0.0002775302855297923
86.0663626098634,21.66033067094519,0.00020941358525305986
86.0663626098634,21.78121546481518,0.00041076820343732834
86.0663626098634,21.902100258685174,-0.0003794859803747386
86.0663626098634,22.022985052555168,0.000492439023219049
86.0663626098634,22.14386984642516,-1.7989002287777112e-07
86.0663626098634,22.264754640295152,-0.0001651607162784785
86.0663626098634,22.385639434165142,-3.2912834285525605e-05
86.0663626098634,22.50652422803514,0.0002639117301441729
86.0663626098634,22.62740902190513,0.0002777456829790026
86.0663626098634,22.748293815775124,0.0005823644460178912
86.0663626098634,22.86917860964512,0.0003451098455116153
86.0663626098634,22.990063403515112,-0.0002230314421467483
86.0663626098634,23.110948197385103,0.0002882310363929719
86.0663626098634,23.231832991255096,0.0006524065393023193
86.0663626098634,23.35271778512509,-0.0008096625679172575
86.0663626098634,23.473602578995084,0.00017183485033456236
86.0663626098634,23.594487372865075,-3.725403803400695e-05
86.0663626098634,23.71537216673507,0.00023816889734007418
86.0663626098634,23.836256960605063,-0.000613639538642019
86.0663626098634,23.957141754475053,0.0002555235696490854
86.0663626098634,24.078026548345047,-0.00021301954984664917
86.0663626098634,24.19891134221504,-0.000263918045675382
86.0663626098634,24.319796136085035,0.00018091355741489679
86.0663626098634,24.440680929955025,-0.0006187682156451046
86.0663626098634,24.56156572382502,-7.015016478817415e-08
86.0663626098634,24.682450517695013,7.2517927037552e-05
86.0663626098634,24.803335311565007,-0.0001391715632053092
86.0663626098634,24.924220105435,0.0003431907098274678
86.0663626098634,25.04510489930499,-8.87607820914127e-05
86.0663626098634,25.165989693174986,-0.0004494429158512503
86.0663626098634,25.286874487044976,-3.0496621548081748e-05
86.0663626098634,25.40775928091497,0.0027535422705113888
86.0663626098634,25.528644074784964,0.0005987734184600413
86.0663626098634,25.649528868654954,3.406028190511279e-05
86.0663626098634,25.77041366252495,0.00026700040325522423
86.0663626098634,25.891298456394946,0.00032343631028197706
86.0663626098634,26.012183250264936,0.0004142213147133589
86.0663626098634,26.13306804413493,0.00015044462634250522
86.0663626098634,26.25395283800492,0.00018338783411309123
86.0663626098634,26.374837631874914,-0.0005285870283842087
86.0663626098634,26.49572242574491,0.0005479370593093336
86.0663626098634,26.6166072196149,0.0005075265071354806
86.0663626098634,26.737492013484893,-0.0006266914424486458
86.0663626098634,26.858376807354887,-0.0003307857259642333
86.0663626098634,26.97926160122488,2.811860031215474e-05
86.0663626098634,27.10014639509487,6.862414920760784e-06
86.0663626098634,27.221031188964865,-9.140044858213514e-05
86.18636260986341,21.539445877075195,0.00037118964246474206
86.18636260986341,21.66033067094519,7.455470768036321e-05
86.18636260986341,21.78121546481518,-0.00032386049861088395
86.18636260986341,21.902100258685174,8.908250310923904e-05
86.18636260986341,22.022985052555168,-3.1369436328532174e-05
86.18636260986341,22.14386984642516,-0.00023686219356022775
86.18636260986341,22.264754640295152,0.00010564730473561212
86.18636260986341,22.385639434165142,0.00030331319430842996
86.18636260986341,22.50652422803514,-0.0002656403521541506
86.18636260986341,22.62740902190513,0.00048484717262908816
86.18636260986341,22.748293815775124,0.00036562257446348667
86.18636260986341,22.86917860964512,0.0003797510580625385
86.18636260986341,22.990063403515112,-0.000379091507056728
86.18636260986341,23.110948197385103,9.999766916735098e-05
86.18636260986341,23.231832991255096,0.00012900690489914268
86.18636260986341,23.35271778512509,-0.0010357183637097478
86.18636260986341,23.473602578995084,0.00035604447475634515
86.18636260986341,23.594487372865075,0.00035177363315597177
86.18636260986341,23.71537216673507,-2.820448935381137e-05
86.18636260986341,23.836256960605063,7.797763828421012e-06
86.18636260986341,23.957141754475053,0.0006017727428115904
86.18636260986341,24.078026548345047,-6.980195757932961e-05
86.18636260986341,24.19891134221504,-0.0004024117370136082
86.18636260986341,24.319796136085035,0.0004640108672901988
86.18636260986341,24.440680929955025,-0.0003510926035232842
86.18636260986341,24.56156572382502,2.653001865837723e-05
86.18636260986341,24.682450517695013,-0.00023272585531231016
86.18636260986341,24.803335311565007,-0.00041798403253778815
86.18636260986341,24.924220105435,6.0582875448744744e-05
86.18636260986341,25.04510489930499,0.0004062618827447295
86.18636260986341,25.165989693174986,0.00018922291928902268
86.18636260986341,25.286874487044976,0.0006973885465413332
86.18636260986341,25.40775928091497,-0.0006769219180569053
86.18636260986341,25.528644074784964,0.00020260167366359383
86.18636260986341,25.649528868654954,0.000444238685304299
86.18636260986341,25.77041366252495,-0.00038823435897938907
86.18636260986341,25.891298456394946,8.160931770362367e-07
86.18636260986341,26.012183250264936,0.0006413153605535626
86.18636260986341,26.13306804413493,-0.0003918318834621459
86.18636260986341,26.25395283800492,0.0009207376278936863
86.18636260986341,26.374837631874914,-0.00012436376709956676
86.18636260986341,26.49572242574491,-0.0001556938950670883
86.18636260986341,26.6166072196149,0.0003686093259602785
86.18636260986341,26.737492013484893,0.0004377845034468919
86.18636260986341,26.858376807354887,-0.0008587384363636374
86.18636260986341,26.97926160122488,-4.257788077666191e-06
86.18636260986341,27.10014639509487,0.0010980837978422642
86.18636260986341,27.221031188964865,0.0002780359354801476
86.30636260986341,21.539445877075195,0.0012438761768862605
86.30636260986341,21.66033067094519,8.329121192218736e-05
86.30636260986341,21.78121546481518,-8.543741569155827e-05
86.30636260986341,21.902100258685174,-0.0006565413787029684
86.30636260986341,22.022985052555168,0.0003187630500178784
86.30636260986341,22.14386984642516,0.001033641747198999
86.30636260986341,22.264754640295152,5.2289975428720936e-05
86.30636260986341,22.385639434165142,4.098109275219031e-05
86.30636260986341,22.50652422803514,-0.00028651373577304184
86.30636260986341,22.62740902190513,-3.983811620855704e-05
86.30636260986341,22.748293815775124,0.00014915538486093283
86.30636260986341,22.86917860964512,-0.0004724559548776597
86.30636260986341,22.990063403515112,6.418153498088941e-05
86.30636260986341,23.110948197385103,0.0006555897416546941
86.30636260986341,23.231832991255096,0.00016620074165984988
86.30636260986341,23.35271778512509,0.00029674050165340304
86.30636260986341,23.473602578995084,3.821951395366341e-05
86.30636260986341,23.594487372865075,-0.000157068861881271
86.30636260986341,23.71537216673507,0.0011809754651039839
86.30636260986341,23.836256960605063,0.00024927413323894143
86.30636260986341,23.957141754475053,-0.00033132819226011634
86.30636260986341,24.078026548345047,-0.0008469795575365424
86.30636260986341,24.19891134221504,-0.0004108219873160124
86.30636260986341,24.319796136085035,0.00016904776566661894
86.30636260986341,24.440680929955025,5.185059126233682e-05
86.30636260986341,24.56156572382502,-0.0001346920762443915
86.30636260986341,24.682450517695013,-9.933984983945265e-06
86.30636260986341,24.803335311565007,-0.0003810570342466235
86.30636260986341,24.924220105435,0.00012641552893910557
86.30636260986341,25.04510489930499,-0.00010743866732809693
86.30636260986341,25.165989693174986,0.0007252605282701552
86.30636260986341,25.286874487044976,-0.00021154573187232018
86.30636260986341,25.40775928091497,0.0010512374574318528
86.30636260986341,25.528644074784964,0.00019062019418925047
86.30636260986341,25.649528868654954,-2.628479887789581e-05
86.30636260986341,25.77041366252495,-0.00015541088941972703
86.30636260986341,25.891298456394946,0.0006826916360296309
86.30636260986341,26.012183250264936,5.6269280321430415e-05
86.30636260986341,26.13306804413493,-0.00010002197814173996
86.30636260986341,26.25395283800492,-3.9783681131666526e-05
86.30636260986341,26.374837631874914,-9.488117939326912e-06
86.30636260986341,26.49572242574491,-5.0678965635597706e-05
86.30636260986341,26.6166072196149,7.626489968970418e-05
86.30636260986341,26.737492013484893,-0.0001559881493449211
86.30636260986341,26.858376807354887,0.0014067275915294886
86.30636260986341,26.97926160122488,8.905792492441833e-05
86.30636260986341,27.10014639509487,0.00031063880305737257
86.30636260986341,27.221031188964865,0.0008330877753905952
86.42636260986342,21.539445877075195,-5.780078572570346e-05
86.42636260986342,21.66033067094519,-0.00033087629708461463
86.42636260986342,21.78121546481518,-0.00019748331396840513
86.42636260986342,21.902100258685174,-0.00010842750634765252
86.42636260986342,22.022985052555168,0.00028486826340667903
86.42636260986342,22.14386984642516,-0.00011325825471431017
86.42636260986342,22.264754640295152,-0.00043558020843192935
86.42636260986342,22.385639434165142,
86.42636260986342,22.50652422803514,0.00017482982366345823
86.42636260986342,22.62740902190513,5.796517143608071e-05
86.42636260986342,22.748293815775124,0.0002155448164558038
86.42636260986342,22.86917860964512,0.0001221585989696905
86.42636260986342,22.990063403515112,0.0014769142726436257
86.42636260986342,23.110948197385103,0.00021937789279036224
86.42636260986342,23.231832991255096,-0.0002886320580728352
86.42636260986342,23.35271778512509,-0.00026852654991671443
86.42636260986342,23.473602578995084,
86.42636260986342,23.594487372865075,-6.763189594494179e-05
86.42636260986342,23.71537216673507,-2.4735436454648152e-05
86.42636260986342,23.836256960605063,0.00010145734995603561
86.42636260986342,23.957141754475053,0.00026284754858352244
86.42636260986342,24.078026548345047,-0.00013064059021417052
86.42636260986342,24.19891134221504,-0.0005844002007506788
86.42636260986342,24.319796136085035,0.0008947987225838006
86.42636260986342,24.440680929955025,0.0015461635775864124
86.42636260986342,24.56156572382502,-7.649548933841288e-05
86.42636260986342,24.682450517695013,0.00013403038610704243
86.42636260986342,24.803335311565007,
86.42636260986342,24.924220105435,0.00021704926621168852
86.42636260986342,25.04510489930499,0.00025201463722623885
86.42636260986342,25.165989693174986,0.00023100677935872227
86.42636260986342,25.286874487044976,-0.00010594076593406498
86.42636260986342,25.40775928091497,5.826618507853709e-05
86.42636260986342,25.528644074784964,-0.00028646778082475066
86.42636260986342,25.649528868654954,0.0004683395673055202
86.42636260986342,25.77041366252495,
86.42636260986342,25.891298456394946,-0.0008430852903984487
86.42636260986342,26.012183250264936,6.254208710743114e-05
86.42636260986342,26.13306804413493,9.652893822931219e-06
86.42636260986342,26.25395283800492,-0.00027935655089095235
86.42636260986342,26.374837631874914,0.0005223766202107072
86.42636260986342,26.49572242574491,0.0008792363223619759
86.42636260986342,26.6166072196149,-0.000162643424118869
86.42636260986342,26.737492013484893,0.00020152969227638096
86.42636260986342,26.858376807354887,4.8605535994283855e-05
86.42636260986342,26.97926160122488,9.663632954470813e-05
86.42636260986342,27.10014639509487,0.00011847943824250251
86.42636260986342,27.221031188964865,8.032102778088301e-05
86.54636260986342,21.539445877075195,3.640482100308873e-05
86.54636260986342,21.66033067094519,0.0003509839007165283
86.54636260986342,21.78121546481518,6.80875382386148e-05
86.54636260986342,21.902100258685174,-4.676010939874686e-05
86.54636260986342,22.022985052555168,
86.54636260986342,22.14386984642516,-0.0004665920278057456
86.54636260986342,22.264754640295152,0.0003641032672021538
86.54636260986342,22.385639434165142,0.00034180560032837093
86.54636260986342,22.50652422803514,0.001221838523633778
86.54636260986342,22.62740902190513,0.0013208701275289059
86.54636260986342,22.748293815775124,-0.00033453525975346565
86.54636260986342,22.86917860964512,-0.000296787271508947
86.54636260986342,22.990063403515112,0.001075548934750259
86.54636260986342,23.110948197385103,-0.00015732270549051464
86.54636260986342,23.231832991255096,-0.00010789096995722502
86.54636260986342,23.35271778512509,0.00020437785133253783
86.54636260986342,23.473602578995084,0.0006554723368026316
86.54636260986342,23.594487372865075,-0.00030620681354776025
86.54636260986342,23.71537216673507,-0.00028362448210828006
86.54636260986342,23.836256960605063,0.00010854924039449543
86.54636260986342,23.957141754475053,0.0009719593217596412
86.54636260986342,24.078026548345047,0.0002499450638424605
86.54636260986342,24.19891134221504,-4.0624738176120445e-05
86.54636260986342,24.319796136085035,0.0003659124195110053
86.54636260986342,24.440680929955025,-0.00041278882417827845
86.54636260986342,24.56156572382502,0.0010766307823359966
86.54636260986342,24.682450517695013,0.0003927909710910171
86.54636260986342,24.803335311565007,0.0001011050189845264
86.54636260986342,24.924220105435,2.663993109308649e-05
86.54636260986342,25.04510489930499,-0.0006122650229372084
86.54636260986342,25.165989693174986,0.0005978275439701974
86.54636260986342,25.286874487044976,0.0003250671725254506
86.54636260986342,25.40775928091497,0.00022616193746216595
86.54636260986342,25.528644074784964,1.669742414378561e-05
86.54636260986342,25.649528868654954,0.0006137710879556835
86.54636260986342,25.77041366252495,-3.167074828525074e-05
86.54636260986342,25.891298456394946,-0.00023722641344647855
86.54636260986342,26.012183250264936,0.000172125844983384
86.54636260986342,26.13306804413493,9.55246650846675e-05
86.54636260986342,26.25395283800492,-1.2574517313623801e-05
86.54636260986342,26.374837631874914,0.0004114733019378036
86.54636260986342,26.49572242574491,-0.00030568218789994717
86.54636260986342,26.6166072196149,-2.988993799135642e-07
86.54636260986342,26.737492013484893,0.00015793087368365377
86.54636260986342,26.858376807354887,
86.54636260986342,26.97926160122488,0.00010386497160652652
86.54636260986342,27.10014639509487,0.0002589411160442978
86.54636260986342,27.221031188964865,0.0006481758318841457
86.66636260986343,21.539445877075195,1.4134429875412025e-05
86.66636260986343,21.66033067094519,0.0004648375615943223
86.66636260986343,21.78121546481518,0.00017358952027279884
86.66636260986343,21.902100258685174,-0.0002040168910752982
86.66636260986343,22.022985052555168,0.00043130022822879255
86.66636260986343,22.14386984642516,0.000660969759337604
86.66636260986343,22.264754640295152,0.0003150909615214914
86.66636260986343,22.385639434165142,7.483270746888593e-05
86.66636260986343,22.50652422803514,-0.00021745840786024928
86.66636260986343,22.62740902190513,-0.00047910449211485684
86.66636260986343,22.748293815775124,0.00025522979558445513
86.66636260986343,22.86917860964512,0.00036463869037106633
86.66636260986343,22.990063403515112,0.0003781510458793491
86.66636260986343,23.110948197385103,-0.00047931112931109965
86.66636260986343,23.231832991255096,0.0005255570285953581
86.66636260986343,23.35271778512509,-0.00020408013369888067
86.66636260986343,23.473602578995084,-0.00045919642434455454
86.66636260986343,23.594487372865075,-0.0009597657481208444
86.66636260986343,23.71537216673507,-0.00017398592899553478
86.66636260986343,23.836256960605063,0.00022330663341563195
86.66636260986343,23.957141754475053,0.0004732894303742796
86.66636260986343,24.078026548345047,-0.0004304778412915766
86.66636260986343,24.19891134221504,5.346171747078188e-05
86.66636260986343,24.319796136085035,0.0002542072907090187
86.66636260986343,24.440680929955025,0.0014419873477891088
86.66636260986343,24.56156572382502,0.0004276040126569569
86.66636260986343,24.682450517695013,0.0007946708356030285
86.66636260986343,24.803335311565007,0.0003916341520380229
86.66636260986343,24.924220105435,
86.66636260986343,25.04510489930499,0.0015027167974039912
86.66636260986343,25.165989693174986,
86.66636260986343,25.286874487044976,-6.167180254124105e-05
86.66636260986343,25.40775928091497,0.0008777605835348368
86.66636260986343,25.528644074784964,-0.0006963720079511404
86.66636260986343,25.649528868654954,0.0003594071022234857
86.66636260986343,25.77041366252495,0.0006033094832673669
86.66636260986343,25.891298456394946,0.0006548987003043294
86.66636260986343,26.012183250264936,0.00026753704878501594
86.66636260986343,26.13306804413493,-0.000247047544689849
86.66636260986343,26.25395283800492,0.00010151953756576404
86.66636260986343,26.374837631874914,0.0003721562388818711
86.66636260986343,26.49572242574491,8.37522602523677e-05
86.66636260986343,26.6166072196149,-0.00018783778068609536
86.66636260986343,26.737492013484893,0.00016433768905699253
86.66636260986343,26.858376807354887,0.0009667366975918412
86.66636260986343,26.97926160122488,-0.0008576781256124377
86.66636260986343,27.10014639509487,0.0007131754537113011
86.66636260986343,27.221031188964865,0.0007635774672962725
86.78636260986343,21.539445877075195,0.00039706125971861184
86.78636260986343,21.66033067094519,-0.00023061060346662998
86.78636260986343,21.78121546481518,-0.0002766632824204862
86.78636260986343,21.902100258685174,-0.00011488370364531875
86.78636260986343,22.022985052555168,0.00038085185224190354
86.78636260986343,22.14386984642516,-0.0005540837300941348
86.78636260986343,22.264754640295152,
86.78636260986343,22.385639434165142,0.00031142524676397443
86.78636260986343,22.50652422803514,0.00032559517421759665
86.78636260986343,22.62740902190513,-0.003086251439526677
86.78636260986343,22.748293815775124,-1.569557389302645e-05
86.78636260986343,22.86917860964512,-0.00023413785675074905
86.78636260986343,22.990063403515112,0.0004555599589366466
86.78636260986343,23.110948197385103,0.0006928607472218573
86.78636260986343,23.231832991255096,-0.0005590905784629285
86.78636260986343,23.35271778512509,-0.0007896460592746735
86.78636260986343,23.473602578995084,-0.0005477662198245525
86.78636260986343,23.594487372865075,0.00019131363660562783
86.78636260986343,23.71537216673507,0.0009195542661473155
86.78636260986343,23.836256960605063,0.00018315136549063027
86.78636260986343,23.957141754475053,
86.78636260986343,24.078026548345047,-8.70337535161525e-05
86.78636260986343,24.19891134221504,
86.78636260986343,24.319796136085035,6.757790060873958e-07
86.78636260986343,24.440680929955025,0.00018043728778138757
86.78636260986343,24.56156572382502,-0.00012556450383272022
86.78636260986343,24.682450517695013,-0.0004466887912712991
86.78636260986343,24.803335311565007,0.0005729718832299113
86.78636260986343,24.924220105435,-0.00012517989671323448
86.78636260986343,25.04510489930499,-7.790001836838201e-05
86.78636260986343,25.165989693174986,4.080498911207542e-05
86.78636260986343,25.286874487044976,
86.78636260986343,25.40775928091497,-8.391387382289395e-05
86.78636260986343,25.528644074784964,0.0008509027538821101
86.78636260986343,25.649528868654954,-0.00019413672271184623
86.78636260986343,25.77041366252495,-0.00023069015878718346
86.78636260986343,25.891298456394946,0.000409686123020947
86.78636260986343,26.012183250264936,0.0004877024912275374
86.78636260986343,26.13306804413493,8.900704415282235e-05
86.78636260986343,26.25395283800492,-6.0947601014049724e-05
86.78636260986343,26.374837631874914,0.0003120757464785129
86.78636260986343,26.49572242574491,-0.0005719512118957937
86.78636260986343,26.6166072196149,1.280870219488861e-05
86.78636260986343,26.737492013484893,0.00041561838588677347
86.78636260986343,26.858376807354887,-0.00017466099234297872
86.78636260986343,26.97926160122488,
86.78636260986343,27.10014639509487,-0.00016220602265093476
86.78636260986343,27.221031188964865,0.0001946060365298763
86.90636260986344,21.539445877075195,0.0001751665404299274
86.90636260986344,21.66033067094519,0.00014933617785573006
86.90636260986344,21.78121546481518,-0.00021107336215209216
86.90636260986344,21.902100258685174,0.0010086152469739318
86.90636260986344,22.022985052555168,
86.90636260986344,22.14386984642516,8.224881457863376e-05
86.90636260986344,22.264754640295152,0.0005484299617819488
86.90636260986344,22.385639434165142,5.0435042794561014e-05
86.90636260986344,22.50652422803514,-8.056467777350917e-05
86.90636260986344,22.62740902190513,0.00036049066693522036
86.90636260986344,22.748293815775124,0.00017524576105643064
86.90636260986344,22.86917860964512,-0.0002678983146324754
86.90636260986344,22.990063403515112,-0.00013812007091473788
86.90636260986344,23.110948197385103,0.0002763968368526548
86.90636260986344,23.231832991255096,-0.0016483530635014176
86.90636260986344,23.35271778512509,-0.00030939883436076343
86.90636260986344,23.473602578995084,0.0004441241908352822
86.90636260986344,23.594487372865075,-0.0009022991871461272
86.90636260986344,23.71537216673507,-0.0027678078040480614
86.90636260986344,23.836256960605063,0.0001240462443092838
86.90636260986344,23.957141754475053,-0.00017361936625093222
86.90636260986344,24.078026548345047,0.000589089875575155
86.90636260986344,24.19891134221504,0.0010593071347102523
86.90636260986344,24.319796136085035,-0.0003519448800943792
86.90636260986344,24.440680929955025,0.00010032243153546005
86.90636260986344,24.56156572382502,0.00023461951059289277
86.90636260986344,24.682450517695013,-0.000149091356433928
86.90636260986344,24.803335311565007,-0.0002362941886531189
86.90636260986344,24.924220105435,0.00021732263849116862
86.90636260986344,25.04510489930499,
86.90636260986344,25.165989693174986,2.7806278012576513e-05
86.90636260986344,25.286874487044976,5.54578255105298e-05
86.90636260986344,25.40775928091497,4.184952558716759e-05
86.90636260986344,25.528644074784964,0.00012623946531675756
86.90636260986344,25.649528868654954,
86.90636260986344,25.77041366252495,-0.00021425352315418422
86.90636260986344,25.891298456394946,0.0004049048002343625
86.90636260986344,26.012183250264936,0.00013239379040896893
86.90636260986344,26.13306804413493,-0.0007107071578502655
86.90636260986344,26.25395283800492,-0.0006575539009645581
86.90636260986344,26.374837631874914,-0.00042828352889046073
86.90636260986344,26.49572242574491,
86.90636260986344,26.6166072196149,-0.0003488684887997806
86.90636260986344,26.737492013484893,-0.0001472839358029887
86.90636260986344,26.858376807354887,0.0003260161611251533
86.90636260986344,26.97926160122488,
86.90636260986344,27.10014639509487,0.0006501611787825823
86.90636260986344,27.221031188964865,-0.00014103563444223255
87.02636260986344,21.539445877075195,-0.00028040583129040897
87.02636260986344,21.66033067094519,-0.00041160720866173506
87.02636260986344,21.78121546481518,
87.02636260986344,21.902100258685174,0.0006025538896210492
87.02636260986344,22.022985052555168,-0.0016687426250427961
87.02636260986344,22.14386984642516,-0.0003376211680006236
87.02636260986344,22.264754640295152,-0.00034176965709775686
87.02636260986344,22.385639434165142,-0.0007111468003131449
87.02636260986344,22.50652422803514,0.00015120823809411377
87.02636260986344,22.62740902190513,-9.989707905333489e-05
87.02636260986344,22.748293815775124,0.0010970851872116327
87.02636260986344,22.86917860964512,0.00039043198921717703
87.02636260986344,22.990063403515112,-4.003830690635368e-05
87.02636260986344,23.110948197385103,0.0004003827925771475
87.02636260986344,23.231832991255096,-8.60729705891572e-05
87.02636260986344,23.35271778512509,4.2561408918118104e-05
87.02636260986344,23.473602578995084,-0.00043392504449002445
87.02636260986344,23.594487372865075,-0.0008772876462899148
87.02636260986344,23.71537216673507,0.0003771773190237582
87.02636260986344,23.836256960605063,0.0006703272229060531
87.02636260986344,23.957141754475053,-0.0005962782306596637
87.02636260986344,24.078026548345047,0.0009569279500283301
87.02636260986344,24.19891134221504,0.0004161997640039772
87.02636260986344,24.319796136085035,0.00023509393213316798
87.02636260986344,24.440680929955025,0.00016628603043500334
87.02636260986344,24.56156572382502,0.0004599419771693647
87.02636260986344,24.682450517695013,0.0005588969215750694
87.02636260986344,24.803335311565007,-0.0007416591979563236
87.02636260986344,24.924220105435,0.001091090845875442
87.02636260986344,25.04510489930499,
87.02636260986344,25.165989693174986,-0.00036624327185563743
87.02636260986344,25.286874487044976,-0.00017652074166107923
87.02636260986344,25.40775928091497,
87.02636260986344,25.528644074784964,-2.1338501028367318e-05
87.02636260986344,25.649528868654954,0.0009966884972527623
87.02636260986344,25.77041366252495,-5.950913327978924e-05
87.02636260986344,25.891298456394946,-0.00016181844694074243
87.02636260986344,26.012183250264936,-0.000274073303444311
87.02636260986344,26.13306804413493,0.0007751317461952567
87.02636260986344,26.25395283800492,0.0004627184825949371
87.02636260986344,26.374837631874914,0.0011673544067889452
87.02636260986344,26.49572242574491,2.3960510588949546e-05
87.02636260986344,26.6166072196149,0.00011399534560041502
87.02636260986344,26.737492013484893,-1.9282168068457395e-05
87.02636260986344,26.858376807354887,0.00010364042827859521
87.02636260986344,26.97926160122488,-0.0010277889668941498
87.02636260986344,27.10014639509487,0.0011912536574527621
87.02636260986344,27.221031188964865,-0.00017106898303609341
87.14636260986344,21.539445877075195,0.00014581192226614803
87.14636260986344,21.66033067094519,-5.0490307330619544e-05
87.14636260986344,21.78121546481518,-0.00019046787929255515
87.14636260986344,21.902100258685174,0.0006839935085736215
87.14636260986344,22.022985052555168,0.00030586347565986216
87.14636260986344,22.14386984642516,0.00041415574378333986
87.14636260986344,22.264754640295152,-5.2149123803246766e-05
87.14636260986344,22.385639434165142,-7.103188545443118e-05
87.14636260986344,22.50652422803514,0.0044832914136350155
87.14636260986344,22.62740902190513,1.3788448086415883e-05
87.14636260986344,22.748293815775124,9.989347017835826e-05
87.14636260986344,22.86917860964512,0.00011250472016399726
87.14636260986344,22.990063403515112,0.00021961859602015465
87.14636260986344,23.110948197385103,5.16023974341806e-05
87.14636260986344,23.231832991255096,-1.4662306568880012e-07
87.14636260986344,23.35271778512509,0.0006754074711352587
87.14636260986344,23.473602578995084,-0.0002767808036878705
87.14636260986344,23.594487372865075,-1.7232629033969715e-05
87.14636260986344,23.71537216673507,-0.0004192015330772847
87.14636260986344,23.836256960605063,0.0003622214135248214
87.14636260986344,23.957141754475053,0.0006366262095980346
87.14636260986344,24.078026548345047,-8.447617437923327e-05
87.14636260986344,24.19891134221504,8.843689283821732e-05
87.14636260986344,24.319796136085035,-9.098953341890592e-06
87.14636260986344,24.440680929955025,0.00024453934747725725
87.14636260986344,24.56156572382502,0.0005549057386815548
87.14636260986344,24.682450517695013,0.0007975042099133134
87.14636260986344,24.803335311565007,-0.0006436029216274619
87.14636260986344,24.924220105435,5.986370888422243e-05
87.14636260986344,25.04510489930499,6.528254743898287e-05
87.14636260986344,25.165989693174986,-1.6666986994096078e-05
87.14636260986344,25.286874487044976,0.0005779819330200553
87.14636260986344,25.40775928091497,0.0007293778471648693
87.14636260986344,25.528644074784964,-0.0004248307377565652
87.14636260986344,25.649528868654954,-0.00025747352628968656
87.14636260986344,25.77041366252495,0.00019452895503491163
87.14636260986344,25.891298456394946,0.00030917051481083035
87.14636260986344,26.012183250264936,1.662399517954327e-05
87.14636260986344,26.13306804413493,-0.00021843650029040873
87.14636260986344,26.25395283800492,8.80389561643824e-05
87.14636260986344,26.374837631874914,8.447640720987692e-05
87.14636260986344,26.49572242574491,-0.0013173791812732816
87.14636260986344,26.6166072196149,0.00011928890307899565
87.14636260986344,26.737492013484893,0.00028405600460246205
87.14636260986344,26.858376807354887,
87.14636260986344,26.97926160122488,0.0006099482416175306
87.14636260986344,27.10014639509487,-0.0002618046710267663
87.14636260986344,27.221031188964865,0.0007121742237359285
87.26636260986345,21.539445877075195,0.0001810776157071814
87.26636260986345,21.66033067094519,-0.0003332593769300729
87.26636260986345,21.78121546481518,0.0005021601100452244
87.26636260986345,21.902100258685174,0.000927126151509583
87.26636260986345,22.022985052555168,0.0013789152726531029
87.26636260986345,22.14386984642516,0.000136962829856202
87.26636260986345,22.264754640295152,-0.0003959370369557291
87.26636260986345,22.385639434165142,-0.0006245747208595276
87.26636260986345,22.50652422803514,0.00022989755962044
87.26636260986345,22.62740902190513,0.0002729818515945226
87.26636260986345,22.748293815775124,0.0012206272222101688
87.26636260986345,22.86917860964512,-0.0006770160980522633
87.26636260986345,22.990063403515112,2.5882796762743965e-05
87.26636260986345,23.110948197385103,-0.0002554872480686754
87.26636260986345,23.231832991255096,-0.00022381279268302023
87.26636260986345,23.35271778512509,9.06868081074208e-05
87.26636260986345,23.473602578995084,
87.26636260986345,23.594487372865075,-0.0008585635805502534
87.26636260986345,23.71537216673507,0.00037793233059346676
87.26636260986345,23.836256960605063,-1.2046746633131988e-05
87.26636260986345,23.957141754475053,0.00018787635781336576
87.26636260986345,24.078026548345047,0.0001504018873674795
87.26636260986345,24.19891134221504,-0.0001486944529460743
87.26636260986345,24.319796136085035,0.00018044078024104238
87.26636260986345,24.440680929955025,0.0005017287330701947
87.26636260986345,24.56156572382502,-4.150424138060771e-05
87.26636260986345,24.682450517695013,-0.00014203239697963
87.26636260986345,24.803335311565007,
87.26636260986345,24.924220105435,-0.0001035069944919087
87.26636260986345,25.04510489930499,0.00015430795610882342
87.26636260986345,25.165989693174986,
87.26636260986345,25.286874487044976,0.0010688615730032325
87.26636260986345,25.40775928091497,5.391474405769259e-05
87.26636260986345,25.528644074784964,5.9491467254702e-05
87.26636260986345,25.649528868654954,-0.0011973170330747962
87.26636260986345,25.77041366252495,
87.26636260986345,25.891298456394946,-0.0003816851822193712
87.26636260986345,26.012183250264936,0.0009330922039225698
87.26636260986345,26.13306804413493,-0.0005246509099379182
87.26636260986345,26.25395283800492,0.0007583540282212198
87.26636260986345,26.374837631874914,0.0002445225836709142
87.26636260986345,26.49572242574491,0.00041003013029694557
87.26636260986345,26.6166072196149,5.449921445688233e-05
87.26636260986345,26.737492013484893,-3.425957038416527e-05
87.26636260986345,26.858376807354887,0.00023953098570927978
87.26636260986345,26.97926160122488,0.0002766782999970019
87.26636260986345,27.10014639509487,-0.0007732885424047709
87.26636260986345,27.221031188964865,-0.00011704830103553832
87.38636260986345,21.539445877075195,9.121449693338946e-05
87.38636260986345,21.66033067094519,8.664159395266324e-05
87.38636260986345,21.78121546481518,-0.00019082686048932374
87.38636260986345,21.902100258685174,-0.0004327339993324131
87.38636260986345,22.022985052555168,0.0008042511763051152
87.38636260986345,22.14386984642516,0.00013287368346937
87.38636260986345,22.264754640295152,-0.0006294464692473412
87.38636260986345,22.385639434165142,-0.0013768590288236737
87.38636260986345,22.50652422803514,-0.00021643583022523671
87.38636260986345,22.62740902190513,
87.38636260986345,22.748293815775124,-0.0007095842738635838
87.38636260986345,22.86917860964512,-0.0004960335209034383
87.38636260986345,22.990063403515112,-0.0011817028280347586
87.38636260986345,23.110948197385103,0.00029703829204663634
87.38636260986345,23.231832991255096,-0.0004019545449409634
87.38636260986345,23.35271778512509,0.00016436421719845384
87.38636260986345,23.473602578995084,0.0012496866984292865
87.38636260986345,23.594487372865075,0.0002742107317317277
87.38636260986345,23.71537216673507,-0.0006004221504554152
87.38636260986345,23.836256960605063,-0.0002008292794926092
87.38636260986345,23.957141754475053,-0.00012393458746373653
87.38636260986345,24.078026548345047,-0.00011917439405806363
87.38636260986345,24.19891134221504,-0.00036245357478037477
87.38636260986345,24.319796136085035,-0.0001863697252701968
87.38636260986345,24.440680929955025,-0.00022353183885570616
87.38636260986345,24.56156572382502,0.0007360496092587709
87.38636260986345,24.682450517695013,-0.0005466011352837086
87.38636260986345,24.803335311565007,-0.0005082939169369638
87.38636260986345,24.924220105435,-1.5349016393884085e-05
87.38636260986345,25.04510489930499,-0.0006695714546367526
87.38636260986345,25.165989693174986,0.000414853886468336
87.38636260986345,25.286874487044976,-1.2301998140173964e-05
87.38636260986345,25.40775928091497,0.00020685736672021449
87.38636260986345,25.528644074784964,-0.0010661868145689368
87.38636260986345,25.649528868654954,-7.4802665039896965e-06
87.38636260986345,25.77041366252495,-0.0006374471122398973
87.38636260986345,25.891298456394946,-0.0001492323644924909
87.38636260986345,26.012183250264936,0.0007304670289158821
87.38636260986345,26.13306804413493,0.0004274042439647019
87.38636260986345,26.25395283800492,-0.00027780947857536376
87.38636260986345,26.374837631874914,0.00017840764485299587
87.38636260986345,26.49572242574491,-1.622738636797294e-05
87.38636260986345,26.6166072196149,
87.38636260986345,26.737492013484893,-0.0005618358263745904
87.38636260986345,26.858376807354887,-0.00010374456905992702
87.38636260986345,26.97926160122488,0.00034712962224148214
87.38636260986345,27.10014639509487,-0.0003160113119520247
87.38636260986345,27.221031188964865,-0.0003604807425290346
87.50636260986346,21.539445877075195,-0.0006277012289501727
87.50636260986346,21.66033067094519,-0.0007676115492358804
87.50636260986346,21.78121546481518,0.00035136917722411454
87.50636260986346,21.902100258685174,7.884418300818652e-05
87.50636260986346,22.022985052555168,-5.2527586376527324e-05
87.50636260986346,22.14386984642516,-0.0005829189321957529
87.50636260986346,22.264754640295152,0.00041849917033687234
87.50636260986346,22.385639434165142,0.00024596397997811437
87.50636260986346,22.50652422803514,0.0006101508624851704
87.50636260986346,22.62740902190513,0.00028225936694070697
87.50636260986346,22.748293815775124,0.0002490966289769858
87.50636260986346,22.86917860964512,
87.50636260986346,22.990063403515112,-0.00024080066941678524
87.50636260986346,23.110948197385103,0.0001698794512776658
87.50636260986346,23.231832991255096,-0.0011142396833747625
87.50636260986346,23.35271778512509,0.0004767685604747385
87.50636260986346,23.473602578995084,-7.239825208671391e-05
87.50636260986346,23.594487372865075,-0.000869665527716279
87.50636260986346,23.71537216673507,-0.0005565109895542264
87.50636260986346,23.836256960605063,0.00013157312059774995
87.50636260986346,23.957141754475053,-0.00027515096007846296
87.50636260986346,24.078026548345047,-2.1745217964053154e-05
87.50636260986346,24.19891134221504,-1.815491123124957e-05
87.50636260986346,24.319796136085035,-0.00026239827275276184
87.50636260986346,24.440680929955025,-0.0015845696907490492
87.50636260986346,24.56156572382502,0.0002340609353268519
87.50636260986346,24.682450517695013,-0.0011657729046419263
87.50636260986346,24.803335311565007,-0.0002777894551400095
87.50636260986346,24.924220105435,-4.952528252033517e-05
87.50636260986346,25.04510489930499,-0.00021936646953690797
87.50636260986346,25.165989693174986,-0.0007659798138774931
87.50636260986346,25.286874487044976,-1.001030523184454e-05
87.50636260986346,25.40775928091497,0.00016929775301832706
87.50636260986346,25.528644074784964,0.00034438190050423145
87.50636260986346,25.649528868654954,8.494455687468871e-05
87.50636260986346,25.77041366252495,-0.0005026864819228649
87.50636260986346,25.891298456394946,-0.0001828225067583844
87.50636260986346,26.012183250264936,0.00043134510633535683
87.50636260986346,26.13306804413493,0.00013717470574192703
87.50636260986346,26.25395283800492,0.0004918118938803673
87.50636260986346,26.374837631874914,-0.00026424400857649744
87.50636260986346,26.49572242574491,-3.955326974391937e-05
87.50636260986346,26.6166072196149,0.00014116409874986857
87.50636260986346,26.737492013484893,-0.0010390692623332143
87.50636260986346,26.858376807354887,0.0007410526741296053
87.50636260986346,26.97926160122488,2.0572462744894437e-05
87.50636260986346,27.10014639509487,
87.50636260986346,27.221031188964865,-0.0009644164238125086
87.62636260986346,21.539445877075195,0.001170956646092236
87.62636260986346,21.66033067094519,0.0004633289354387671
87.62636260986346,21.78121546481518,0.0008006465504877269
87.62636260986346,21.902100258685174,-0.0001067927514668554
87.62636260986346,22.022985052555168,0.0006513281841762364
87.62636260986346,22.14386984642516,0.00027420613332651556
87.62636260986346,22.264754640295152,4.008357791462913e-05
87.62636260986346,22.385639434165142,-0.00020123586000408977
87.62636260986346,22.50652422803514,-1.8636266759131104e-05
87.62636260986346,22.62740902190513,
87.62636260986346,22.748293815775124,0.0023152842186391354
87.62636260986346,22.86917860964512,-4.148940206505358e-05
87.62636260986346,22.990063403515112,
87.62636260986346,23.110948197385103,0.00023395693278871477
87.62636260986346,23.231832991255096,-0.00030390042229555547
87.62636260986346,23.35271778512509,0.0002358693309361115
87.62636260986346,23.473602578995084,0.0001936084299813956
87.62636260986346,23.594487372865075,7.913367880973965e-05
87.62636260986346,23.71537216673507,0.00027346343267709017
87.62636260986346,23.836256960605063,-4.91246028104797e-05
87.62636260986346,23.957141754475053,-0.0006963054765947163
87.62636260986346,24.078026548345047,
87.62636260986346,24.19891134221504,0.0003668635035865009
87.62636260986346,24.319796136085035,-0.0004924714448861778
87.62636260986346,24.440680929955025,-7.832155097275972e-05
87.62636260986346,24.56156572382502,-0.00024572029360570014
87.62636260986346,24.682450517695013,0.00015104109479580075
87.62636260986346,24.803335311565007,-0.00019970534776803106
87.62636260986346,24.924220105435,-9.51145775616169e-05
87.62636260986346,25.04510489930499,-0.00016408950614277273
87.62636260986346,25.165989693174986,0.00014421899686567485
87.62636260986346,25.286874487044976,6.242654490051791e-05
87.62636260986346,25.40775928091497,-0.0001236427342519164
87.62636260986346,25.528644074784964,9.54643328441307e-05
87.62636260986346,25.649528868654954,-0.0003345607838127762
87.62636260986346,25.77041366252495,-1.6355212210328318e-05
87.62636260986346,25.891298456394946,-0.0006177460309118032
87.62636260986346,26.012183250264936,-6.122487684478983e-05
87.62636260986346,26.13306804413493,0.0003750153991859406
87.62636260986346,26.25395283800492,-0.00035166754969395697
87.62636260986346,26.374837631874914,-0.00027707903063856065
87.62636260986346,26.49572242574491,-0.00017709439271129668
87.62636260986346,26.6166072196149,4.554364568321034e-05
87.62636260986346,26.737492013484893,-7.988009019754827e-05
87.62636260986346,26.858376807354887,-0.00014128001930657774
87.62636260986346,26.97926160122488,
87.62636260986346,27.10014639509487,-0.00020171051437500864
87.62636260986346,27.221031188964865,-0.00015878611884545535
87.74636260986347,21.539445877075195,-0.00018603805801831186
87.74636260986347,21.66033067094519,0.0005278084427118301
87.74636260986347,21.78121546481518,-0.0003242190578021109
87.74636260986347,21.902100258685174,0.00012900690489914268
87.74636260986347,22.022985052555168,-0.00014849395665805787
87.74636260986347,22.14386984642516,0.00033943544258363545
87.74636260986347,22.264754640295152,-0.00018913749954663217
87.74636260986347,22.385639434165142,4.476704998523928e-05
87.74636260986347,22.50652422803514,-0.0002253604179713875
87.74636260986347,22.62740902190513,-9.559661702951416e-05
87.74636260986347,22.748293815775124,0.00021459974232129753
87.74636260986347,22.86917860964512,-0.0004008474061265588
87.74636260986347,22.990063403515112,0.0006605469970963895
87.74636260986347,23.110948197385103,9.928242798196152e-05
87.74636260986347,23.231832991255096,0.00029780183103866875
87.74636260986347,23.35271778512509,-6.310041499091312e-05
87.74636260986347,23.473602578995084,-0.0003890432126354426
87.74636260986347,23.594487372865075,-0.0002037644590018317
87.74636260986347,23.71537216673507,-0.00033042917493730783
87.74636260986347,23.836256960605063,0.00014622182061430067
87.74636260986347,23.957141754475053,0.00033607243676669896
87.74636260986347,24.078026548345047,0.0006887443596497178
87.74636260986347,24.19891134221504,
87.74636260986347,24.319796136085035,3.792514689848758e-05
87.74636260986347,24.440680929955025,0.00038301252061501145
87.74636260986347,24.56156572382502,-0.000604308326728642
87.74636260986347,24.682450517695013,7.703840674366802e-05
87.74636260986347,24.803335311565007,0.00011921484110644087
87.74636260986347,24.924220105435,-4.619466926669702e-05
87.74636260986347,25.04510489930499,0.0003131658595521003
87.74636260986347,25.165989693174986,8.152776899805758e-06
87.74636260986347,25.286874487044976,-0.0001533236791146919
87.74636260986347,25.40775928091497,0.00045676372246816754
87.74636260986347,25.528644074784964,0.00036590808304026723
87.74636260986347,25.649528868654954,-0.00010666102753020823
87.74636260986347,25.77041366252495,0.0001496724144089967
87.74636260986347,25.891298456394946,-0.00019498287292663008
87.74636260986347,26.012183250264936,-0.0002053235366474837
87.74636260986347,26.13306804413493,9.969944949261844e-05
87.74636260986347,26.25395283800492,-0.00021842731803189963
87.74636260986347,26.374837631874914,0.0008621302549727261
87.74636260986347,26.49572242574491,0.0006509931990876794
87.74636260986347,26.6166072196149,0.00015984210767783225
87.74636260986347,26.737492013484893,-0.00022024742793291807
87.74636260986347,26.858376807354887,0.00011031849135179073
87.74636260986347,26.97926160122488,0.00019804947078227997
87.74636260986347,27.10014639509487,2.114432027155999e-05
87.74636260986347,27.221031188964865,8.050182077568024e-05
87.86636260986347,21.539445877075195,0.0005561318248510361
87.86636260986347,21.66033067094519,-0.0005796662298962474
87.86636260986347,21.78121546481518,-0.0004257503605913371
87.86636260986347,21.902100258685174,-0.00025261493283323944
87.86636260986347,22.022985052555168,-0.0010179874952882528
87.86636260986347,22.14386984642516,
87.86636260986347,22.264754640295152,
87.86636260986347,22.385639434165142,-0.000507235003169626
87.86636260986347,22.50652422803514,0.00014716971782036126
87.86636260986347,22.62740902190513,-0.0002752053551375866
87.86636260986347,22.748293815775124,0.0009943930199369788
87.86636260986347,22.86917860964512,-0.0007154422928579152
87.86636260986347,22.990063403515112,9.713900362839922e-05
87.86636260986347,23.110948197385103,0.0007498516351915896
87.86636260986347,23.231832991255096,
87.86636260986347,23.35271778512509,0.0010049404809251428
87.86636260986347,23.473602578995084,-0.00010837625450221822
87.86636260986347,23.594487372865075,-0.00017205943004228175
87.86636260986347,23.71537216673507,-0.00027442409191280603
87.86636260986347,23.836256960605063,-0.00017588443006388843
87.86636260986347,23.957141754475053,-8.781468204688281e-05
87.86636260986347,24.078026548345047,-0.00023260360467247665
87.86636260986347,24.19891134221504,0.00039612234104424715
87.86636260986347,24.319796136085035,0.00020864240650553256
87.86636260986347,24.440680929955025,0.0002967194595839828
87.86636260986347,24.56156572382502,-0.0008066570153459907
87.86636260986347,24.682450517695013,-0.0005980806308798492
87.86636260986347,24.803335311565007,1.338077800028259e-05
87.86636260986347,24.924220105435,0.0005932206986472011
87.86636260986347,25.04510489930499,-0.0007831084076315165
87.86636260986347,25.165989693174986,-2.4847584427334368e-05
87.86636260986347,25.286874487044976,
87.86636260986347,25.40775928091497,-0.00010632467456161976
87.86636260986347,25.528644074784964,-0.0006993355927988887
87.86636260986347,25.649528868654954,6.119978206697851e-05
87.86636260986347,25.77041366252495,0.0004150134336668998
87.86636260986347,25.891298456394946,6.233454041648656e-05
87.86636260986347,26.012183250264936,
87.86636260986347,26.13306804413493,0.00025863354676403105
87.86636260986347,26.25395283800492,2.5904077119776048e-05
87.86636260986347,26.374837631874914,-0.0005770305870100856
87.86636260986347,26.49572242574491,0.0005563751328736544
87.86636260986347,26.6166072196149,0.0006559469038620591
87.86636260986347,26.737492013484893,0.00029000197537243366
87.86636260986347,26.858376807354887,-0.0002601011947263032
87.86636260986347,26.97926160122488,3.0519022402586415e-05
87.86636260986347,27.10014639509487,-0.00022375027765519917
87.86636260986347,27.221031188964865,-4.745322439703159e-05
87.98636260986348,21.539445877075195,-0.00043837257544510067
87.98636260986348,21.66033067094519,-0.00038705740007571876
87.98636260986348,21.78121546481518,0.00016328576020896435
87.98636260986348,21.902100258685174,4.3530006223591045e-05
87.98636260986348,22.022985052555168,0.00010082535300171003
87.98636260986348,22.14386984642516,-5.083224823465571e-05
87.98636260986348,22.264754640295152,0.00030529231298714876
87.98636260986348,22.385639434165142,0.0006189851555973291
87.98636260986348,22.50652422803514,-0.0007093229796737432
87.98636260986348,22.62740902190513,6.500507879536599e-05
87.98636260986348,22.748293815775124,0.00025392480893060565
87.98636260986348,22.86917860964512,-1.774348675098736e-05
87.98636260986348,22.990063403515112,0.0005902730626985431
87.98636260986348,23.110948197385103,0.0003555452567525208
87.98636260986348,23.231832991255096,-3.091781763941981e-05
87.98636260986348,23.35271778512509,0.0009612105204723775
87.98636260986348,23.473602578995084,-5.638091533910483e-05
87.98636260986348,23.594487372865075,-8.308675023727119e-05
87.98636260986348,23.71537216673507,-0.00014387740520760417
87.98636260986348,23.836256960605063,0.00020183742162771523
87.98636260986348,23.957141754475053,-0.00042533257510513067
87.98636260986348,24.078026548345047,-0.00024288310669362545
87.98636260986348,24.19891134221504,0.00017453166947234422
87.98636260986348,24.319796136085035,-3.905155244865455e-05
87.98636260986348,24.440680929955025,-0.00023716269060969353
87.98636260986348,24.56156572382502,-0.0003862996236421168
87.98636260986348,24.682450517695013,0.00026475999038666487
87.98636260986348,24.803335311565007,-6.994364957790822e-05
87.98636260986348,24.924220105435,-0.0004496632900554687
87.98636260986348,25.04510489930499,0.0013744940515607595
87.98636260986348,25.165989693174986,3.810717316810042e-05
87.98636260986348,25.286874487044976,-0.0001475394528824836
87.98636260986348,25.40775928091497,9.964533819584176e-05
87.98636260986348,25.528644074784964,0.0004488315898925066
87.98636260986348,25.649528868654954,-0.0002979807904921472
87.98636260986348,25.77041366252495,-0.00023122366110328585
87.98636260986348,25.891298456394946,-0.00034804223105311394
87.98636260986348,26.012183250264936,1.2334667189861648e-05
87.98636260986348,26.13306804413493,-9.54283750616014e-05
87.98636260986348,26.25395283800492,0.0002356168843107298
87.98636260986348,26.374837631874914,2.0497996956692077e-05
87.98636260986348,26.49572242574491,
87.98636260986348,26.6166072196149,0.00038670553476549685
87.98636260986348,26.737492013484893,-0.0005134600214660168
87.98636260986348,26.858376807354887,0.00029572416679002345
87.98636260986348,26.97926160122488,-0.00022528960835188627
87.98636260986348,27.10014639509487,0.00010065582318929955
87.98636260986348,27.221031188964865,0.000101557991001755
88.10636260986348,21.539445877075195,-8.558073022868484e-05
88.10636260986348,21.66033067094519,-0.0008096625679172575
88.10636260986348,21.78121546481518,-0.00015732270549051464
88.10636260986348,21.902100258685174,0.000874902296345681
88.10636260986348,22.022985052555168,0.0007727123447693884
88.10636260986348,22.14386984642516,-0.0001115465784096159
88.10636260986348,22.264754640295152,-0.00045509851770475507
88.10636260986348,22.385639434165142,0.000654774543363601
88.10636260986348,22.50652422803514,-3.1872070394456387e-05
88.10636260986348,22.62740902190513,0.0004131007881369442
88.10636260986348,22.748293815775124,-0.0008878480293788016
88.10636260986348,22.86917860964512,-0.000327388959703967
88.10636260986348,22.990063403515112,0.0001306664344156161
88.10636260986348,23.110948197385103,0.00027049100026488304
88.10636260986348,23.231832991255096,0.0005173155223019421
88.10636260986348,23.35271778512509,-0.0010573465842753649
88.10636260986348,23.473602578995084,-3.0081549994065426e-05
88.10636260986348,23.594487372865075,1.8475440811016597e-05
88.10636260986348,23.71537216673507,0.00010572098108241335
88.10636260986348,23.836256960605063,0.0005794219323433936
88.10636260986348,23.957141754475053,-2.1700738216168247e-05
88.10636260986348,24.078026548345047,-0.00017601028957869858
88.10636260986348,24.19891134221504,-9.99902404146269e-05
88.10636260986348,24.319796136085035,0.0004186966107226908
88.10636260986348,24.440680929955025,0.00033046072348952293
88.10636260986348,24.56156572382502,-0.00039451653719879687
88.10636260986348,24.682450517695013,
88.10636260986348,24.803335311565007,-9.72385096247308e-05
88.10636260986348,24.924220105435,-0.000548703595995903
88.10636260986348,25.04510489930499,0.0004281932779122144
88.10636260986348,25.165989693174986,0.0004114733019378036
88.10636260986348,25.286874487044976,0.00012116302241338417
88.10636260986348,25.40775928091497,-0.0003512553812470287
88.10636260986348,25.528644074784964,0.00020590206258930266
88.10636260986348,25.649528868654954,-0.0005939080729149282
88.10636260986348,25.77041366252495,0.0003528893576003611
88.10636260986348,25.891298456394946,
88.10636260986348,26.012183250264936,0.0009886111365631223
88.10636260986348,26.13306804413493,0.00010920101340161636
88.10636260986348,26.25395283800492,0.0009376168018206954
88.10636260986348,26.374837631874914,-0.0004270639328751713
88.10636260986348,26.49572242574491,
88.10636260986348,26.6166072196149,
88.10636260986348,26.737492013484893,-0.00041719796718098223
88.10636260986348,26.858376807354887,0.00014103224384598434
88.10636260986348,26.97926160122488,-0.00031958273029886186
88.10636260986348,27.10014639509487,-0.00020851613953709602
88.10636260986348,27.221031188964865,-0.0006126551306806505
88.22636260986349,21.539445877075195,-0.0005255941650830209
88.22636260986349,21.66033067094519,-0.0010876726591959596
88.22636260986349,21.78121546481518,-0.00038283158210106194
88.22636260986349,21.902100258685174,
88.22636260986349,22.022985052555168,-0.00020072193001396954
88.22636260986349,22.14386984642516,0.0005434039630927145
88.22636260986349,22.264754640295152,0.00018694291065912694
88.22636260986349,22.385639434165142,-0.0006240839720703661
88.22636260986349,22.50652422803514,-0.00012102324399165809
88.22636260986349,22.62740902190513,-0.005351440981030464
88.22636260986349,22.748293815775124,-7.879556505940855e-05
88.22636260986349,22.86917860964512,-0.000311688199872151
88.22636260986349,22.990063403515112,-0.00015723334217909724
88.22636260986349,23.110948197385103,-0.00022294848167803138
88.22636260986349,23.231832991255096,0.0004508292186073959
88.22636260986349,23.35271778512509,0.0007610067841596901
88.22636260986349,23.473602578995084,-6.0675080021610484e-05
88.22636260986349,23.594487372865075,
88.22636260986349,23.71537216673507,
88.22636260986349,23.836256960605063,0.00010017683962360024
88.22636260986349,23.957141754475053,-0.000337285571731627
88.22636260986349,24.078026548345047,0.0005648565129376948
88.22636260986349,24.19891134221504,-0.0008406323031522334
88.22636260986349,24.319796136085035,-0.0003404441522434354
88.22636260986349,24.440680929955025,0.00040126993553712964
88.22636260986349,24.56156572382502,-8.485411854053382e-06
88.22636260986349,24.682450517695013,-0.00030187462107278407
88.22636260986349,24.803335311565007,0.00035868206759914756
88.22636260986349,24.924220105435,0.0002809773723129183
88.22636260986349,25.04510489930499,0.0004315896367188543
88.22636260986349,25.165989693174986,-0.0004185803118161857
88.22636260986349,25.286874487044976,0.0003118193126283586
88.22636260986349,25.40775928091497,0.00010810722596943378
88.22636260986349,25.528644074784964,-0.0003588779945857823
88.22636260986349,25.649528868654954,6.912843673489988e-05
88.22636260986349,25.77041366252495,1.291836906602839e-05
88.22636260986349,25.891298456394946,-0.00022998837812338024
88.22636260986349,26.012183250264936,0.0002385752013651654
88.22636260986349,26.13306804413493,0.00038953518378548324
88.22636260986349,26.25395283800492,9.771844634087756e-05
88.22636260986349,26.374837631874914,
88.22636260986349,26.49572242574491,0.0017275525024160743
88.22636260986349,26.6166072196149,0.001186547800898552
88.22636260986349,26.737492013484893,
88.22636260986349,26.858376807354887,8.021618850762025e-05
88.22636260986349,26.97926160122488,0.0005050908657722175
88.22636260986349,27.10014639509487,0.001727644237689674
88.22636260986349,27.221031188964865,0.0004172971239313483
88.34636260986349,21.539445877075195,-0.00021703843958675861
88.34636260986349,21.66033067094519,0.0005797577905468643
88.34636260986349,21.78121546481518,-9.851254435488954e-05
88.34636260986349,21.902100258685174,-0.0005590905784629285
88.34636260986349,22.022985052555168,0.0003845777828246355
88.34636260986349,22.14386984642516,0.000862480083014816
88.34636260986349,22.264754640295152,-0.00044820940820500255
88.34636260986349,22.385639434165142,-2.423876867396757e-05
88.34636260986349,22.50652422803514,0.00027724969550035894
88.34636260986349,22.62740902190513,-6.230553844943643e-05
88.34636260986349,22.748293815775124,0.0005554621457122266
88.34636260986349,22.86917860964512,-8.786532271187752e-05
88.34636260986349,22.990063403515112,-0.00021503563039004803
88.34636260986349,23.110948197385103,-0.00030333694303408265
88.34636260986349,23.231832991255096,-0.0008870153687894344
88.34636260986349,23.35271778512509,-0.00017443753313273191
88.34636260986349,23.473602578995084,-0.0004419553151819855
88.34636260986349,23.594487372865075,-0.00048188091022893786
88.34636260986349,23.71537216673507,0.00025424733757972717
88.34636260986349,23.836256960605063,-0.000100276643934194
88.34636260986349,23.957141754475053,2.8063370336894877e-05
88.34636260986349,24.078026548345047,0.0001036741305142641
88.34636260986349,24.19891134221504,-1.5161832379817497e-05
88.34636260986349,24.319796136085035,-0.00046050260425545275
88.34636260986349,24.440680929955025,-0.0005403440445661545
88.34636260986349,24.56156572382502,-0.0001298626884818077
88.34636260986349,24.682450517695013,
88.34636260986349,24.803335311565007,0.0007799277082085609
88.34636260986349,24.924220105435,-0.000875661033205688
88.34636260986349,25.04510489930499,2.6904108381131664e-05
88.34636260986349,25.165989693174986,1.2816953130823094e-05
88.34636260986349,25.286874487044976,2.0586285245371982e-05
88.34636260986349,25.40775928091497,0.0009777554078027606
88.34636260986349,25.528644074784964,-0.0006158170290291309
88.34636260986349,25.649528868654954,
88.34636260986349,25.77041366252495,
88.34636260986349,25.891298456394946,-3.363420182722621e-05
88.34636260986349,26.012183250264936,5.670180689776316e-05
88.34636260986349,26.13306804413493,0.00015250561409629881
88.34636260986349,26.25395283800492,0.00028642991674132645
88.34636260986349,26.374837631874914,0.0008460086537525058
88.34636260986349,26.49572242574491,-1.4708325579704251e-05
88.34636260986349,26.6166072196149,0.00012006397446384653
88.34636260986349,26.737492013484893,-0.0003513331466820091
88.34636260986349,26.858376807354887,0.0007974308100529015
88.34636260986349,26.97926160122488,
88.34636260986349,27.10014639509487,0.0011067312443628907
88.34636260986349,27.221031188964865,0.00023125654843170196
88.4663626098635,21.539445877075195,4.784508200827986e-05
88.4663626098635,21.66033067094519,0.001023844932205975
88.4663626098635,21.78121546481518,2.9411152354441583e-05
88.4663626098635,21.902100258685174,9.158282773569226e-05
88.4663626098635,22.022985052555168,-0.00011334669397911057
88.4663626098635,22.14386984642516,-0.0004294929967727512
88.4663626098635,22.264754640295152,0.0005362515221349895
88.4663626098635,22.385639434165142,
88.4663626098635,22.50652422803514,-0.00043354523950256407
88.4663626098635,22.62740902190513,0.00015056776464916766
88.4663626098635,22.748293815775124,1.2820700248994399e-05
88.4663626098635,22.86917860964512,0.0009005857864394784
88.4663626098635,22.990063403515112,-0.0006006632465869188
88.4663626098635,23.110948197385103,0.0005395282641984522
88.4663626098635,23.231832991255096,-3.1607469281880185e-05
88.4663626098635,23.35271778512509,0.00017425153055228293
88.4663626098635,23.473602578995084,-0.0004156751383561641
88.4663626098635,23.594487372865075,-0.0003945765201933682
88.4663626098635,23.71537216673507,0.0003537385491654277
88.4663626098635,23.836256960605063,0.00011215905396966264
88.4663626098635,23.957141754475053,-0.00027063832385465503
88.4663626098635,24.078026548345047,0.0003738288360182196
88.4663626098635,24.19891134221504,0.0002318123879376799
88.4663626098635,24.319796136085035,-0.00012419349513947964
88.4663626098635,24.440680929955025,-0.0008741480996832252
88.4663626098635,24.56156572382502,0.0011541942367330194
88.4663626098635,24.682450517695013,0.0008106612367555499
88.4663626098635,24.803335311565007,5.20187895745039e-05
88.4663626098635,24.924220105435,7.08119259797968e-05
88.4663626098635,25.04510489930499,3.717591971508227e-05
88.4663626098635,25.165989693174986,0.0006660789367742836
88.4663626098635,25.286874487044976,8.389502909267321e-06
88.4663626098635,25.40775928091497,0.0002855646889656782
88.4663626098635,25.528644074784964,9.977841546060517e-05
88.4663626098635,25.649528868654954,-9.918119030771777e-05
88.4663626098635,25.77041366252495,0.0003686094132717699
88.4663626098635,25.891298456394946,0.000734250177629292
88.4663626098635,26.012183250264936,7.550590089522302e-05
88.4663626098635,26.13306804413493,-8.636323764221743e-05
88.4663626098635,26.25395283800492,8.279743633465841e-05
88.4663626098635,26.374837631874914,0.0008264229400083423
88.4663626098635,26.49572242574491,0.0006344249122776091
88.4663626098635,26.6166072196149,0.0006882586167193949
88.4663626098635,26.737492013484893,-2.3904051431600237e-06
88.4663626098635,26.858376807354887,0.0004349429509602487
88.4663626098635,26.97926160122488,0.000752887106500566
88.4663626098635,27.10014639509487,-0.00048477103700861335
88.4663626098635,27.221031188964865,0.000226483607548289
88.5863626098635,21.539445877075195,-0.000824040500447154
88.5863626098635,21.66033067094519,-0.0009108929662033916
88.5863626098635,21.78121546481518,4.799515591003001e-05
88.5863626098635,21.902100258685174,-0.0006998195894993842
88.5863626098635,22.022985052555168,-0.00027203239733353257
88.5863626098635,22.14386984642516,0.00025952732539735734
88.5863626098635,22.264754640295152,0.0005957740359008312
88.5863626098635,22.385639434165142,0.00041799264727160335
88.5863626098635,22.50652422803514,-0.0008024674607440829
88.5863626098635,22.62740902190513,0.0023671553935855627
88.5863626098635,22.748293815775124,-0.00015505765622947365
88.5863626098635,22.86917860964512,
88.5863626098635,22.990063403515112,-6.593301804969087e-06
88.5863626098635,23.110948197385103,0.0004227041790727526
88.5863626098635,23.231832991255096,-0.00016116109327413142
88.5863626098635,23.35271778512509,8.877126674633473e-05
88.5863626098635,23.473602578995084,-0.00023509822494816035
88.5863626098635,23.594487372865075,
88.5863626098635,23.71537216673507,-0.0002986624895129353
88.5863626098635,23.836256960605063,-0.00013368268264457583
88.5863626098635,23.957141754475053,0.0002460637188050896
88.5863626098635,24.078026548345047,-7.962017843965441e-05
88.5863626098635,24.19891134221504,
88.5863626098635,24.319796136085035,0.00048764850362204015
88.5863626098635,24.440680929955025,0.0003223178209736943
88.5863626098635,24.56156572382502,0.00018281993106938899
88.5863626098635,24.682450517695013,-0.000389965862268582
88.5863626098635,24.803335311565007,0.0005224770284257829
88.5863626098635,24.924220105435,
88.5863626098635,25.04510489930499,2.5467392333666794e-05
88.5863626098635,25.165989693174986,6.644021777901798e-05
88.5863626098635,25.286874487044976,
88.5863626098635,25.40775928091497,0.000757418165449053
88.5863626098635,25.528644074784964,-0.00042415360803715885
88.5863626098635,25.649528868654954,-0.00038280789158307016
88.5863626098635,25.77041366252495,-0.00010581024253042415
88.5863626098635,25.891298456394946,0.00012166106898803264
88.5863626098635,26.012183250264936,-0.00023168596089817584
88.5863626098635,26.13306804413493,
88.5863626098635,26.25395283800492,-0.00016784774197731167
88.5863626098635,26.374837631874914,-2.0220288206473924e-05
88.5863626098635,26.49572242574491,-0.00016391716781072319
88.5863626098635,26.6166072196149,0.0004338145663496107
88.5863626098635,26.737492013484893,-5.7400658988626674e-05
88.5863626098635,26.858376807354887,0.000281245302176103
88.5863626098635,26.97926160122488,-0.0003927805519197136
88.5863626098635,27.10014639509487,-0.0005350118735805154
88.5863626098635,27.221031188964865,0.0003477790451142937
88.7063626098635,21.539445877075195,-8.272562990896404e-05
88.7063626098635,21.66033067094519,-0.0003687582793645561
88.7063626098635,21.78121546481518,-3.941874092561193e-05
88.7063626098635,21.902100258685174,-0.00017329461115878075
88.7063626098635,22.022985052555168,-0.00010266564640915021
88.7063626098635,22.14386984642516,-0.0001683885493548587
88.7063626098635,22.264754640295152,0.00043757251114584506
88.7063626098635,22.385639434165142,0.0004464257799554616
88.7063626098635,22.50652422803514,0.00045284710358828306
88.7063626098635,22.62740902190513,-0.0006446359329856932
88.7063626098635,22.748293815775124,-0.0004930463619530201
88.7063626098635,22.86917860964512,-0.0006603445508517325
88.7063626098635,22.990063403515112,7.243012805702165e-05
88.7063626098635,23.110948197385103,6.799808761570603e-05
88.7063626098635,23.231832991255096,-0.0003838021366391331
88.7063626098635,23.35271778512509,0.0005600641015917063
88.7063626098635,23.473602578995084,0.0009257143829017878
88.7063626098635,23.594487372865075,0.0005957012181170285
88.7063626098635,23.71537216673507,-0.00018977215222548693
88.7063626098635,23.836256960605063,0.0010780744487419724
88.7063626098635,23.957141754475053,0.00020699728338513523
88.7063626098635,24.078026548345047,8.455928036710247e-05
88.7063626098635,24.19891134221504,8.481179247610271e-05
88.7063626098635,24.319796136085035,5.2432216762099415e-05
88.7063626098635,24.440680929955025,-0.00032847156398929656
88.7063626098635,24.56156572382502,0.00014168786583468318
88.7063626098635,24.682450517695013,-0.00045209741801954806
88.7063626098635,24.803335311565007,0.00024181664048228413
88.7063626098635,24.924220105435,
88.7063626098635,25.04510489930499,2.7390642571845092e-05
88.7063626098635,25.165989693174986,-0.00055374123621732
88.7063626098635,25.286874487044976,0.0005348435952328146
88.7063626098635,25.40775928091497,0.000368636567145586
88.7063626098635,25.528644074784964,-0.00022107991389930248
88.7063626098635,25.649528868654954,0.00013594616029877216
88.7063626098635,25.77041366252495,
88.7063626098635,25.891298456394946,0.00010513339657336473
88.7063626098635,26.012183250264936,0.0002457074006088078
88.7063626098635,26.13306804413493,
88.7063626098635,26.25395283800492,-0.00048538565170019865
88.7063626098635,26.374837631874914,-0.00031756077078171074
88.7063626098635,26.49572242574491,0.0002913296048063785
88.7063626098635,26.6166072196149,0.00039125652983784676
88.7063626098635,26.737492013484893,0.00021856282546650618
88.7063626098635,26.858376807354887,-8.249386883107945e-05
88.7063626098635,26.97926160122488,0.0009333630441688001
88.7063626098635,27.10014639509487,-0.0003026850463356823
88.7063626098635,27.221031188964865,-0.0002603674365673214
88.82636260986351,21.539445877075195,-0.0011628314387053251
88.82636260986351,21.66033067094519,-0.00023143923317547888
88.82636260986351,21.78121546481518,-0.00011986478057224303
88.82636260986351,21.902100258685174,0.0004824601346626878
88.82636260986351,22.022985052555168,0.0001745954796206206
88.82636260986351,22.14386984642516,-0.0014052283950150013
88.82636260986351,22.264754640295152,7.013384310994297e-05
88.82636260986351,22.385639434165142,-0.0002919007383752614
88.82636260986351,22.50652422803514,0.0003194323508068919
88.82636260986351,22.62740902190513,0.0004668027104344219
88.82636260986351,22.748293815775124,0.0002394356852164492
88.82636260986351,22.86917860964512,0.00012711457384284586
88.82636260986351,22.990063403515112,0.000478213420137763
88.82636260986351,23.110948197385103,-0.00022746621107216924
88.82636260986351,23.231832991255096,0.0003085497301071882
88.82636260986351,23.35271778512509,0.0004318751743994653
88.82636260986351,23.473602578995084,1.6315996617777273e-05
88.82636260986351,23.594487372865075,0.0005898360395804048
88.82636260986351,23.71537216673507,-0.0003523720952216536
88.82636260986351,23.836256960605063,0.0003499025187920779
88.82636260986351,23.957141754475053,0.00011231881217099726
88.82636260986351,24.078026548345047,0.0007334271213039756
88.82636260986351,24.19891134221504,0.0006910648080520332
88.82636260986351,24.319796136085035,-7.375281711574644e-05
88.82636260986351,24.440680929955025,-0.00016485097876284271
88.82636260986351,24.56156572382502,0.0009552106494084001
88.82636260986351,24.682450517695013,0.0013872041599825025
88.82636260986351,24.803335311565007,
88.82636260986351,24.924220105435,-0.0004592125187627971
88.82636260986351,25.04510489930499,0.0010670289630070329
88.82636260986351,25.165989693174986,0.00016863143537193537
88.82636260986351,25.286874487044976,0.0002230626851087436
88.82636260986351,25.40775928091497,0.0005212105461396277
88.82636260986351,25.528644074784964,-1.3501744433597196e-05
88.82636260986351,25.649528868654954,8.25959796202369e-05
88.82636260986351,25.77041366252495,-0.00013294561358634382
88.82636260986351,25.891298456394946,4.798043300979771e-05
88.82636260986351,26.012183250264936,-0.0001705832255538553
88.82636260986351,26.13306804413493,-8.62413362483494e-05
88.82636260986351,26.25395283800492,-3.421471410547383e-05
88.82636260986351,26.374837631874914,-0.00018306414131075144
88.82636260986351,26.49572242574491,-0.0004498698690440506
88.82636260986351,26.6166072196149,-8.114027150440961e-05
88.82636260986351,26.737492013484893,-0.00036692156572826207
88.82636260986351,26.858376807354887,0.00020982834394089878
88.82636260986351,26.97926160122488,-0.0004063886881340295
88.82636260986351,27.10014639509487,0.0006045386544428766
88.82636260986351,27.221031188964865,-0.0002624310436658561
88.94636260986351,21.539445877075195,3.925315468222834e-05
88.94636260986351,21.66033067094519,-5.409078949014656e-05
88.94636260986351,21.78121546481518,0.0007969852886162698
88.94636260986351,21.902100258685174,
88.94636260986351,22.022985052555168,-0.0004526420671027154
88.94636260986351,22.14386984642516,0.0006062283646315336
88.94636260986351,22.264754640295152,0.000959042168688029
88.94636260986351,22.385639434165142,-0.00028988017584197223
88.94636260986351,22.50652422803514,-8.089103357633576e-05
88.94636260986351,22.62740902190513,-0.00045672288979403675
88.94636260986351,22.748293815775124,0.0003792419156525284
88.94636260986351,22.86917860964512,0.00029526089201681316
88.94636260986351,22.990063403515112,0.0005297837778925896
88.94636260986351,23.110948197385103,-0.0006265816045925021
88.94636260986351,23.231832991255096,0.0003262240788899362
88.94636260986351,23.35271778512509,-4.849009656027192e-06
88.94636260986351,23.473602578995084,-0.00022871751571074128
88.94636260986351,23.594487372865075,-0.0007162325782701373
88.94636260986351,23.71537216673507,-0.0002768398553598672
88.94636260986351,23.836256960605063,-0.0009051851811818779
88.94636260986351,23.957141754475053,-0.00015913839160930365
88.94636260986351,24.078026548345047,-0.00021326997375581414
88.94636260986351,24.19891134221504,0.00017639419820625335
88.94636260986351,24.319796136085035,0.0009222546359524131
88.94636260986351,24.440680929955025,0.00017845354159362614
88.94636260986351,24.56156572382502,-0.0007240294362418354
88.94636260986351,24.682450517695013,5.5621025239815935e-05
88.94636260986351,24.803335311565007,-7.54820866859518e-05
88.94636260986351,24.924220105435,5.3768304496770725e-05
88.94636260986351,25.04510489930499,0.00012137595331296325
88.94636260986351,25.165989693174986,
88.94636260986351,25.286874487044976,0.0002529638004489243
88.94636260986351,25.40775928091497,7.581613317597657e-05
88.94636260986351,25.528644074784964,0.0002628586662467569
88.94636260986351,25.649528868654954,0.00042956150718964636
88.94636260986351,25.77041366252495,0.0002340061473660171
88.94636260986351,25.891298456394946,0.0007189054158516228
88.94636260986351,26.012183250264936,-0.00012883730232715607
88.94636260986351,26.13306804413493,0.0001749968942021951
88.94636260986351,26.25395283800492,
88.94636260986351,26.374837631874914,0.00011987634934484959
88.94636260986351,26.49572242574491,-1.3515288628695998e-05
88.94636260986351,26.6166072196149,-0.00021241865761112422
88.94636260986351,26.737492013484893,-1.8466816982254386e-05
88.94636260986351,26.858376807354887,-0.0006505112978629768
88.94636260986351,26.97926160122488,5.315848466125317e-05
88.94636260986351,27.10014639509487,0.00022325811733026057
88.94636260986351,27.221031188964865,0.0005664422060362995
89.06636260986352,21.539445877075195,-0.00020165603200439364
89.06636260986352,21.66033067094519,-0.0004505116958171129
89.06636260986352,21.78121546481518,-0.0015215669991448522
89.06636260986352,21.902100258685174,-6.10721399425529e-05
89.06636260986352,22.022985052555168,
89.06636260986352,22.14386984642516,-0.0005479669780470431
89.06636260986352,22.264754640295152,0.0007372276741079986
89.06636260986352,22.385639434165142,5.679282548953779e-05
89.06636260986352,22.50652422803514,9.717947250464931e-05
89.06636260986352,22.62740902190513,0.0009894979884847999
89.06636260986352,22.748293815775124,-2.9355371225392446e-05
89.06636260986352,22.86917860964512,0.0008049565367400646
89.06636260986352,22.990063403515112,8.649904339108616e-05
89.06636260986352,23.110948197385103,-0.0010891868732869625
89.06636260986352,23.231832991255096,0.0003537385491654277
89.06636260986352,23.35271778512509,-0.00034962245263159275
89.06636260986352,23.473602578995084,-0.0006614684825763106
89.06636260986352,23.594487372865075,0.0004142213147133589
89.06636260986352,23.71537216673507,-0.00091217749286443
89.06636260986352,23.836256960605063,8.685717330081388e-05
89.06636260986352,23.957141754475053,
89.06636260986352,24.078026548345047,0.0001260161807294935
89.06636260986352,24.19891134221504,4.621364496415481e-05
89.06636260986352,24.319796136085035,0.00023805985983926803
89.06636260986352,24.440680929955025,-0.00013539819337893277
89.06636260986352,24.56156572382502,
89.06636260986352,24.682450517695013,-0.00011501150584081188
89.06636260986352,24.803335311565007,0.0002264228678541258
89.06636260986352,24.924220105435,-1.4301318174148037e-07
89.06636260986352,25.04510489930499,-0.0001165220674010925
89.06636260986352,25.165989693174986,-0.0001761655876180157
89.06636260986352,25.286874487044976,4.246864773449488e-05
89.06636260986352,25.40775928091497,8.825348049867898e-05
89.06636260986352,25.528644074784964,0.00013860913168173283
89.06636260986352,25.649528868654954,-2.59386288234964e-05
89.06636260986352,25.77041366252495,-1.0569882761046756e-05
89.06636260986352,25.891298456394946,-0.0003341822884976864
89.06636260986352,26.012183250264936,0.0002952395589090884
89.06636260986352,26.13306804413493,-0.00014880020171403885
89.06636260986352,26.25395283800492,-0.00040517764864489436
89.06636260986352,26.374837631874914,0.0005302986828610301
89.06636260986352,26.49572242574491,0.0005402514361776412
89.06636260986352,26.6166072196149,-2.6077825168613344e-05
89.06636260986352,26.737492013484893,-2.0472632968449034e-05
89.06636260986352,26.858376807354887,
89.06636260986352,26.97926160122488,0.0007109728176146746
89.06636260986352,27.10014639509487,3.887570710503496e-05
89.06636260986352,27.221031188964865,1.947242344613187e-05
89.18636260986352,21.539445877075195,-0.0011152338702231646
89.18636260986352,21.66033067094519,
89.18636260986352,21.78121546481518,7.174853635660838e-07
89.18636260986352,21.902100258685174,
89.18636260986352,22.022985052555168,0.00023623768356628716
89.18636260986352,22.14386984642516,-0.00012367503950372338
89.18636260986352,22.264754640295152,-0.00037974939914420247
89.18636260986352,22.385639434165142,0.0005444216076284647
89.18636260986352,22.50652422803514,-0.0007526198751293123
89.18636260986352,22.62740902190513,0.0005699130124412477
89.18636260986352,22.748293815775124,-4.80555318063125e-05
89.18636260986352,22.86917860964512,0.0002696468436624855
89.18636260986352,22.990063403515112,0.00048471405170857906
89.18636260986352,23.110948197385103,0.00046907569048926234
89.18636260986352,23.231832991255096,-5.9127774875378236e-05
89.18636260986352,23.35271778512509,0.00017425947589799762
89.18636260986352,23.473602578995084,-0.000604308326728642
89.18636260986352,23.594487372865075,
89.18636260986352,23.71537216673507,0.0010147558059543371
89.18636260986352,23.836256960605063,-0.0007736559491604567
89.18636260986352,23.957141754475053,0.000818009371869266
89.18636260986352,24.078026548345047,0.00011064975842600688
89.18636260986352,24.19891134221504,-0.0002569301868788898
89.18636260986352,24.319796136085035,0.00021171710977796465
89.18636260986352,24.440680929955025,
89.18636260986352,24.56156572382502,-0.00020566213061101735
89.18636260986352,24.682450517695013,0.0001898981281556189
89.18636260986352,24.803335311565007,-5.106481330585666e-05
89.18636260986352,24.924220105435,0.00019206805154681206
89.18636260986352,25.04510489930499,0.0002416224015178159
89.18636260986352,25.165989693174986,-2.572147423052229e-05
89.18636260986352,25.286874487044976,0.0007416005246341228
89.18636260986352,25.40775928091497,
89.18636260986352,25.528644074784964,0.0007860481855459511
89.18636260986352,25.649528868654954,-0.00018429757619742304
89.18636260986352,25.77041366252495,0.0006143443752080202
89.18636260986352,25.891298456394946,4.927031841361895e-05
89.18636260986352,26.012183250264936,0.0003631224390119314
89.18636260986352,26.13306804413493,1.8504977560951374e-05
89.18636260986352,26.25395283800492,0.0003549960383679718
89.18636260986352,26.374837631874914,-0.00024939459399320185
89.18636260986352,26.49572242574491,6.646750262007117e-05
89.18636260986352,26.6166072196149,-3.771384945139289e-05
89.18636260986352,26.737492013484893,1.9911367417080328e-05
89.18636260986352,26.858376807354887,5.42023326488561e-06
89.18636260986352,26.97926160122488,-0.0004967703716829419
89.18636260986352,27.10014639509487,-0.0005600863369181752
89.18636260986352,27.221031188964865,0.00028645453858189285
89.30636260986353,21.539445877075195,-0.0007533348980359733
89.30636260986353,21.66033067094519,-0.00031619687797501683
89.30636260986353,21.78121546481518,-0.00021680256759282202
89.30636260986353,21.902100258685174,0.0012687761336565018
89.30636260986353,22.022985052555168,-4.547242497210391e-05
89.30636260986353,22.14386984642516,-5.538960249396041e-05
89.30636260986353,22.264754640295152,0.00020613819651771337
89.30636260986353,22.385639434165142,-0.0006509488448500633
89.30636260986353,22.50652422803514,-0.0001774195407051593
89.30636260986353,22.62740902190513,0.00010992421448463574
89.30636260986353,22.748293815775124,0.0005906651495024562
89.30636260986353,22.86917860964512,0.00010719932470237836
89.30636260986353,22.990063403515112,1.925525430124253e-05
89.30636260986353,23.110948197385103,-0.0005305815720930696
89.30636260986353,23.231832991255096,-0.001330881961621344
89.30636260986353,23.35271778512509,
89.30636260986353,23.473602578995084,-0.0001672727958066389
89.30636260986353,23.594487372865075,
89.30636260986353,23.71537216673507,-0.00010002197814173996
89.30636260986353,23.836256960605063,-0.0002762408403214067
89.30636260986353,23.957141754475053,0.0001586111611686647
89.30636260986353,24.078026548345047,
89.30636260986353,24.19891134221504,
89.30636260986353,24.319796136085035,0.0004723725141957402
89.30636260986353,24.440680929955025,0.0035581253468990326
89.30636260986353,24.56156572382502,
89.30636260986353,24.682450517695013,-0.00014484771236311644
89.30636260986353,24.803335311565007,0.000233636746997945
89.30636260986353,24.924220105435,0.0013747145421802998
89.30636260986353,25.04510489930499,0.0003433584643062204
89.30636260986353,25.165989693174986,5.039680763729848e-05
89.30636260986353,25.286874487044976,0.0004865104565396905
89.30636260986353,25.40775928091497,0.00015369299217127264
89.30636260986353,25.528644074784964,0.0010997751960530877
89.30636260986353,25.649528868654954,0.0006527240620926023
89.30636260986353,25.77041366252495,-0.00022783895838074386
89.30636260986353,25.891298456394946,-0.00010162866965401918
89.30636260986353,26.012183250264936,0.00018617922614794225
89.30636260986353,26.13306804413493,-0.0006638247286900878
89.30636260986353,26.25395283800492,4.7295154217863455e-05
89.30636260986353,26.374837631874914,-0.0002858435036614537
89.30636260986353,26.49572242574491,-7.971531158545986e-05
89.30636260986353,26.6166072196149,0.00027316820342093706
89.30636260986353,26.737492013484893,5.3338870202424005e-05
89.30636260986353,26.858376807354887,0.00048772027366794646
89.30636260986353,26.97926160122488,-0.0006950233364477754
89.30636260986353,27.10014639509487,
89.30636260986353,27.221031188964865,-0.00011945233563892543
89.42636260986353,21.539445877075195,-0.0004904695670120418
89.42636260986353,21.66033067094519,-0.0007543943356722593
89.42636260986353,21.78121546481518,5.9336674894439057e-05
89.42636260986353,21.902100258685174,0.0007673368672840297
89.42636260986353,22.022985052555168,7.530512812081724e-05
89.42636260986353,22.14386984642516,0.0002486702287569642
89.42636260986353,22.264754640295152,0.0006377557874657214
89.42636260986353,22.385639434165142,-0.0003479929000604898
89.42636260986353,22.50652422803514,0.0005890345782972872
89.42636260986353,22.62740902190513,-0.00014783685037400573
89.42636260986353,22.748293815775124,-0.0005202886532060802
89.42636260986353,22.86917860964512,-0.00047537326463498175
89.42636260986353,22.990063403515112,-0.0011782025685533881
89.42636260986353,23.110948197385103,0.0007377267465926707
89.42636260986353,23.231832991255096,0.00011048903979826719
89.42636260986353,23.35271778512509,-7.017266761977226e-05
89.42636260986353,23.473602578995084,0.0002067426248686388
89.42636260986353,23.594487372865075,-0.0003853797970805317
89.42636260986353,23.71537216673507,-0.00011861588427564129
89.42636260986353,23.836256960605063,-0.000729006074834615
89.42636260986353,23.957141754475053,3.839158671326004e-05
89.42636260986353,24.078026548345047,0.0005866794963367283
89.42636260986353,24.19891134221504,-0.00030545349000021815
89.42636260986353,24.319796136085035,5.466579023050144e-05
89.42636260986353,24.440680929955025,0.0006991932168602943
89.42636260986353,24.56156572382502,9.146177035290748e-05
89.42636260986353,24.682450517695013,0.0001701544679235667
89.42636260986353,24.803335311565007,
89.42636260986353,24.924220105435,5.449921445688233e-05
89.42636260986353,25.04510489930499,-6.075801866245456e-05
89.42636260986353,25.165989693174986,4.584756607073359e-05
89.42636260986353,25.286874487044976,-0.0004976249183528125
89.42636260986353,25.40775928091497,-3.055380511796102e-05
89.42636260986353,25.528644074784964,-0.00022078272013459355
89.42636260986353,25.649528868654954,-0.00011264529166510329
89.42636260986353,25.77041366252495,-0.0001562248362461105
89.42636260986353,25.891298456394946,-0.0003206688561476767
89.42636260986353,26.012183250264936,-2.541613685025368e-05
89.42636260986353,26.13306804413493,9.171465353574604e-05
89.42636260986353,26.25395283800492,0.0008949711336754262
89.42636260986353,26.374837631874914,0.000437679176684469
89.42636260986353,26.49572242574491,9.601854981156066e-05
89.42636260986353,26.6166072196149,8.856060958351009e-06
89.42636260986353,26.737492013484893,0.001515486161224544
89.42636260986353,26.858376807354887,-8.772430737735704e-05
89.42636260986353,26.97926160122488,-0.0006882339366711676
89.42636260986353,27.10014639509487,-0.00041211838833987713
89.42636260986353,27.221031188964865,-0.0004124727565795183
89.54636260986354,21.539445877075195,-0.0006896902923472226
89.54636260986354,21.66033067094519,0.00039898083196021616
89.54636260986354,21.78121546481518,0.00032285822089761496
89.54636260986354,21.902100258685174,-0.00028450638637878
89.54636260986354,22.022985052555168,-0.0004057662154082209
89.54636260986354,22.14386984642516,0.00016874293214641511
89.54636260986354,22.264754640295152,-7.587971049360931e-05
89.54636260986354,22.385639434165142,0.00010554898472037166
89.54636260986354,22.50652422803514,0.0003864915925078094
89.54636260986354,22.62740902190513,-0.0005947464378550649
89.54636260986354,22.748293815775124,-0.0004444069345481694
89.54636260986354,22.86917860964512,-0.00018274148169439286
89.54636260986354,22.990063403515112,0.0005711173871532083
89.54636260986354,23.110948197385103,0.0007607131847180426
89.54636260986354,23.231832991255096,0.0001826345978770405
89.54636260986354,23.35271778512509,0.0006542115588672459
89.54636260986354,23.473602578995084,-0.0003081309550907463
89.54636260986354,23.594487372865075,0.00014421899686567485
89.54636260986354,23.71537216673507,-0.00021000960259698331
89.54636260986354,23.836256960605063,-0.00039144494803622365
89.54636260986354,23.957141754475053,-0.00013222041889093816
89.54636260986354,24.078026548345047,-0.0005686802905984223
89.54636260986354,24.19891134221504,0.000575149548240006
89.54636260986354,24.319796136085035,-0.000542401394341141
89.54636260986354,24.440680929955025,-2.563834459579084e-05
89.54636260986354,24.56156572382502,-4.855201405007392e-05
89.54636260986354,24.682450517695013,-8.212193642975762e-05
89.54636260986354,24.803335311565007,-3.0153407351463102e-05
89.54636260986354,24.924220105435,-7.555172487627715e-07
89.54636260986354,25.04510489930499,8.846886339597404e-05
89.54636260986354,25.165989693174986,-0.0001234111696248874
89.54636260986354,25.286874487044976,-0.00034902486368082464
89.54636260986354,25.40775928091497,-4.794644337380305e-05
89.54636260986354,25.528644074784964,0.0006452042725868523
89.54636260986354,25.649528868654954,-6.449572538258508e-05
89.54636260986354,25.77041366252495,-0.0002716166782192886
89.54636260986354,25.891298456394946,-0.0010610084282234311
89.54636260986354,26.012183250264936,
89.54636260986354,26.13306804413493,-0.0005434457561932504
89.54636260986354,26.25395283800492,-0.000127833554870449
89.54636260986354,26.374837631874914,0.00040282687405124307
89.54636260986354,26.49572242574491,-0.0006533420528285205
89.54636260986354,26.6166072196149,1.568650441186037e-05
89.54636260986354,26.737492013484893,-0.0003610366547945887
89.54636260986354,26.858376807354887,0.00014607181947212666
89.54636260986354,26.97926160122488,-2.7156345367984613e-06
89.54636260986354,27.10014639509487,0.00016222400881815702
89.54636260986354,27.221031188964865,0.0002229946112493053
89.66636260986354,21.539445877075195,0.0004213156644254923
89.66636260986354,21.66033067094519,0.0006166732055135071
89.66636260986354,21.78121546481518,-0.00014973999350331724
89.66636260986354,21.902100258685174,-0.00021371539332903922
89.66636260986354,22.022985052555168,-0.0002519307308830321
89.66636260986354,22.14386984642516,-0.00010837625450221822
89.66636260986354,22.264754640295152,2.6494399207876995e-05
89.66636260986354,22.385639434165142,0.0011013722978532314
89.66636260986354,22.50652422803514,0.00023997084645088762
89.66636260986354,22.62740902190513,0.0001445460511604324
89.66636260986354,22.748293815775124,4.3037627619924024e-05
89.66636260986354,22.86917860964512,0.00010998701327480376
89.66636260986354,22.990063403515112,-0.00045330842840485275
89.66636260986354,23.110948197385103,6.218398084456567e-06
89.66636260986354,23.231832991255096,3.16047080559656e-05
89.66636260986354,23.35271778512509,0.0003455620026215911
89.66636260986354,23.473602578995084,0.00016764187603257596
89.66636260986354,23.594487372865075,-0.00010735323303379118
89.66636260986354,23.71537216673507,0.0006983353523537517
89.66636260986354,23.836256960605063,0.0006399841513484716
89.66636260986354,23.957141754475053,0.001598511589691043
89.66636260986354,24.078026548345047,-0.00042588403448462486
89.66636260986354,24.19891134221504,-5.636518471874297e-05
89.66636260986354,24.319796136085035,0.000247797928750515
89.66636260986354,24.440680929955025,0.00034729106118902564
89.66636260986354,24.56156572382502,7.998204091563821e-05
89.66636260986354,24.682450517695013,0.0011070134351029992
89.66636260986354,24.803335311565007,0.0007787977228872478
89.66636260986354,24.924220105435,0.0003426075854804367
89.66636260986354,25.04510489930499,-0.0014709531096741557
89.66636260986354,25.165989693174986,-0.00019595336925704032
89.66636260986354,25.286874487044976,2.8603799364645965e-06
89.66636260986354,25.40775928091497,-4.972435999661684e-05
89.66636260986354,25.528644074784964,-6.933596887392923e-05
89.66636260986354,25.649528868654954,0.0003612428263295442
89.66636260986354,25.77041366252495,0.00023764825891703367
89.66636260986354,25.891298456394946,0.0004806891083717346
89.66636260986354,26.012183250264936,0.00021473424567375332
89.66636260986354,26.13306804413493,0.00042382068932056427
89.66636260986354,26.25395283800492,2.6113184503628872e-05
89.66636260986354,26.374837631874914,3.597993782022968e-06
89.66636260986354,26.49572242574491,0.0001402123598381877
89.66636260986354,26.6166072196149,0.0009421788272447884
89.66636260986354,26.737492013484893,-0.001224061823450029
89.66636260986354,26.858376807354887,0.0011551352217793465
89.66636260986354,26.97926160122488,-7.498409831896424e-05
89.66636260986354,27.10014639509487,0.000443698518211022
89.66636260986354,27.221031188964865,0.0001813426351873204
89.78636260986355,21.539445877075195,0.0046765455044806
89.78636260986355,21.66033067094519,-0.0003386849712114781
89.78636260986355,21.78121546481518,0.00047908222768455744
89.78636260986355,21.902100258685174,0.0007747375057078898
89.78636260986355,22.022985052555168,0.0008128036861307919
89.78636260986355,22.14386984642516,-0.0005562498117797077
89.78636260986355,22.264754640295152,-0.0003551980771590024
89.78636260986355,22.385639434165142,0.0006092082476243377
89.78636260986355,22.50652422803514,-0.0006271950551308692
89.78636260986355,22.62740902190513,0.0007614537025801837
89.78636260986355,22.748293815775124,3.748743256437592e-05
89.78636260986355,22.86917860964512,-0.0010337893618270755
89.78636260986355,22.990063403515112,0.0002558718260843307
89.78636260986355,23.110948197385103,-0.00037574386806227267
89.78636260986355,23.231832991255096,0.0005361296935006976
89.78636260986355,23.35271778512509,0.0006955740973353386
89.78636260986355,23.473602578995084,0.00018659743363969028
89.78636260986355,23.594487372865075,-0.0010661868145689368
89.78636260986355,23.71537216673507,-5.2297567890491337e-05
89.78636260986355,23.836256960605063,0.0004852997954003513
89.78636260986355,23.957141754475053,5.489318573381752e-05
89.78636260986355,24.078026548345047,0.00020927138393744826
89.78636260986355,24.19891134221504,0.00023818365298211575
89.78636260986355,24.319796136085035,-0.0003193392476532608
89.78636260986355,24.440680929955025,5.740695269196294e-05
89.78636260986355,24.56156572382502,
89.78636260986355,24.682450517695013,0.00025159295182675123
89.78636260986355,24.803335311565007,-0.0002910043695010245
89.78636260986355,24.924220105435,0.0006628630799241364
89.78636260986355,25.04510489930499,-3.370539707248099e-05
89.78636260986355,25.165989693174986,-0.00026239181170240045
89.78636260986355,25.286874487044976,-0.0002073749783448875
89.78636260986355,25.40775928091497,0.0005348522681742907
89.78636260986355,25.528644074784964,-0.0005844234256073833
89.78636260986355,25.649528868654954,0.000858347921166569
89.78636260986355,25.77041366252495,-0.0021824066061526537
89.78636260986355,25.891298456394946,-4.829891986446455e-05
89.78636260986355,26.012183250264936,-0.0001873562578111887
89.78636260986355,26.13306804413493,
89.78636260986355,26.25395283800492,0.00010661460692062974
89.78636260986355,26.374837631874914,0.00018941059533972293
89.78636260986355,26.49572242574491,0.00012762068945448846
89.78636260986355,26.6166072196149,-0.00034421210875734687
89.78636260986355,26.737492013484893,0.00019509105186443776
89.78636260986355,26.858376807354887,
89.78636260986355,26.97926160122488,-4.347263529780321e-05
89.78636260986355,27.10014639509487,0.00015058334975037724
89.78636260986355,27.221031188964865,9.40173922572285e-05
