longitude,latitude,Co_value(mol/m^2),Co_value(mol/m^2),Co_value(mol/m^2)
76.22574615478533,8.076525688171444,0.0327307917177677,0.0253348890691995,0.0240444503724575
76.22574615478533,8.21655300336012,0.0367864780128002,0.0271695684641599,
76.22574615478533,8.356580318548797,0.0350661948323249,,
76.22574615478533,8.496607633737474,0.0297528356313705,0.0277727860957384,
76.22574615478533,8.636634948926151,0.0342533849179744,,
76.22574615478533,8.776662264114828,0.0277054030448198,0.0273407790809869,0.0231219828128814
76.22574615478533,8.916689579303505,0.0316506810486316,,0.0302909836173057
76.22574615478533,9.05671689449218,,0.0264607798308134,0.0336123965680599
76.22574615478533,9.196744209680856,0.02668933942914,,
76.22574615478533,9.336771524869532,0.031235184520483,0.0273250509053468,0.0231523588299751
76.22574615478533,9.47679884005821,0.0366406291723251,,0.031237818300724
76.22574615478533,9.616826155246889,0.0312378611415624,,
76.22574615478533,9.756853470435564,0.0271806921809911,0.0304560791701078,0.0277848131954669
76.22574615478533,9.89688078562424,0.0282917153090238,0.0257305484265089,0.0271612703800201
76.22574615478533,10.036908100812918,0.0304828379303216,,
76.22574615478533,10.176935416001594,0.0305988639593124,,0.0275608412921428
76.22574615478533,10.316962731190271,0.0242452900856733,0.0285914596170187,0.0330135226249694
76.22574615478533,10.456990046378948,0.0355475656688213,0.0320590622723102,
76.22574615478533,10.597017361567625,0.0294349379837512,0.0349212847650051,
76.22574615478533,10.737044676756302,0.0258194655179977,0.0343950651586055,0.025622172281146
76.22574615478533,10.877071991944977,0.0229884479194879,,0.0258123502135276
76.22574615478533,11.017099307133654,0.0283591635525226,0.0258340500295162,0.0302160587161779
76.22574615478533,11.15712662232233,,0.0282720606774091,0.0200693327933549
76.22574615478533,11.297153937511007,0.0304830577224493,0.0281161069869995,0.0242139752954244
76.22574615478533,11.437181252699684,0.0286786817014217,,0.0281923934817314
76.22574615478533,11.57720856788836,0.0347906276583671,,0.0326108820736408
76.22574615478533,11.717235883077038,,,0.0350641123950481
76.22574615478533,11.857263198265716,0.0240551065653562,0.0301667135208845,0.0277263429015874
76.22574615478533,11.997290513454391,0.0256408229470253,0.0315219052135944,0.0339729636907577
76.22574615478533,12.137317828643068,0.0362906493246555,0.0393204241991043,
76.22574615478533,12.277345143831743,0.0205207038670778,0.0252918396145105,0.0271903704851865
76.22574615478533,12.41737245902042,0.0243262834846973,0.030039794743061,0.0316663421690464
76.22574615478533,12.5573997742091,0.0269866771996021,0.0225648246705532,0.0306717306375503
76.22574615478533,12.697427089397774,0.0245585013180971,0.022872757166624,0.0323331281542778
76.22574615478533,12.837454404586452,,0.028349619358778,
76.22574615478533,12.977481719775128,0.0216068122535944,0.0343576818704605,
76.22574615478533,13.117509034963804,0.023546228185296,0.026931433007121,0.0341104641556739
76.22574615478533,13.25753635015248,0.0284843631088733,0.026932505890727,0.0238526724278926
76.22574615478533,13.397563665341158,0.0272961892187595,,
76.22574615478533,13.537590980529837,,,0.0296460632234811
76.36574615478533,8.076525688171444,0.0286736916750669,,
76.36574615478533,8.21655300336012,0.0370638780295848,0.0267228409647941,0.0299654118716716
76.36574615478533,8.356580318548797,0.0232960768043994,,0.0264675896614789
76.36574615478533,8.496607633737474,0.030889593064785,0.0265138018876314,
76.36574615478533,8.636634948926151,,,0.0334848128259182
76.36574615478533,8.776662264114828,0.0327268093824386,,0.0329860970377922
76.36574615478533,8.916689579303505,0.0330623984336853,,0.0287937615066766
76.36574615478533,9.05671689449218,0.0323534719645977,,0.0288337394595146
76.36574615478533,9.196744209680856,0.0286521073430776,0.0270810555666685,
76.36574615478533,9.336771524869532,0.0293749030679464,,
76.36574615478533,9.47679884005821,0.0273985434323549,,0.0203638020902872
76.36574615478533,9.616826155246889,0.0266924239695072,0.0340108312666416,
76.36574615478533,9.756853470435564,0.0295514576137065,0.0256970729678869,0.0265859253704547
76.36574615478533,9.89688078562424,0.0215048734098672,,0.0294798854738473
76.36574615478533,10.036908100812918,,0.0299127865582704,0.028454340994358
76.36574615478533,10.176935416001594,0.0332559272646904,0.0316946953535079,0.0271763876080513
76.36574615478533,10.316962731190271,0.0285957939922809,,
76.36574615478533,10.456990046378948,0.0282517969608306,,
76.36574615478533,10.597017361567625,0.0309398341923952,0.036855150014162,0.0207354724407196
76.36574615478533,10.737044676756302,0.0265391319990158,0.0352364815771579,0.0257145352661609
76.36574615478533,10.877071991944977,0.0257772430777549,,0.0305841155350208
76.36574615478533,11.017099307133654,0.0324515029788017,,0.0339948534965515
76.36574615478533,11.15712662232233,0.0292253103107213,,0.0255243331193923
76.36574615478533,11.297153937511007,0.0281350836157798,,0.0259738266468048
76.36574615478533,11.437181252699684,0.0271834190934896,,0.026933105662465
76.36574615478533,11.57720856788836,0.0355527512729167,0.0265008751302957,
76.36574615478533,11.717235883077038,0.0234950073063373,0.019247805699706,
76.36574615478533,11.857263198265716,0.0289736557751894,,0.0303511247038841
76.36574615478533,11.997290513454391,0.029947705566883,0.0257503353059291,0.0332505218684673
76.36574615478533,12.137317828643068,0.0279207490384578,,0.0330406576395034
76.36574615478533,12.277345143831743,0.030482392758131,,0.032214306294918
76.36574615478533,12.41737245902042,0.0245273169130086,0.0316075384616851,0.0243829768151044
76.36574615478533,12.5573997742091,,0.0393291041254997,0.0241801720112562
76.36574615478533,12.697427089397774,,0.0270198248326778,0.0317506939172744
76.36574615478533,12.837454404586452,0.0323074422776699,0.0354365371167659,
76.36574615478533,12.977481719775128,,0.0312478300184011,
76.36574615478533,13.117509034963804,0.0337139628827571,,0.0291686803102493
76.36574615478533,13.25753635015248,0.0276279598474502,,0.0269152410328388
76.36574615478533,13.397563665341158,0.0290735643357038,0.0286049805581569,0.0225719474256038
76.36574615478533,13.537590980529837,,0.0348851792514324,
76.50574615478533,8.076525688171444,0.0297263823449611,,0.0293894484639167
76.50574615478533,8.21655300336012,0.0362922213971614,,
76.50574615478533,8.356580318548797,0.025140618905425,0.0342578440904617,0.0304171107709407
76.50574615478533,8.496607633737474,0.0305284429341554,0.0308838356286287,0.0287857335060834
76.50574615478533,8.636634948926151,0.02671954408288,0.0268352907150983,
76.50574615478533,8.776662264114828,0.0343037098646163,,0.0316410027444362
76.50574615478533,8.916689579303505,0.0264178682118654,0.0328057371079921,0.0298657976090908
76.50574615478533,9.05671689449218,0.0364209115505218,,0.0301049351692199
76.50574615478533,9.196744209680856,0.0362022034823894,0.0236122552305459,0.0302903819829225
76.50574615478533,9.336771524869532,0.0346797034144401,,0.0306083187460899
76.50574615478533,9.47679884005821,0.0355231389403343,0.0277107711881399,
76.50574615478533,9.616826155246889,,0.0360435359179973,0.0234108082950115
76.50574615478533,9.756853470435564,0.0282732136547565,0.0276188272982835,
76.50574615478533,9.89688078562424,0.0317590162158012,,
76.50574615478533,10.036908100812918,,,0.0291017759591341
76.50574615478533,10.176935416001594,0.0303031187504529,0.0210539661347866,0.0329300761222839
76.50574615478533,10.316962731190271,0.0328638032078743,,0.0267599038779735
76.50574615478533,10.456990046378948,0.032856598496437,,0.0260110851377248
76.50574615478533,10.597017361567625,0.0274677239358425,,
76.50574615478533,10.737044676756302,,,0.0323036424815654
76.50574615478533,10.877071991944977,0.0300432182848453,0.029457489028573,0.031920950859785
76.50574615478533,11.017099307133654,0.0296118445694446,,0.031122364103794
76.50574615478533,11.15712662232233,0.0276590753346681,0.0326075442135334,0.0277630798518657
76.50574615478533,11.297153937511007,0.0277362465858459,0.0335485748946666,
76.50574615478533,11.437181252699684,,0.0339495837688446,0.0186051577329635
76.50574615478533,11.57720856788836,0.0259498674422502,,0.0352975912392139
76.50574615478533,11.717235883077038,,0.028513878583908,0.0343852899968624
76.50574615478533,11.857263198265716,0.0286928117275238,,
76.50574615478533,11.997290513454391,0.027963500469923,,
76.50574615478533,12.137317828643068,0.0296510122716426,0.0311547052115201,0.0338253192603588
76.50574615478533,12.277345143831743,0.0305192433297634,0.0324380472302436,
76.50574615478533,12.41737245902042,0.0279945544898509,0.0386786945164203,0.0338905081152915
76.50574615478533,12.5573997742091,0.0273996777832508,,0.0273286588490009
76.50574615478533,12.697427089397774,0.0253993347287178,,0.0318404696881771
76.50574615478533,12.837454404586452,0.0231797508895397,,0.0292912889271974
76.50574615478533,12.977481719775128,0.0509461313486099,,0.0321216434240341
76.50574615478533,13.117509034963804,0.0234045293182134,0.0358966700732708,0.0329336039721965
76.50574615478533,13.25753635015248,0.0313507728278636,0.0333690345287323,0.0298542771488428
76.50574615478533,13.397563665341158,0.0198902059346437,0.033584177494049,0.0338416472077369
76.50574615478533,13.537590980529837,0.0249347034841775,,0.0336626209318637
76.64574615478533,8.076525688171444,0.0322941280901432,,0.0292136184871196
76.64574615478533,8.21655300336012,0.0288906451314687,,0.0277605783194303
76.64574615478533,8.356580318548797,0.0261880606412887,0.0263742804527282,
76.64574615478533,8.496607633737474,0.0277214869856834,0.023858206346631,0.031468067318201
76.64574615478533,8.636634948926151,0.0364560894668102,,
76.64574615478533,8.776662264114828,0.0311719588935375,0.0282951835542917,0.0207155868411064
76.64574615478533,8.916689579303505,0.0319687388837337,0.0291470177471637,0.0314512550830841
76.64574615478533,9.05671689449218,0.030480321496725,0.0315160863101482,0.0331497639417648
76.64574615478533,9.196744209680856,0.0310231447219848,0.0253239199519157,0.0298663433641195
76.64574615478533,9.336771524869532,0.0350361429154872,,0.0307286996394395
76.64574615478533,9.47679884005821,0.0302127357572317,,0.0303593315184116
76.64574615478533,9.616826155246889,,0.0265488792210817,
76.64574615478533,9.756853470435564,0.0251602567732334,,0.0234541129320859
76.64574615478533,9.89688078562424,0.0300045143812894,,0.0203857272863388
76.64574615478533,10.036908100812918,,,
76.64574615478533,10.176935416001594,,0.024916460737586,0.0268409084528684
76.64574615478533,10.316962731190271,0.030275322496891,,0.028624041005969
76.64574615478533,10.456990046378948,0.0269595198333263,0.0258112698793411,0.0283687766641378
76.64574615478533,10.597017361567625,0.0258890911936759,,0.0230434201657772
76.64574615478533,10.737044676756302,0.0260632559657096,0.0322719141840934,0.0221581365913152
76.64574615478533,10.877071991944977,0.0311612319201231,0.0379742830991745,0.0337620861828327
76.64574615478533,11.017099307133654,,,
76.64574615478533,11.15712662232233,0.029002221301198,0.0311798471957445,0.027173064649105
76.64574615478533,11.297153937511007,0.0328878425061702,0.0245044026523828,0.0306355450302362
76.64574615478533,11.437181252699684,,,0.0291755888611078
76.64574615478533,11.57720856788836,0.0216309912502765,0.0351714380085468,0.0261173658072948
76.64574615478533,11.717235883077038,,,
76.64574615478533,11.857263198265716,,,0.027514636516571
76.64574615478533,11.997290513454391,0.0273283030837774,0.0324112139642238,
76.64574615478533,12.137317828643068,0.0246118586510419,0.033277329057455,
76.64574615478533,12.277345143831743,0.0279049407690763,,0.0279958490282297
76.64574615478533,12.41737245902042,0.0254481621086597,0.0282577909529209,0.026359973475337
76.64574615478533,12.5573997742091,0.0203165728598833,,0.0268229749053716
76.64574615478533,12.697427089397774,,0.022105848416686,0.0295506604015827
76.64574615478533,12.837454404586452,,0.0244429018348455,0.0314552001655101
76.64574615478533,12.977481719775128,0.0261995419859886,0.0280994679778814,0.0229021236300468
76.64574615478533,13.117509034963804,0.0236513204872608,,0.0237644184380769
76.64574615478533,13.25753635015248,0.0246125217527151,,
76.64574615478533,13.397563665341158,0.0318378917872905,0.0243229810148477,0.02968131005764
76.64574615478533,13.537590980529837,0.0227823909372091,,0.0281763449311256
76.78574615478533,8.076525688171444,0.0341326519846916,0.0273911580443382,0.032393492758274
76.78574615478533,8.21655300336012,0.0296098124235868,,0.0300691314041614
76.78574615478533,8.356580318548797,0.0271386001259088,0.0260989367961883,0.0334431491792202
76.78574615478533,8.496607633737474,,,0.031206838786602
76.78574615478533,8.636634948926151,0.0273564029484987,,0.0325275026261806
76.78574615478533,8.776662264114828,,0.0329097844660282,0.0301350802183151
76.78574615478533,8.916689579303505,0.0328089483082294,,0.0340603925287723
76.78574615478533,9.05671689449218,0.0345671065151691,,0.0307120885699987
76.78574615478533,9.196744209680856,0.0298903919756412,,0.031798530369997
76.78574615478533,9.336771524869532,0.0310985427349805,,0.0326176509261131
76.78574615478533,9.47679884005821,0.0295478478074073,,0.0291368663311004
76.78574615478533,9.616826155246889,0.0296285040676593,,
76.78574615478533,9.756853470435564,0.037751767784357,,0.0281381700187921
76.78574615478533,9.89688078562424,0.0374595858156681,0.0337483175098896,0.0278584361076354
76.78574615478533,10.036908100812918,0.0277442280203104,0.027950145304203,0.0244966074824333
76.78574615478533,10.176935416001594,,,0.0314705483615398
76.78574615478533,10.316962731190271,0.0298819355666637,0.0299639198929071,0.0221493616700172
76.78574615478533,10.456990046378948,,0.0244477670639753,0.0319728776812553
76.78574615478533,10.597017361567625,,0.0340964868664741,0.029970496892929
76.78574615478533,10.737044676756302,0.0257162377238273,,
76.78574615478533,10.877071991944977,0.0239221844822168,,0.0329231619834899
76.78574615478533,11.017099307133654,0.0260948706418275,0.0268534198403358,0.0230711176991462
76.78574615478533,11.15712662232233,0.0297362618148326,0.031870424747467,0.0306919813156127
76.78574615478533,11.297153937511007,0.0306959766894578,,0.0297048762440681
76.78574615478533,11.437181252699684,0.0312001146376132,0.0273347645998001,0.019521240144968
76.78574615478533,11.57720856788836,0.0308040790259838,0.0291097071021795,0.0229511149227619
76.78574615478533,11.717235883077038,0.030166883021593,,
76.78574615478533,11.857263198265716,0.0297427829355001,,
76.78574615478533,11.997290513454391,0.0211772583425045,,
76.78574615478533,12.137317828643068,0.0294581819325685,0.0272828005254268,0.0328452438116073
76.78574615478533,12.277345143831743,0.025515180081129,,
76.78574615478533,12.41737245902042,0.025630185380578,,0.0315009802579879
76.78574615478533,12.5573997742091,0.0293371640145778,0.0263558086007833,0.0293645430356264
76.78574615478533,12.697427089397774,,,0.030831791460514
76.78574615478533,12.837454404586452,,0.0266408491879701,0.0252076890319585
76.78574615478533,12.977481719775128,0.0369716845452785,0.0347904041409492,0.032377939671278
76.78574615478533,13.117509034963804,0.0368021540343761,,
76.78574615478533,13.25753635015248,0.0197044741362333,0.0321372896432876,
76.78574615478533,13.397563665341158,,0.0267932526767253,0.0315056405961513
76.78574615478533,13.537590980529837,0.0338155850768089,,0.0231918729841709
76.92574615478533,8.076525688171444,0.0276154354214668,,
76.92574615478533,8.21655300336012,0.0299021322280168,0.0223553553223609,
76.92574615478533,8.356580318548797,0.0297701898962259,,0.0328560248017311
76.92574615478533,8.496607633737474,0.0318747088313102,,
76.92574615478533,8.636634948926151,0.0292378086596727,0.0294922646135091,0.0248542893677949
76.92574615478533,8.776662264114828,,0.0280618723481893,
76.92574615478533,8.916689579303505,0.0294708721339702,0.0253064669668674,0.0314729884266853
76.92574615478533,9.05671689449218,0.0301590543240308,0.0248201489448547,0.0304389130324125
76.92574615478533,9.196744209680856,0.032729435712099,,
76.92574615478533,9.336771524869532,0.0262251310050487,0.0285846330225467,
76.92574615478533,9.47679884005821,0.0363395027816295,0.0190133191645145,
76.92574615478533,9.616826155246889,0.0269411299377679,,0.0259998217225074
76.92574615478533,9.756853470435564,0.035689678043127,0.0222624912858009,0.0324324034154415
76.92574615478533,9.89688078562424,0.0276063848286867,0.0310487151145935,0.0324790440499782
76.92574615478533,10.036908100812918,,0.0360393822193145,0.0325779393315315
76.92574615478533,10.176935416001594,0.03282206133008,0.0264468286186456,0.0301170349121093
76.92574615478533,10.316962731190271,0.0275357980281114,,
76.92574615478533,10.456990046378948,0.0269064921885728,,0.0290795788168907
76.92574615478533,10.597017361567625,0.0250211656093597,,0.0273354612290859
76.92574615478533,10.737044676756302,0.0306967124342918,,0.0304328985512256
76.92574615478533,10.877071991944977,,,0.0315980613231658
76.92574615478533,11.017099307133654,0.0285959467291831,0.0239776689559221,0.0291658509522676
76.92574615478533,11.15712662232233,0.0254794657230377,,0.0285256691277027
76.92574615478533,11.297153937511007,0.0212379898875951,0.0267793256789445,
76.92574615478533,11.437181252699684,0.0220634825527668,,0.0238230880349874
76.92574615478533,11.57720856788836,0.0302588436752557,,0.0322270132601261
76.92574615478533,11.717235883077038,0.0322269164025783,0.0258568618446588,0.0297163948416709
76.92574615478533,11.857263198265716,0.0265560392290353,,0.0337134189903736
76.92574615478533,11.997290513454391,0.0284170303493738,0.0333339162170887,0.0327316485345363
76.92574615478533,12.137317828643068,0.034111488610506,0.0273598749190568,0.0307093281298875
76.92574615478533,12.277345143831743,0.0249445084482431,,0.0309302173554897
76.92574615478533,12.41737245902042,,,0.0248785465955734
76.92574615478533,12.5573997742091,0.0245909094810485,0.02886831946671,0.0245554856956005
76.92574615478533,12.697427089397774,0.0267134625464677,,0.0321827754378318
76.92574615478533,12.837454404586452,0.0275357998907566,,0.025188036262989
76.92574615478533,12.977481719775128,0.0277278963476419,0.033457513898611,0.027064386755228
76.92574615478533,13.117509034963804,0.0258945524692535,0.0257059913128614,
76.92574615478533,13.25753635015248,,,
76.92574615478533,13.397563665341158,0.0250075608491897,0.0298666860908269,
76.92574615478533,13.537590980529837,0.0231575816869735,,
77.06574615478533,8.076525688171444,0.0246378351002931,,0.0317646488547325
77.06574615478533,8.21655300336012,0.0406519547104835,0.0254825539886951,
77.06574615478533,8.356580318548797,0.0315325111150741,,0.0198074784129858
77.06574615478533,8.496607633737474,0.0310875382274389,0.0342899411916732,0.030662901699543
77.06574615478533,8.636634948926151,0.0321214087307453,0.0250951815396547,0.0266402140259742
77.06574615478533,8.776662264114828,0.0259399432688951,,
77.06574615478533,8.916689579303505,0.0341462790966033,,0.0343735814094543
77.06574615478533,9.05671689449218,0.0374845713376998,,0.0308488775044679
77.06574615478533,9.196744209680856,0.0356799662113189,0.0213185921311378,0.0266965832561254
77.06574615478533,9.336771524869532,0.0299104955047369,0.0355218276381492,0.0289156530052423
77.06574615478533,9.47679884005821,0.0349523238837718,,0.0316552370786666
77.06574615478533,9.616826155246889,0.0266898609697818,,0.029536860063672
77.06574615478533,9.756853470435564,0.0319508425891399,0.0295847002416849,0.0254863183945417
77.06574615478533,9.89688078562424,,,0.0278384089469909
77.06574615478533,10.036908100812918,0.032662995159626,,0.0270687732845544
77.06574615478533,10.176935416001594,,0.0288794171065092,
77.06574615478533,10.316962731190271,0.0288584921509027,,0.0278934389352798
77.06574615478533,10.456990046378948,0.0225317925214767,0.0232450850307941,0.0323252193629741
77.06574615478533,10.597017361567625,0.0342237576842308,,
77.06574615478533,10.737044676756302,0.0267648994922637,0.0334744341671466,
77.06574615478533,10.877071991944977,0.0283533781766891,0.0261874366551637,0.0303931888192892
77.06574615478533,11.017099307133654,0.0287355706095695,0.0389856733381748,0.0323876626789569
77.06574615478533,11.15712662232233,0.0295937247574329,0.0267567038536071,0.0242487452924251
77.06574615478533,11.297153937511007,0.0295077264308929,0.0261578820645809,0.0249481294304132
77.06574615478533,11.437181252699684,,,
77.06574615478533,11.57720856788836,0.0323399864137172,0.0332286171615123,0.0235385466367006
77.06574615478533,11.717235883077038,0.0230253860354423,0.0251402556896209,
77.06574615478533,11.857263198265716,0.0258298479020595,,0.0285572204738855
77.06574615478533,11.997290513454391,0.0245705973356962,0.0270730927586555,0.0321407280862331
77.06574615478533,12.137317828643068,0.0301363971084356,0.0275854729115962,0.0345816202461719
77.06574615478533,12.277345143831743,0.0272747315466403,0.0244359727948904,
77.06574615478533,12.41737245902042,0.0259424280375242,0.0267817955464124,0.0299595687538385
77.06574615478533,12.5573997742091,,,
77.06574615478533,12.697427089397774,0.025838179513812,,
77.06574615478533,12.837454404586452,0.0229984894394874,0.0311847422271966,0.0280906893312931
77.06574615478533,12.977481719775128,0.0276697613298892,0.0317748934030532,
77.06574615478533,13.117509034963804,0.0262317173182964,0.0309659671038389,0.0272500980645418
77.06574615478533,13.25753635015248,,0.0284951906651258,
77.06574615478533,13.397563665341158,0.0315202251076698,0.0352784842252731,0.0261804815381765
77.06574615478533,13.537590980529837,,0.0244343373924493,
77.20574615478533,8.076525688171444,0.0331912115216255,0.0312102660536766,
77.20574615478533,8.21655300336012,,0.0255769249051809,
77.20574615478533,8.356580318548797,,0.0299142058938741,0.0304683204740285
77.20574615478533,8.496607633737474,0.0342913940548896,,
77.20574615478533,8.636634948926151,0.0317949876189231,0.0272212252020835,0.0276238713413476
77.20574615478533,8.776662264114828,0.030238764360547,,
77.20574615478533,8.916689579303505,0.0331649966537952,,0.0304520893841981
77.20574615478533,9.05671689449218,0.0290196500718593,0.0235663577914237,0.0310419369488954
77.20574615478533,9.196744209680856,0.029250269755721,,
77.20574615478533,9.336771524869532,0.0343138612806797,0.0307969152927398,0.0291759278625249
77.20574615478533,9.47679884005821,0.0277526527643203,0.0325698032975196,
77.20574615478533,9.616826155246889,0.0316873230040073,,0.0276738163083791
77.20574615478533,9.756853470435564,,0.0293533820658922,0.0295746065676212
77.20574615478533,9.89688078562424,,0.0288135297596454,0.0302593763917684
77.20574615478533,10.036908100812918,0.0294685289263725,,0.0317443832755088
77.20574615478533,10.176935416001594,0.029798075556755,,0.0250808000564575
77.20574615478533,10.316962731190271,0.0276340004056692,0.0270941127091646,
77.20574615478533,10.456990046378948,0.0326649695634841,0.0350332781672477,0.0267201922833919
77.20574615478533,10.597017361567625,0.0279274452477693,,0.0323466099798679
77.20574615478533,10.737044676756302,0.0287238657474517,,
77.20574615478533,10.877071991944977,0.0267635937780141,0.0234876591712236,
77.20574615478533,11.017099307133654,0.0282669533044099,,
77.20574615478533,11.15712662232233,0.0211877506226301,,0.0169086549431085
77.20574615478533,11.297153937511007,0.0251504871994256,0.026731951162219,0.0296690966933965
77.20574615478533,11.437181252699684,0.0261788722127676,0.0265506450086832,0.0318233296275138
77.20574615478533,11.57720856788836,0.027953328564763,,
77.20574615478533,11.717235883077038,0.0292451120913028,,0.0292733311653137
77.20574615478533,11.857263198265716,0.0311998315155506,,
77.20574615478533,11.997290513454391,0.0316216349601745,0.0221396293491125,0.0246157608926296
77.20574615478533,12.137317828643068,0.0356731377542018,0.0278439912945032,0.0305463504046201
77.20574615478533,12.277345143831743,,,
77.20574615478533,12.41737245902042,0.0225961375981569,,0.0270313359797
77.20574615478533,12.5573997742091,0.020920168608427,0.0325170196592807,
77.20574615478533,12.697427089397774,0.0282871089875698,,
77.20574615478533,12.837454404586452,0.0279260445386171,,0.0317644588649272
77.20574615478533,12.977481719775128,0.0255472678691148,0.0295496899634599,
77.20574615478533,13.117509034963804,0.0305170211941003,0.0233756210654974,0.0260562561452388
77.20574615478533,13.25753635015248,0.0234474353492259,0.0255957543849945,0.0289887823164463
77.20574615478533,13.397563665341158,0.037677876651287,0.0302176158875226,
77.20574615478533,13.537590980529837,0.033301331102848,,0.0247873309999704
77.34574615478533,8.076525688171444,0.0303378123790025,,0.0290148891508579
77.34574615478533,8.21655300336012,0.0301222223788499,,0.0263410657644271
77.34574615478533,8.356580318548797,0.0358041897416114,0.026526816189289,0.0249075405299663
77.34574615478533,8.496607633737474,0.0302926581352949,0.0358011461794376,0.0311885010451078
77.34574615478533,8.636634948926151,,,
77.34574615478533,8.776662264114828,0.0281751994043588,0.0333902835845947,0.0243404805660247
77.34574615478533,8.916689579303505,0.0311322044581174,,0.0206251591444015
77.34574615478533,9.05671689449218,0.0302892345935106,,0.0346434786915779
77.34574615478533,9.196744209680856,0.0357475914061069,,0.0290486961603164
77.34574615478533,9.336771524869532,0.0282761510461568,0.0320012234151363,0.02677240408957
77.34574615478533,9.47679884005821,0.0293414089828729,,0.0321097560226917
77.34574615478533,9.616826155246889,0.0270630866289138,0.0331503041088581,0.0300128869712352
77.34574615478533,9.756853470435564,0.0276962667703628,,0.0269890129566192
77.34574615478533,9.89688078562424,0.0265437737107276,,
77.34574615478533,10.036908100812918,,,
77.34574615478533,10.176935416001594,0.0270891711115837,0.0372807718813419,0.0277907587587833
77.34574615478533,10.316962731190271,0.0323576070368289,0.0232335124164819,0.0285899993032217
77.34574615478533,10.456990046378948,0.0286933649331331,0.0302964989095926,0.0289474949240684
77.34574615478533,10.597017361567625,0.0299726519733667,0.0278436206281185,0.0360234230756759
77.34574615478533,10.737044676756302,0.0236572735011577,0.0267231035977602,0.0310452152043581
77.34574615478533,10.877071991944977,0.0274693090468645,0.0286235138773918,
77.34574615478533,11.017099307133654,,0.0300541818141937,0.039103340357542
77.34574615478533,11.15712662232233,0.0317626185715198,0.0265881102532148,0.0346775352954864
77.34574615478533,11.297153937511007,,0.031193820759654,
77.34574615478533,11.437181252699684,0.0321350023150444,0.0346615798771381,
77.34574615478533,11.57720856788836,,,0.0273488834500312
77.34574615478533,11.717235883077038,,0.029931841418147,0.0317646004259586
77.34574615478533,11.857263198265716,0.0332656316459178,0.0277103520929813,0.0306943729519844
77.34574615478533,11.997290513454391,,,
77.34574615478533,12.137317828643068,0.022844836115837,,
77.34574615478533,12.277345143831743,0.026104524731636,,0.0290045589208602
77.34574615478533,12.41737245902042,0.0308772921562194,0.030013820156455,0.0304329264909029
77.34574615478533,12.5573997742091,0.0263984519988298,0.0293842274695634,0.0288221556693315
77.34574615478533,12.697427089397774,0.0276874341070652,0.0304657854139804,0.0281192529946565
77.34574615478533,12.837454404586452,0.0305218938738107,0.0277934893965721,0.02853424847126
77.34574615478533,12.977481719775128,0.023138990625739,,
77.34574615478533,13.117509034963804,0.0281364023685455,0.0291176848113536,
77.34574615478533,13.25753635015248,0.0333195179700851,0.0366530194878578,
77.34574615478533,13.397563665341158,0.0203793942928314,,0.0314175747334957
77.34574615478533,13.537590980529837,,0.0291386395692825,
77.48574615478533,8.076525688171444,0.0278066303580999,0.0294035132974386,0.0316165201365947
77.48574615478533,8.21655300336012,0.0342359803617,0.033993262797594,0.0325780473649501
77.48574615478533,8.356580318548797,0.0291419010609388,0.0184289813041687,0.0303795840591192
77.48574615478533,8.496607633737474,0.0318325608968734,,
77.48574615478533,8.636634948926151,0.0271737016737461,,
77.48574615478533,8.776662264114828,0.0293533485382795,,
77.48574615478533,8.916689579303505,0.027249252423644,0.0266495235264301,0.0307226683944463
77.48574615478533,9.05671689449218,,,0.0329632610082626
77.48574615478533,9.196744209680856,0.0342442877590656,0.0276241563260555,0.0263553988188505
77.48574615478533,9.336771524869532,0.0287069585174322,0.0282449796795845,0.0235449057072401
77.48574615478533,9.47679884005821,,,0.0259949136525392
77.48574615478533,9.616826155246889,0.0288949720561504,0.031850729137659,0.0291764866560697
77.48574615478533,9.756853470435564,0.0268081668764352,0.0270115043967962,
77.48574615478533,9.89688078562424,0.0275542251765728,,0.0237186513841152
77.48574615478533,10.036908100812918,,0.0205946639180183,0.0227587539702653
77.48574615478533,10.176935416001594,0.0291939303278923,,0.0299913883209228
77.48574615478533,10.316962731190271,0.02499246224761,0.0290566496551036,0.0314111299812793
77.48574615478533,10.456990046378948,0.0309856962412595,,0.032833307981491
77.48574615478533,10.597017361567625,0.0250588860362768,,
77.48574615478533,10.737044676756302,0.0262092333287,,0.0286440327763557
77.48574615478533,10.877071991944977,0.0281204916536808,0.0352049246430397,
77.48574615478533,11.017099307133654,0.024562394246459,,0.0313282683491706
77.48574615478533,11.15712662232233,0.0282084234058856,,0.023682864382863
77.48574615478533,11.297153937511007,0.0329827554523944,,0.0254798978567123
77.48574615478533,11.437181252699684,,0.0340469740331172,0.0340641215443611
77.48574615478533,11.57720856788836,0.0286110378801822,,0.0324516259133815
77.48574615478533,11.717235883077038,0.0263272058218717,0.0332725085318088,
77.48574615478533,11.857263198265716,0.0258263796567916,,0.0221699811518192
77.48574615478533,11.997290513454391,0.0231797508895397,,0.0310094505548477
77.48574615478533,12.137317828643068,,0.0284062400460243,0.0261486284434795
77.48574615478533,12.277345143831743,,0.0290261544287204,0.0308162830770015
77.48574615478533,12.41737245902042,0.0305139143019914,0.03678710013628,0.0257250498980283
77.48574615478533,12.5573997742091,,0.0264779757708311,0.0313933715224266
77.48574615478533,12.697427089397774,0.0282129626721143,,
77.48574615478533,12.837454404586452,0.0173958502709865,0.032911017537117,0.0350890569388866
77.48574615478533,12.977481719775128,,0.0309663414955139,0.0303668547421693
77.48574615478533,13.117509034963804,0.0256395172327756,,
77.48574615478533,13.25753635015248,0.0258590821176767,0.0317324846982955,0.0275142546743154
77.48574615478533,13.397563665341158,,0.0279580913484096,0.0273621287196874
77.48574615478533,13.537590980529837,0.0301223099231719,0.0249812230467796,
77.62574615478533,8.076525688171444,0.0341661907732486,,0.0241666529327631
77.62574615478533,8.21655300336012,0.0391009077429771,0.0344483479857444,0.029495345428586
77.62574615478533,8.356580318548797,0.0272321123629808,,
77.62574615478533,8.496607633737474,0.0276072453707456,,
77.62574615478533,8.636634948926151,0.0290252231061458,0.0361802577972412,0.0329998694360256
77.62574615478533,8.776662264114828,0.0331735052168369,,0.0332752540707588
77.62574615478533,8.916689579303505,0.0219292119145393,,0.025715721771121
77.62574615478533,9.05671689449218,0.0279610436409711,0.0257735978811979,
77.62574615478533,9.196744209680856,,0.0252481382340192,0.0252768602222204
77.62574615478533,9.336771524869532,0.024717578664422,0.0247966442257165,0.0286692418158054
77.62574615478533,9.47679884005821,0.0294349379837512,0.0313525944948196,0.0267566889524459
77.62574615478533,9.616826155246889,,0.0310729052871465,0.0234807077795267
77.62574615478533,9.756853470435564,0.0317900143563747,0.0258454550057649,
77.62574615478533,9.89688078562424,0.0226196125149726,0.0321773216128349,0.0299341529607772
77.62574615478533,10.036908100812918,0.0247068386524915,,0.0337732620537281
77.62574615478533,10.176935416001594,0.0217458605766296,0.0332656577229499,0.0232846792787313
77.62574615478533,10.316962731190271,0.0290131215006113,0.032025471329689,0.034047320485115
77.62574615478533,10.456990046378948,,0.0258669015020132,
77.62574615478533,10.597017361567625,0.0298155639320611,0.0266880746930837,0.0252277571707963
77.62574615478533,10.737044676756302,0.0307311229407787,,
77.62574615478533,10.877071991944977,0.0292637757956981,0.0261117480695247,0.0349204316735267
77.62574615478533,11.017099307133654,0.0295715779066085,0.0267626084387302,0.0304690916091203
77.62574615478533,11.15712662232233,0.0289164930582046,,
77.62574615478533,11.297153937511007,0.0311545990407466,0.0268218573182821,0.0222227480262517
77.62574615478533,11.437181252699684,0.0188915897160768,0.0288821142166852,
77.62574615478533,11.57720856788836,0.0262267962098121,,
77.62574615478533,11.717235883077038,0.0366209298372268,0.0267885904759168,0.0329983942210674
77.62574615478533,11.857263198265716,0.0290600750595331,,
77.62574615478533,11.997290513454391,0.0291275028139352,,0.0287367925047874
77.62574615478533,12.137317828643068,,,0.0244425069540739
77.62574615478533,12.277345143831743,0.0259746648371219,,0.0359735339879989
77.62574615478533,12.41737245902042,,0.035404372960329,0.0335512198507785
77.62574615478533,12.5573997742091,0.0300768222659826,,0.0299193561077117
77.62574615478533,12.697427089397774,,0.031699314713478,0.0292909629642963
77.62574615478533,12.837454404586452,0.0284513495862483,,0.0285227112472057
77.62574615478533,12.977481719775128,0.0295362919569015,,
77.62574615478533,13.117509034963804,,0.0306446533650159,0.0341365747153759
77.62574615478533,13.25753635015248,0.0304308626800775,0.0318184569478035,
77.62574615478533,13.397563665341158,0.0321622267365455,,
77.62574615478533,13.537590980529837,,,0.0319336801767349
77.76574615478533,8.076525688171444,0.0245558731257915,,0.0332020856440067
77.76574615478533,8.21655300336012,0.0256697181612253,0.0290504097938537,0.0304074846208095
77.76574615478533,8.356580318548797,0.0339821688830852,,
77.76574615478533,8.496607633737474,0.0287244599312543,0.0343284755945205,
77.76574615478533,8.636634948926151,0.0283130593597888,,0.0317071788012981
77.76574615478533,8.776662264114828,0.0312406234443187,,0.0310307200998067
77.76574615478533,8.916689579303505,0.0290605891495943,0.0295646097511053,0.0237367283552885
77.76574615478533,9.05671689449218,0.0320872105658054,,0.0271953586488962
77.76574615478533,9.196744209680856,,0.0234862361103296,0.0311509352177381
77.76574615478533,9.336771524869532,,,0.0263201724737882
77.76574615478533,9.47679884005821,0.0305943507701158,0.0260173063725233,
77.76574615478533,9.616826155246889,0.0345274433493614,0.0325218215584754,0.0333602577447891
77.76574615478533,9.756853470435564,0.0294671468436718,0.0321219637989997,0.0287506598979234
77.76574615478533,9.89688078562424,0.0293860286474227,,0.0289042796939611
77.76574615478533,10.036908100812918,0.0288777612149715,0.0260888952761888,
77.76574615478533,10.176935416001594,0.027104215696454,0.0262491684406995,0.0310479421168565
77.76574615478533,10.316962731190271,0.0307005029171705,0.0330461524426937,0.02830914221704
77.76574615478533,10.456990046378948,0.0260444395244121,0.0252435486763715,0.0255522839725017
77.76574615478533,10.597017361567625,0.025726219639182,0.0316312909126281,
77.76574615478533,10.737044676756302,0.0309120137244462,,0.0269466284662485
77.76574615478533,10.877071991944977,0.0266516860574483,0.0316052623093128,0.0300954729318618
77.76574615478533,11.017099307133654,0.0220063384622335,,0.0267358981072902
77.76574615478533,11.15712662232233,,,0.0281076561659574
77.76574615478533,11.297153937511007,0.0274216700345277,,0.029451061040163
77.76574615478533,11.437181252699684,0.0324480943381786,0.029071819037199,
77.76574615478533,11.57720856788836,0.0239505656063556,,0.0293296836316585
77.76574615478533,11.717235883077038,0.0313015393912792,0.0306078009307384,0.0284233577549457
77.76574615478533,11.857263198265716,0.0264514256268739,0.0316015407443046,
77.76574615478533,11.997290513454391,0.027824580669403,0.0324031636118888,
77.76574615478533,12.137317828643068,0.0259199943393468,,0.0286398064345121
77.76574615478533,12.277345143831743,0.0274252630770206,,0.0267162770032882
77.76574615478533,12.41737245902042,0.02917917445302,0.0291131623089313,0.0320948734879493
77.76574615478533,12.5573997742091,,,
77.76574615478533,12.697427089397774,0.0251346360892057,,0.0269293207675218
77.76574615478533,12.837454404586452,,0.0305193699896335,
77.76574615478533,12.977481719775128,0.0278503093868494,0.0242571644484996,0.0294571425765752
77.76574615478533,13.117509034963804,0.0235553998500108,0.0334329418838024,0.0291557013988494
77.76574615478533,13.25753635015248,0.025991341099143,0.0291532911360263,
77.76574615478533,13.397563665341158,0.0239835027605295,0.0288104824721813,0.028599439188838
77.76574615478533,13.537590980529837,0.0268881767988204,,
77.90574615478533,8.076525688171444,0.025360707193613,0.0340530015528202,
77.90574615478533,8.21655300336012,0.033272910863161,,0.0322230942547321
77.90574615478533,8.356580318548797,,0.0381000488996505,0.032086357474327
77.90574615478533,8.496607633737474,0.0273188427090644,0.0379278808832168,
77.90574615478533,8.636634948926151,0.027584658935666,0.0216609556227922,0.0280411522835493
77.90574615478533,8.776662264114828,0.0305373556911945,,0.0252828020602464
77.90574615478533,8.916689579303505,0.0348888039588928,0.0308517962694168,
77.90574615478533,9.05671689449218,0.0265872757881879,,0.0259034484624862
77.90574615478533,9.196744209680856,0.0283315293490886,0.0306262578815221,0.0269977338612079
77.90574615478533,9.336771524869532,0.0264756046235561,0.029820904135704,0.0237970035523176
77.90574615478533,9.47679884005821,0.0333265252411365,,0.0292408000677824
77.90574615478533,9.616826155246889,0.0313547700643539,,0.0307481344789266
77.90574615478533,9.756853470435564,0.0294616315513849,0.0232295468449592,0.0264160428196191
77.90574615478533,9.89688078562424,,0.0115312682464718,
77.90574615478533,10.036908100812918,0.0286458879709243,0.0302184037864208,0.0302792359143495
77.90574615478533,10.176935416001594,,,
77.90574615478533,10.316962731190271,0.026240887120366,0.0226112715899944,0.0291755888611078
77.90574615478533,10.456990046378948,0.0268507003784179,0.0256386268883943,0.0294789113104343
77.90574615478533,10.597017361567625,0.0262421146035194,0.0310790427029132,
77.90574615478533,10.737044676756302,,,0.0317161232233047
77.90574615478533,10.877071991944977,0.0288719329982996,0.0358820408582687,0.0331244170665741
77.90574615478533,11.017099307133654,0.0244385655969381,,0.0278291646391153
77.90574615478533,11.15712662232233,0.0267866030335426,0.0258028078824281,0.0240880064666271
77.90574615478533,11.297153937511007,0.0222956705838441,0.0231708474457263,
77.90574615478533,11.437181252699684,0.0281380787491798,0.035259336233139,0.0187366232275962
77.90574615478533,11.57720856788836,0.0255858339369297,,0.0267405472695827
77.90574615478533,11.717235883077038,0.0235675517469644,,
77.90574615478533,11.857263198265716,0.0238595474511384,0.0305547453463077,
77.90574615478533,11.997290513454391,0.0275945160537958,,0.028164803981781
77.90574615478533,12.137317828643068,,,0.0237263310700655
77.90574615478533,12.277345143831743,0.0321619100868701,0.0289505887776613,0.0272266957908868
77.90574615478533,12.41737245902042,0.0283867493271827,,0.0298557672649621
77.90574615478533,12.5573997742091,,0.0306400153785944,0.02896598726511
77.90574615478533,12.697427089397774,,,0.0301981922239065
77.90574615478533,12.837454404586452,0.0271723996847867,,0.0266768299043178
77.90574615478533,12.977481719775128,0.0343610160052776,,
77.90574615478533,13.117509034963804,0.025362079963088,0.029824573546648,0.0261690020561218
77.90574615478533,13.25753635015248,0.0302520990371704,,
77.90574615478533,13.397563665341158,0.0201974734663963,,0.0320867076516151
77.90574615478533,13.537590980529837,0.0318874157965183,,
78.04574615478533,8.076525688171444,0.0279354620724916,0.0242282543331384,0.0290552545338869
78.04574615478533,8.21655300336012,0.0285708010196685,0.0243626814335584,0.0339766666293144
78.04574615478533,8.356580318548797,0.0356799662113189,,
78.04574615478533,8.496607633737474,0.0342005081474781,0.0360396727919578,0.0324060656130313
78.04574615478533,8.636634948926151,0.0312711000442504,,
78.04574615478533,8.776662264114828,0.0275832507759332,0.0336201041936874,0.0320279449224472
78.04574615478533,8.916689579303505,0.0259825475513935,0.0312467236071825,
78.04574615478533,9.05671689449218,0.0263179950416088,0.0378415547311306,0.0311804357916116
78.04574615478533,9.196744209680856,0.0338874645531177,0.0358253382146358,0.0288799945265054
78.04574615478533,9.336771524869532,0.0288427248597145,,0.0318317785859108
78.04574615478533,9.47679884005821,0.0205118879675865,,0.0284003391861915
78.04574615478533,9.616826155246889,0.0346531681716442,0.0332564301788806,0.0199592225253582
78.04574615478533,9.756853470435564,0.0261856317520141,0.0354325398802757,
78.04574615478533,9.89688078562424,0.0302899070084095,0.0344252549111843,0.0368098132312297
78.04574615478533,10.036908100812918,,0.0283400975167751,0.0242121312767267
78.04574615478533,10.176935416001594,0.0288238320499658,0.0296739917248487,
78.04574615478533,10.316962731190271,0.0223707314580678,,0.0220776312053203
78.04574615478533,10.456990046378948,0.0318498238921165,0.0378541238605976,0.0295123532414436
78.04574615478533,10.597017361567625,0.0323108881711959,0.0286906491965055,0.0286962166428565
78.04574615478533,10.737044676756302,0.0241400618106126,,0.0355189070105552
78.04574615478533,10.877071991944977,0.0313650332391262,0.0257672760635614,0.0314314663410186
78.04574615478533,11.017099307133654,0.0288422144949436,,0.0218656249344348
78.04574615478533,11.15712662232233,0.025953846052289,0.0264994073659181,0.0268113370984792
78.04574615478533,11.297153937511007,0.0290183648467063,,0.0254085902124643
78.04574615478533,11.437181252699684,0.0275149457156658,0.0222443491220474,0.0243706181645393
78.04574615478533,11.57720856788836,0.0323074422776699,0.0339590422809124,
78.04574615478533,11.717235883077038,0.0249946564435958,0.0260390844196081,
78.04574615478533,11.857263198265716,,,0.0318222045898437
78.04574615478533,11.997290513454391,0.0254377853125333,0.0334689356386661,
78.04574615478533,12.137317828643068,0.0227503813803195,0.0328958332538604,0.0308333840221166
78.04574615478533,12.277345143831743,,0.0279207453131675,
78.04574615478533,12.41737245902042,,,0.0316424816846847
78.04574615478533,12.5573997742091,,0.0317884795367717,0.0285422336310148
78.04574615478533,12.697427089397774,,0.0331245884299278,0.0300863943994045
78.04574615478533,12.837454404586452,,0.0244774967432022,
78.04574615478533,12.977481719775128,0.0276861395686864,0.031276885420084,
78.04574615478533,13.117509034963804,0.0232091192156076,0.0234863273799419,0.0271195210516452
78.04574615478533,13.25753635015248,,,0.0313814952969551
78.04574615478533,13.397563665341158,0.028875621035695,0.0323229543864727,
78.04574615478533,13.537590980529837,,0.0313748717308044,
78.18574615478533,8.076525688171444,0.0301974136382341,0.0299517214298248,
78.18574615478533,8.21655300336012,0.0358060970902442,,0.0279543977230787
78.18574615478533,8.356580318548797,,0.024939015507698,0.0352392271161079
78.18574615478533,8.496607633737474,0.0257161632180213,0.028770538046956,0.024420540779829
78.18574615478533,8.636634948926151,0.0279454849660396,,0.0301166512072086
78.18574615478533,8.776662264114828,0.0262903645634651,0.0242510959506034,0.0321919433772563
78.18574615478533,8.916689579303505,0.0280759595334529,,0.028624041005969
78.18574615478533,9.05671689449218,0.0263811741024255,0.0281801391392946,0.0317403115332126
78.18574615478533,9.196744209680856,0.030508104711771,,0.0291443020105361
78.18574615478533,9.336771524869532,0.0317986346781253,0.0251456312835216,0.0262753255665302
78.18574615478533,9.47679884005821,0.0327859930694103,,0.0328385047614574
78.18574615478533,9.616826155246889,0.0252144280821084,0.0365036837756633,0.0270831007510423
78.18574615478533,9.756853470435564,0.0256493687629699,,
78.18574615478533,9.89688078562424,0.0319127775728702,0.0269777588546276,0.0299683697521686
78.18574615478533,10.036908100812918,0.0258741844445467,,0.0268309973180294
78.18574615478533,10.176935416001594,0.032228510826826,0.0246603246778249,0.0256428457796573
78.18574615478533,10.316962731190271,,0.0289148725569248,0.028967110440135
78.18574615478533,10.456990046378948,0.0253246165812015,,
78.18574615478533,10.597017361567625,0.0243224166333675,0.0235162861645221,0.031290452927351
78.18574615478533,10.737044676756302,0.0324260033667087,,0.0352511890232563
78.18574615478533,10.877071991944977,,,0.028450122103095
78.18574615478533,11.017099307133654,0.0286110378801822,0.0342607721686363,
78.18574615478533,11.15712662232233,0.0269130282104015,0.0227789599448442,
78.18574615478533,11.297153937511007,0.0203249119222164,,
78.18574615478533,11.437181252699684,0.031616598367691,0.0280535258352756,0.0293277986347675
78.18574615478533,11.57720856788836,,,
78.18574615478533,11.717235883077038,0.0199066065251827,,
78.18574615478533,11.857263198265716,0.0235688630491495,0.024656519293785,0.0295941997319459
78.18574615478533,11.997290513454391,0.0258164554834365,0.0242556389421224,0.0236437655985355
78.18574615478533,12.137317828643068,,0.0314572304487228,0.03493457660079
78.18574615478533,12.277345143831743,,0.0248214770108461,
78.18574615478533,12.41737245902042,,,0.0308075901120901
78.18574615478533,12.5573997742091,0.0242062397301197,0.0314562916755676,
78.18574615478533,12.697427089397774,0.030584393069148,0.0299764685332775,0.0308718625456094
78.18574615478533,12.837454404586452,,,0.0278375577181577
78.18574615478533,12.977481719775128,,,
78.18574615478533,13.117509034963804,0.0210554543882608,,
78.18574615478533,13.25753635015248,0.0238596554845571,0.0290557593107223,
78.18574615478533,13.397563665341158,0.0251363720744848,0.0305272247642278,0.0321656018495559
78.18574615478533,13.537590980529837,0.0240171141922473,0.034373115748167,
78.32574615478534,8.076525688171444,0.029089692980051,,0.0327205397188663
78.32574615478534,8.21655300336012,0.0287533327937126,0.0216170325875282,0.0317015200853347
78.32574615478534,8.356580318548797,0.0314618982374668,0.0284343268722295,
78.32574615478534,8.496607633737474,0.0282334387302398,,
78.32574615478534,8.636634948926151,0.0278670415282249,,0.0271645449101924
78.32574615478534,8.776662264114828,0.0260976999998092,0.0351114906370639,0.0252860095351934
78.32574615478534,8.916689579303505,0.0256152302026748,0.0304855294525623,0.0251452624797821
78.32574615478534,9.05671689449218,0.0241964906454086,0.0315938033163547,0.0326461866497993
78.32574615478534,9.196744209680856,0.0335883870720863,0.0233948249369859,
78.32574615478534,9.336771524869532,,,0.0199235808104276
78.32574615478534,9.47679884005821,0.0263632144778966,,0.031315878033638
78.32574615478534,9.616826155246889,0.028489775955677,,0.0320659764111042
78.32574615478534,9.756853470435564,0.0283378697931766,0.0265015978366136,0.025437681004405
78.32574615478534,9.89688078562424,0.0296657010912895,,0.0282110329717397
78.32574615478534,10.036908100812918,,0.0304284337908029,0.0320250764489173
78.32574615478534,10.176935416001594,0.0266324952244758,0.0236635934561491,0.0323122590780258
78.32574615478534,10.316962731190271,0.0278060268610715,,0.0335887484252452
78.32574615478534,10.456990046378948,0.0258101560175418,0.0325727239251136,0.0324653200805187
78.32574615478534,10.597017361567625,,,
78.32574615478534,10.737044676756302,,0.0271646007895469,0.0295781437307596
78.32574615478534,10.877071991944977,0.0258329585194587,0.0347202867269516,0.0341079644858837
78.32574615478534,11.017099307133654,,0.0378194376826286,0.0284841787070035
78.32574615478534,11.15712662232233,0.0291412305086851,0.0227593481540679,
78.32574615478534,11.297153937511007,0.0294715594500303,,0.0298838336020708
78.32574615478534,11.437181252699684,0.0242147836834192,0.0319197699427604,0.0283147152513265
78.32574615478534,11.57720856788836,0.0280735623091459,0.0247756708413362,
78.32574615478534,11.717235883077038,0.0263441931456327,,0.0288221556693315
78.32574615478534,11.857263198265716,0.0212029069662094,,0.0333960093557834
78.32574615478534,11.997290513454391,0.0245602671056985,,0.0291858799755573
78.32574615478534,12.137317828643068,0.0202554799616336,,0.0332674905657768
78.32574615478534,12.277345143831743,0.0239305477589368,,0.0274302121251821
78.32574615478534,12.41737245902042,,0.0315036624670028,
78.32574615478534,12.5573997742091,0.0223781578242778,,
78.32574615478534,12.697427089397774,,,0.0280412975698709
78.32574615478534,12.837454404586452,0.0315397083759307,0.0312406457960605,0.0264972932636737
78.32574615478534,12.977481719775128,0.0281172879040241,,0.03105946816504
78.32574615478534,13.117509034963804,,0.0305582396686077,0.0329559929668903
78.32574615478534,13.25753635015248,,,0.027391480281949
78.32574615478534,13.397563665341158,,,
78.32574615478534,13.537590980529837,0.0232961885631084,0.0380463674664497,
78.46574615478534,8.076525688171444,0.023938350379467,0.0285647846758365,0.0302374325692653
78.46574615478534,8.21655300336012,0.0294281151145696,0.0269545391201972,0.0270211547613143
78.46574615478534,8.356580318548797,0.0258256588131189,0.0284733846783638,0.0298357307910919
78.46574615478534,8.496607633737474,0.0293414089828729,0.0289907716214656,0.0320960357785224
78.46574615478534,8.636634948926151,0.0252976547926664,,0.0275805778801441
78.46574615478534,8.776662264114828,0.0327952094376087,0.0340105481445789,0.0355956926941871
78.46574615478534,8.916689579303505,0.0296966526657342,,0.0280198082327842
78.46574615478534,9.05671689449218,,,0.0308026373386383
78.46574615478534,9.196744209680856,,0.0260315034538507,0.0226397607475519
78.46574615478534,9.336771524869532,0.0290223490446805,0.0242920815944671,
78.46574615478534,9.47679884005821,0.0269053652882576,,0.024454278871417
78.46574615478534,9.616826155246889,0.0354055725038051,,0.036147229373455
78.46574615478534,9.756853470435564,0.0284172389656305,,0.0285244435071945
78.46574615478534,9.89688078562424,0.0303326416760683,0.0247524734586477,0.0333645343780517
78.46574615478534,10.036908100812918,0.0213601496070623,,0.0304805971682071
78.46574615478534,10.176935416001594,,0.0268844850361347,
78.46574615478534,10.316962731190271,0.0208479799330234,0.0260223429650068,0.0354339703917503
78.46574615478534,10.456990046378948,,0.0344876646995544,0.030820881947875
78.46574615478534,10.597017361567625,0.0269138123840093,0.0303343720734119,
78.46574615478534,10.737044676756302,0.0345018953084945,,0.0306321419775486
78.46574615478534,10.877071991944977,0.0293499361723661,0.0351590700447559,0.0300771500915288
78.46574615478534,11.017099307133654,0.0293805040419101,0.03038190305233,
78.46574615478534,11.15712662232233,0.0257297623902559,0.024487130343914,
78.46574615478534,11.297153937511007,0.0266499370336532,,
78.46574615478534,11.437181252699684,0.0259194783866405,,0.0344604775309562
78.46574615478534,11.57720856788836,0.0280737224966287,,0.0303101148456335
78.46574615478534,11.717235883077038,,0.0298093538731336,0.0291320737451314
78.46574615478534,11.857263198265716,,0.0341449491679668,0.0315867587924003
78.46574615478534,11.997290513454391,0.0255220010876655,0.0290574003010988,
78.46574615478534,12.137317828643068,,0.0355644635856151,0.032950609922409
78.46574615478534,12.277345143831743,0.0296057406812906,0.0280476566404104,0.0334678329527378
78.46574615478534,12.41737245902042,0.0343312211334705,0.032849196344614,
78.46574615478534,12.5573997742091,0.0318219289183616,,0.0295358002185821
78.46574615478534,12.697427089397774,0.0312587395310401,,
78.46574615478534,12.837454404586452,0.0252132751047611,,0.0324156880378723
78.46574615478534,12.977481719775128,0.0326284952461719,,
78.46574615478534,13.117509034963804,0.021040329709649,,
78.46574615478534,13.25753635015248,0.0330555476248264,0.024877930060029,0.0286020915955305
78.46574615478534,13.397563665341158,,0.0287147033959627,0.0265891253948211
78.46574615478534,13.537590980529837,,0.0252847764641046,
78.60574615478534,8.076525688171444,0.0264985058456659,,0.0237065199762582
78.60574615478534,8.21655300336012,0.0226067602634429,,0.029852895066142
78.60574615478534,8.356580318548797,0.0278121624141931,0.0280646234750747,0.0250507909804582
78.60574615478534,8.496607633737474,0.0289091374725103,,0.0255553442984819
78.60574615478534,8.636634948926151,0.0244953110814094,,0.0283487606793642
78.60574615478534,8.776662264114828,0.0264765452593565,0.0288132764399051,0.0326699092984199
78.60574615478534,8.916689579303505,0.0272672958672046,0.0258367545902729,0.0232160054147243
78.60574615478534,9.05671689449218,,,0.0263368431478738
78.60574615478534,9.196744209680856,0.0262785218656063,0.0243746135383844,0.0352765992283821
78.60574615478534,9.336771524869532,0.0329062081873416,,0.0341710112988948
78.60574615478534,9.47679884005821,0.0279558636248111,0.02774796821177,0.0270389374345541
78.60574615478534,9.616826155246889,,0.0294523127377033,0.0279373582452535
78.60574615478534,9.756853470435564,,,0.032951533794403
78.60574615478534,9.89688078562424,0.0268144607543945,0.033314298838377,0.0262877866625785
78.60574615478534,10.036908100812918,0.0260524880141019,,
78.60574615478534,10.176935416001594,0.0265472382307052,0.0279379989951849,0.0238721333444118
78.60574615478534,10.316962731190271,,,0.0313375182449817
78.60574615478534,10.456990046378948,0.0203731227666139,0.031202282756567,
78.60574615478534,10.597017361567625,0.0281628798693418,0.0272211618721485,
78.60574615478534,10.737044676756302,0.0239084232598543,,0.0309725068509578
78.60574615478534,10.877071991944977,,,
78.60574615478534,11.017099307133654,0.0228310972452163,,0.0313015058636665
78.60574615478534,11.15712662232233,,0.025201890617609,0.0310947280377149
78.60574615478534,11.297153937511007,,0.0237224418669939,0.0300798993557691
78.60574615478534,11.437181252699684,0.0342239812016487,0.0313372090458869,
78.60574615478534,11.57720856788836,0.0248582866042852,,0.0293492879718542
78.60574615478534,11.717235883077038,0.0258124433457851,0.0289471670985221,0.0319790579378604
78.60574615478534,11.857263198265716,0.0251807067543268,,0.0305358506739139
78.60574615478534,11.997290513454391,0.0247472878545522,0.0338379181921482,0.0292618684470653
78.60574615478534,12.137317828643068,0.0232463870197534,,
78.60574615478534,12.277345143831743,,0.0253708772361278,
78.60574615478534,12.41737245902042,0.0279414840042591,0.0311746336519718,0.0331667847931385
78.60574615478534,12.5573997742091,,,0.0335707701742649
78.60574615478534,12.697427089397774,0.0290013272315263,0.0343507602810859,0.0240578055381774
78.60574615478534,12.837454404586452,0.0331155359745025,,
78.60574615478534,12.977481719775128,0.0216636098921298,0.0379584580659866,0.0299195311963558
78.60574615478534,13.117509034963804,0.0254372246563434,0.0346002094447612,
78.60574615478534,13.25753635015248,,,0.0309170000255107
78.60574615478534,13.397563665341158,0.0251135341823101,0.0304507333785295,0.0339563488960266
78.60574615478534,13.537590980529837,0.0339885242283344,,0.0259845815598964
78.74574615478534,8.076525688171444,0.027456784620881,0.0344469435513019,0.0280283782631158
78.74574615478534,8.21655300336012,0.0292614307254552,0.0256665106862783,0.0310691762715578
78.74574615478534,8.356580318548797,0.0278865173459053,0.0353061482310295,0.0280706156045198
78.74574615478534,8.496607633737474,0.025219090282917,0.0308703258633613,
78.74574615478534,8.636634948926151,0.0334562845528125,,0.0298347603529691
78.74574615478534,8.776662264114828,0.0313838869333267,0.0290372837334871,
78.74574615478534,8.916689579303505,0.0327129885554313,,0.0308570433408021
78.74574615478534,9.05671689449218,0.0345983542501926,,0.0317074507474899
78.74574615478534,9.196744209680856,0.0272777024656534,0.0254068151116371,
78.74574615478534,9.336771524869532,0.027603905647993,0.0246780309826135,0.0284197777509689
78.74574615478534,9.47679884005821,,,0.0269544385373592
78.74574615478534,9.616826155246889,0.023857420310378,,0.0289931017905473
78.74574615478534,9.756853470435564,0.0275453813374042,,0.0273395702242851
78.74574615478534,9.89688078562424,0.0240976586937904,,
78.74574615478534,10.036908100812918,0.0279782153666019,0.0232944823801517,
78.74574615478534,10.176935416001594,0.0285562966018915,,0.0268231928348541
78.74574615478534,10.316962731190271,,0.0317559950053691,0.028522016480565
78.74574615478534,10.456990046378948,0.024238983169198,,
78.74574615478534,10.597017361567625,0.0257126279175281,0.0308979135006666,0.0267561413347721
78.74574615478534,10.737044676756302,0.0272846110165119,,0.0333392694592475
78.74574615478534,10.877071991944977,0.0286016035825014,,0.0323214195668697
78.74574615478534,11.017099307133654,0.0256200544536113,,
78.74574615478534,11.15712662232233,,0.0343729108572006,0.0239470321685075
78.74574615478534,11.297153937511007,0.025455754250288,0.0299770180135965,
78.74574615478534,11.437181252699684,0.0293449256569147,0.0246004033833742,0.0301319323480129
78.74574615478534,11.57720856788836,0.0254645459353923,,0.0270577035844326
78.74574615478534,11.717235883077038,0.0300279054790735,0.0244784075766801,0.0304079018533229
78.74574615478534,11.857263198265716,0.0305592734366655,0.0322681404650211,
78.74574615478534,11.997290513454391,,,
78.74574615478534,12.137317828643068,0.0335827618837356,0.0301783587783575,0.0292198229581117
78.74574615478534,12.277345143831743,0.0280701722949743,,0.0321341827511787
78.74574615478534,12.41737245902042,0.0292087960988283,0.0288718026131391,0.0241756085306406
78.74574615478534,12.5573997742091,0.0251228529959917,0.0244708620011806,
78.74574615478534,12.697427089397774,0.0201974734663963,,0.0330657288432121
78.74574615478534,12.837454404586452,,0.0279088728129863,
78.74574615478534,12.977481719775128,,0.0245187971740961,0.0313608571887016
78.74574615478534,13.117509034963804,0.0242293328046798,,
78.74574615478534,13.25753635015248,0.0290773510932922,0.0336272828280925,
78.74574615478534,13.397563665341158,0.0318276099860668,0.0366751663386821,0.0277969874441623
78.74574615478534,13.537590980529837,,,0.0314032882452011
78.88574615478534,8.076525688171444,0.0268317013978958,,0.0302328504621982
78.88574615478534,8.21655300336012,0.0288189314305782,0.0242521930485963,0.0318537205457687
78.88574615478534,8.356580318548797,0.0338769890367984,,
78.88574615478534,8.496607633737474,,,0.0225091632455587
78.88574615478534,8.636634948926151,0.0291067827492952,0.0314925163984298,0.0257044695317745
78.88574615478534,8.776662264114828,0.0268855448812246,,
78.88574615478534,8.916689579303505,0.0244572926312685,0.0277493838220834,
78.88574615478534,9.05671689449218,0.0291529037058353,0.0339700542390346,0.0295846126973629
78.88574615478534,9.196744209680856,0.0301970224827528,0.0253550969064235,0.0265609249472618
78.88574615478534,9.336771524869532,0.0258812643587589,0.0269569661468267,0.0269647948443889
78.88574615478534,9.47679884005821,0.0310299359261989,0.0310860555619001,0.0266797170042991
78.88574615478534,9.616826155246889,0.0284396093338727,0.0358210988342762,0.0255531948059797
78.88574615478534,9.756853470435564,0.0206248052418231,,0.0308605805039405
78.88574615478534,9.89688078562424,0.0249672923237085,0.026831479743123,0.0325149409472942
78.88574615478534,10.036908100812918,0.040024533867836,,
78.88574615478534,10.176935416001594,0.0232793483883142,0.0253526624292135,
78.88574615478534,10.316962731190271,0.0265143904834985,0.0345453359186649,0.029959101229906
78.88574615478534,10.456990046378948,,,0.0220348723232746
78.88574615478534,10.597017361567625,0.0289060845971107,0.0389178358018398,0.0276119150221347
78.88574615478534,10.737044676756302,0.0226467531174421,,
78.88574615478534,10.877071991944977,0.0280193947255611,0.0354246906936168,
78.88574615478534,11.017099307133654,0.0293923020362854,0.0331656001508235,
78.88574615478534,11.15712662232233,0.0232441630214452,,0.0220192093402147
78.88574615478534,11.297153937511007,0.0288237705826759,0.0269621312618255,0.0257217548787593
78.88574615478534,11.437181252699684,0.0289454795420169,,0.0262108258903026
78.88574615478534,11.57720856788836,0.0303564257919788,0.0315007008612155,
78.88574615478534,11.717235883077038,0.0346314050257205,0.0270774159580469,
78.88574615478534,11.857263198265716,0.0246634148061275,0.0291794463992118,
78.88574615478534,11.997290513454391,,0.0294251516461372,0.0286257863044738
78.88574615478534,12.137317828643068,0.0304221268743276,,0.0311678797006607
78.88574615478534,12.277345143831743,,0.0315373353660106,
78.88574615478534,12.41737245902042,,0.0289125721901655,0.0289927292615175
78.88574615478534,12.5573997742091,,,0.0274352505803108
78.88574615478534,12.697427089397774,,,
78.88574615478534,12.837454404586452,0.0231412947177886,,0.0270422007888555
78.88574615478534,12.977481719775128,,,
78.88574615478534,13.117509034963804,,,
78.88574615478534,13.25753635015248,0.0296330116689205,,0.031118880957365
78.88574615478534,13.397563665341158,0.0334487967193126,,
78.88574615478534,13.537590980529837,0.022451689466834,0.0308986902236938,0.0294997934252023
79.02574615478534,8.076525688171444,0.0212837010622024,,0.0264193229377269
79.02574615478534,8.21655300336012,0.0301720574498176,0.0300253089517354,0.0227086246013641
79.02574615478534,8.356580318548797,0.022661130875349,0.0282841976732015,0.0337885953485965
79.02574615478534,8.496607633737474,0.0270196050405502,,
79.02574615478534,8.636634948926151,0.025843558833003,,0.035933818668127
79.02574615478534,8.776662264114828,0.0288429874926805,0.027790118008852,
79.02574615478534,8.916689579303505,0.0302318762987852,0.0225074496120214,0.0234366133809089
79.02574615478534,9.05671689449218,0.0319777652621269,0.0269314404577016,0.0178481917828321
79.02574615478534,9.196744209680856,0.028032511472702,,0.0308969598263502
79.02574615478534,9.336771524869532,0.0265337489545345,,0.026651307940483
79.02574615478534,9.47679884005821,0.0255387760698795,,0.0358676798641681
79.02574615478534,9.616826155246889,0.0240576118230819,,0.0294040758162736
79.02574615478534,9.756853470435564,0.0290339738130569,0.0289232283830642,0.0277941189706325
79.02574615478534,9.89688078562424,0.0243224166333675,0.0289768762886524,
79.02574615478534,10.036908100812918,0.0302588436752557,,0.0255629960447549
79.02574615478534,10.176935416001594,0.0269790589809417,0.0255828332155942,0.0315577052533626
79.02574615478534,10.316962731190271,0.0238038394600152,,
79.02574615478534,10.456990046378948,0.0193931218236684,0.0273069273680448,
79.02574615478534,10.597017361567625,0.0249705649912357,,0.0333598032593727
79.02574615478534,10.737044676756302,0.0241789110004901,,0.0296092331409454
79.02574615478534,10.877071991944977,0.0322639495134353,,0.0238330997526645
79.02574615478534,11.017099307133654,,,0.0317081809043884
79.02574615478534,11.15712662232233,,0.0380063988268375,0.0254626274108886
79.02574615478534,11.297153937511007,0.0330352857708931,,0.0283899456262588
79.02574615478534,11.437181252699684,0.0371042229235172,0.0292860772460699,
79.02574615478534,11.57720856788836,0.0248108506202697,0.0292130671441555,
79.02574615478534,11.717235883077038,,0.0272910874336957,
79.02574615478534,11.857263198265716,,0.0302054174244403,
79.02574615478534,11.997290513454391,0.0314744934439659,0.0304479543119668,
79.02574615478534,12.137317828643068,0.027896199375391,,0.0257807504385709
79.02574615478534,12.277345143831743,,,
79.02574615478534,12.41737245902042,,,0.0290740504860878
79.02574615478534,12.5573997742091,,,0.0309297237545251
79.02574615478534,12.697427089397774,0.0287161767482757,,0.0298767685890197
79.02574615478534,12.837454404586452,0.0293015129864215,0.030257998034358,0.0251594316214323
79.02574615478534,12.977481719775128,0.0314926244318485,0.0340380184352397,0.030829519033432
79.02574615478534,13.117509034963804,0.0281039681285619,,0.0362071841955184
79.02574615478534,13.25753635015248,0.0280840396881103,,0.0325620658695697
79.02574615478534,13.397563665341158,0.0210492853075265,,
79.02574615478534,13.537590980529837,0.0305356867611408,0.0296840667724609,0.0368203409016132
79.16574615478534,8.076525688171444,0.0327627211809158,,0.0246516242623329
79.16574615478534,8.21655300336012,,0.0229276530444622,
79.16574615478534,8.356580318548797,0.0259979981929063,,0.0311415214091539
79.16574615478534,8.496607633737474,0.0248931162059307,0.0258957799524068,
79.16574615478534,8.636634948926151,0.0300432182848453,,
79.16574615478534,8.776662264114828,0.0278127864003181,0.033244289457798,0.0269951056689023
79.16574615478534,8.916689579303505,,0.0284083504229784,
79.16574615478534,9.05671689449218,0.0255391430109739,0.0271123740822076,0.0200433805584907
79.16574615478534,9.196744209680856,0.0305326711386442,0.0252707377076149,0.0232014376670122
79.16574615478534,9.336771524869532,0.0274562835693359,,0.0262633021920919
79.16574615478534,9.47679884005821,0.0256019700318574,0.0344489850103855,0.0290001444518566
79.16574615478534,9.616826155246889,0.0310738198459148,,0.0295060649514198
79.16574615478534,9.756853470435564,,0.0260118432343006,0.0337420441210269
79.16574615478534,9.89688078562424,,0.0246475469321012,
79.16574615478534,10.036908100812918,0.0254104230552911,0.0255300365388393,0.0241405945271253
79.16574615478534,10.176935416001594,0.0265331976115703,,0.0267208833247423
79.16574615478534,10.316962731190271,,,
79.16574615478534,10.456990046378948,,,0.0255227889865636
79.16574615478534,10.597017361567625,0.0258984789252281,,0.0259577240794897
79.16574615478534,10.737044676756302,0.0247322972863912,,
79.16574615478534,10.877071991944977,0.0298592802137136,,0.0282008685171604
79.16574615478534,11.017099307133654,0.0271003153175115,0.0297087412327528,0.0254080239683389
79.16574615478534,11.15712662232233,0.0402013547718524,,0.0362286940217018
79.16574615478534,11.297153937511007,0.0305218938738107,0.028537131845951,0.0227613598108291
79.16574615478534,11.437181252699684,0.0296798516064882,,
79.16574615478534,11.57720856788836,,,0.0255892518907785
79.16574615478534,11.717235883077038,0.0252342149615287,,
79.16574615478534,11.857263198265716,0.0223398301750421,0.0266779959201812,0.0319318510591983
79.16574615478534,11.997290513454391,0.023597290739417,0.0300181470811367,0.0325217209756374
79.16574615478534,12.137317828643068,,0.0317848548293113,
79.16574615478534,12.277345143831743,0.0338174924254417,0.0322547443211078,0.0373690798878669
79.16574615478534,12.41737245902042,0.0277839712798595,0.0375117249786853,0.0299168787896633
79.16574615478534,12.5573997742091,0.0272867232561111,0.0268222205340862,0.0252731535583734
79.16574615478534,12.697427089397774,0.0320082679390907,0.0281776189804077,0.0337781347334384
79.16574615478534,12.837454404586452,0.030336020514369,,
79.16574615478534,12.977481719775128,0.0321736708283424,0.0291498526930809,
79.16574615478534,13.117509034963804,0.0187199041247367,,0.0321767702698707
79.16574615478534,13.25753635015248,,0.0313977263867855,0.0299017373472452
79.16574615478534,13.397563665341158,0.0268175993114709,0.0307104829698801,0.0268313903361558
79.16574615478534,13.537590980529837,,,0.0286696199327707
79.30574615478534,8.076525688171444,0.0284554101526737,0.0343575179576873,0.0318520553410053
79.30574615478534,8.21655300336012,0.029544873163104,,
79.30574615478534,8.356580318548797,,0.0237113106995821,0.0316908210515975
79.30574615478534,8.496607633737474,0.0267511270940303,0.0244794115424156,0.0322316884994506
79.30574615478534,8.636634948926151,0.0323576070368289,,0.0251061096787452
79.30574615478534,8.776662264114828,0.0271610729396343,,0.0296187568455934
79.30574615478534,8.916689579303505,0.0329681523144245,,0.0242594424635171
79.30574615478534,9.05671689449218,0.0299266166985034,0.0273494198918342,0.0263513214886188
79.30574615478534,9.196744209680856,0.030913820490241,,0.0315140485763549
79.30574615478534,9.336771524869532,0.0285726655274629,,0.0323923155665397
79.30574615478534,9.47679884005821,0.0244563892483711,0.0276532601565122,0.0288217384368181
79.30574615478534,9.616826155246889,,0.0294468030333518,0.0311498511582613
79.30574615478534,9.756853470435564,0.0250712111592292,,0.0284602269530296
79.30574615478534,9.89688078562424,0.027110394090414,0.0146453538909554,
79.30574615478534,10.036908100812918,0.034260619431734,0.0295157898217439,0.0271617919206619
79.30574615478534,10.176935416001594,,,0.0309592336416244
79.30574615478534,10.316962731190271,,,
79.30574615478534,10.456990046378948,0.0196945611387491,,0.0348663553595542
79.30574615478534,10.597017361567625,0.026104524731636,,0.0280322600156068
79.30574615478534,10.737044676756302,0.0268324799835681,,0.0304767619818449
79.30574615478534,10.877071991944977,0.0300942882895469,0.027663018554449,0.0335620865225791
79.30574615478534,11.017099307133654,0.0348198190331459,0.0345605611801147,0.0306789092719554
79.30574615478534,11.15712662232233,0.0199945755302906,0.0237692315131425,0.0260112714022398
79.30574615478534,11.297153937511007,,,0.0238968692719936
79.30574615478534,11.437181252699684,,0.0347565785050392,0.0253982059657573
79.30574615478534,11.57720856788836,,0.0322036296129226,0.0287234280258417
79.30574615478534,11.717235883077038,0.0315498523414135,,
79.30574615478534,11.857263198265716,,0.0331210419535636,0.0300893690437078
79.30574615478534,11.997290513454391,0.0322822965681552,0.0373177118599414,0.029916014522314
79.30574615478534,12.137317828643068,0.0250521935522556,,
79.30574615478534,12.277345143831743,0.0269723758101463,,0.0300689898431301
79.30574615478534,12.41737245902042,0.030880618840456,0.0327058732509613,0.0337809920310974
79.30574615478534,12.5573997742091,0.0312447641044855,,0.0324118584394454
79.30574615478534,12.697427089397774,0.0264115128666162,0.0259606894105672,
79.30574615478534,12.837454404586452,0.0228925719857215,0.0358017720282077,
79.30574615478534,12.977481719775128,0.0242781583219766,,0.0331600420176982
79.30574615478534,13.117509034963804,,0.0213492456823587,
79.30574615478534,13.25753635015248,0.0264096111059188,0.0277647580951452,0.0283525213599205
79.30574615478534,13.397563665341158,0.0242257993668317,0.0290621053427457,0.0261965803802013
79.30574615478534,13.537590980529837,0.0203820206224918,,
79.44574615478534,8.076525688171444,0.0238086394965648,0.0328905694186687,
79.44574615478534,8.21655300336012,0.030164185911417,,
79.44574615478534,8.356580318548797,0.0292255245149135,,0.0264160428196191
79.44574615478534,8.496607633737474,0.0330222137272357,0.0261907428503036,0.0273567177355289
79.44574615478534,8.636634948926151,0.0329152606427669,0.0378988981246948,0.0282387025654315
79.44574615478534,8.776662264114828,0.0246609468013048,,0.032779611647129
79.44574615478534,8.916689579303505,0.0288026928901672,,
79.44574615478534,9.05671689449218,0.027927616611123,,
79.44574615478534,9.196744209680856,0.0231496766209602,,0.03118128888309
79.44574615478534,9.336771524869532,0.0260524880141019,0.0330209247767925,0.0326082184910774
79.44574615478534,9.47679884005821,0.030314253643155,,0.0242556426674127
79.44574615478534,9.616826155246889,0.0241440068930387,,0.0213252566754817
79.44574615478534,9.756853470435564,0.0268604047596454,0.0248969290405511,0.0225556958466768
79.44574615478534,9.89688078562424,0.0244610179215669,,
79.44574615478534,10.036908100812918,0.0286049395799636,0.0276451110839843,
79.44574615478534,10.176935416001594,0.0187062788754701,,
79.44574615478534,10.316962731190271,0.0263886470347642,,0.0287713166326284
79.44574615478534,10.456990046378948,0.0289322268217802,,0.0332695581018924
79.44574615478534,10.597017361567625,0.0247809737920761,,0.0272251609712839
79.44574615478534,10.737044676756302,0.0260113161057233,0.0257243681699037,0.0324313677847385
79.44574615478534,10.877071991944977,0.0321030057966709,,
79.44574615478534,11.017099307133654,0.0281447265297174,0.0343831367790699,0.0273708999156951
79.44574615478534,11.15712662232233,0.0256608165800571,,0.0321168787777423
79.44574615478534,11.297153937511007,0.0292120650410652,0.028715081512928,0.0229505244642496
79.44574615478534,11.437181252699684,,0.0360734909772872,0.0310162995010614
79.44574615478534,11.57720856788836,0.0302002839744091,,
79.44574615478534,11.717235883077038,,0.0319198630750179,0.0273068509995937
79.44574615478534,11.857263198265716,,0.0270519685000181,
79.44574615478534,11.997290513454391,0.0242206174880266,,
79.44574615478534,12.137317828643068,,0.0304590556770563,
79.44574615478534,12.277345143831743,,,0.0252343751490116
79.44574615478534,12.41737245902042,0.031156126409769,0.0281706154346466,
79.44574615478534,12.5573997742091,,0.029342358931899,0.0275247897952795
79.44574615478534,12.697427089397774,,0.0397401042282581,0.0343116894364357
79.44574615478534,12.837454404586452,0.028693851083517,,0.0302885249257087
79.44574615478534,12.977481719775128,,0.0269476994872093,0.0293278247117996
79.44574615478534,13.117509034963804,0.023664204403758,,
79.44574615478534,13.25753635015248,,0.0326221734285354,
79.44574615478534,13.397563665341158,0.0325140133500099,,
79.44574615478534,13.537590980529837,0.0192433167248964,0.0320090726017952,0.0301525890827178
79.58574615478534,8.076525688171444,0.0310866367071867,,0.0304391682147979
79.58574615478534,8.21655300336012,0.0284047201275825,,0.0322726815938949
79.58574615478534,8.356580318548797,0.0274150613695383,,0.02467468008399
79.58574615478534,8.496607633737474,0.0294974576681852,,
79.58574615478534,8.636634948926151,0.027603905647993,0.035894576460123,0.0267697051167488
79.58574615478534,8.776662264114828,0.0274343583732843,,0.022043764591217
79.58574615478534,8.916689579303505,,0.0281236693263053,0.0313760936260223
79.58574615478534,9.05671689449218,0.027931161224842,0.0349819026887416,0.0229511149227619
79.58574615478534,9.196744209680856,0.0306609217077493,,0.0244929809123277
79.58574615478534,9.336771524869532,0.0282462127506732,0.0298196263611316,0.0319485813379287
79.58574615478534,9.47679884005821,0.0272651296108961,0.0345141775906086,
79.58574615478534,9.616826155246889,0.0289993826299905,0.0266088657081127,0.0268939137458801
79.58574615478534,9.756853470435564,,,0.0253100842237472
79.58574615478534,9.89688078562424,0.0297176204621791,,0.0345258228480815
79.58574615478534,10.036908100812918,0.0276279877871274,0.0287341009825468,0.0293660890311002
79.58574615478534,10.176935416001594,0.0299068074673414,,0.0250609070062637
79.58574615478534,10.316962731190271,,0.0372223146259784,
79.58574615478534,10.456990046378948,0.0191741399466991,0.0293941218405962,0.0277115665376186
79.58574615478534,10.597017361567625,0.0269561074674129,0.0299469381570816,0.0301899574697017
79.58574615478534,10.737044676756302,0.0291452445089817,0.0286497268825769,0.0304314419627189
79.58574615478534,10.877071991944977,0.0290613230317831,,
79.58574615478534,11.017099307133654,0.034674048423767,,0.0315819345414638
79.58574615478534,11.15712662232233,,,
79.58574615478534,11.297153937511007,0.0314079485833644,0.0331245884299278,0.0317226760089397
79.58574615478534,11.437181252699684,,,0.0298369769006967
79.58574615478534,11.57720856788836,0.0318635068833828,0.0286256577819585,
79.58574615478534,11.717235883077038,0.0300613641738891,0.031515683978796,
79.58574615478534,11.857263198265716,0.0190212894231081,,
79.58574615478534,11.997290513454391,0.0201974734663963,0.0334547087550163,0.0307930391281843
79.58574615478534,12.137317828643068,0.0327062122523784,,0.0279087554663419
79.58574615478534,12.277345143831743,0.0242877416312694,,0.0282305460423231
79.58574615478534,12.41737245902042,0.0267986226826906,0.0333430804312229,0.0315645709633827
79.58574615478534,12.5573997742091,0.0253215599805116,,0.0300872549414634
79.58574615478534,12.697427089397774,0.0321836434304714,0.0292224064469337,
79.58574615478534,12.837454404586452,0.0321175679564476,,0.0294770039618015
79.58574615478534,12.977481719775128,0.0255330000072717,0.0314950570464134,0.030236393213272
79.58574615478534,13.117509034963804,0.0282991509884595,0.0352696441113948,0.0270962789654731
79.58574615478534,13.25753635015248,,0.0280797965824604,
79.58574615478534,13.397563665341158,,0.0296558327972888,
79.58574615478534,13.537590980529837,0.027978777885437,0.0313708670437336,
79.72574615478534,8.076525688171444,0.0308539140969514,,0.030393062159419
79.72574615478534,8.21655300336012,0.0333700291812419,,0.0264323186129331
79.72574615478534,8.356580318548797,0.0271647945046424,,0.0342353843152523
79.72574615478534,8.496607633737474,0.028089040890336,0.0329024754464626,0.02830914221704
79.72574615478534,8.636634948926151,0.0264695193618536,0.0243159420788288,0.0308969598263502
79.72574615478534,8.776662264114828,,0.0272246990352869,0.0283606220036745
79.72574615478534,8.916689579303505,0.0312083754688501,,0.0311952847987413
79.72574615478534,9.05671689449218,0.0302882399410009,0.0396365448832511,0.0253900494426488
79.72574615478534,9.196744209680856,0.0254158861935138,,0.0298573095351457
79.72574615478534,9.336771524869532,0.0248837638646364,,0.030625756829977
79.72574615478534,9.47679884005821,,0.0397296026349067,0.0330240651965141
79.72574615478534,9.616826155246889,0.0258558448404073,0.0295449141412973,0.0300899092108011
79.72574615478534,9.756853470435564,0.0226265210658311,0.0271545462310314,
79.72574615478534,9.89688078562424,0.0196733139455318,,
79.72574615478534,10.036908100812918,0.0361452065408229,,0.03191889077425
79.72574615478534,10.176935416001594,0.0281847901642322,0.0281630493700504,0.0348378866910934
79.72574615478534,10.316962731190271,0.0274574179202318,,0.0244231205433607
79.72574615478534,10.456990046378948,0.0309781618416309,0.0348603539168834,
79.72574615478534,10.597017361567625,0.0295427944511175,,
79.72574615478534,10.737044676756302,0.0201663319021463,0.0273357816040515,0.0255395602434873
79.72574615478534,10.877071991944977,,0.0305874943733215,0.0300283469259738
79.72574615478534,11.017099307133654,0.0255027282983064,0.0248415395617485,0.0273345112800598
79.72574615478534,11.15712662232233,0.0316397920250892,0.0237461850047111,0.0320624038577079
79.72574615478534,11.297153937511007,0.0294793993234634,,0.0278274752199649
79.72574615478534,11.437181252699684,0.0315764360129833,0.0235169827938079,0.0299158077687025
79.72574615478534,11.57720856788836,0.0259379763156175,,0.0263831205666065
79.72574615478534,11.717235883077038,0.033375933766365,0.0350211188197135,
79.72574615478534,11.857263198265716,0.0327666848897933,0.0251532159745693,0.025891188532114
79.72574615478534,11.997290513454391,,,0.0319947339594364
79.72574615478534,12.137317828643068,0.0300810523331165,0.0352265313267707,0.0280453003942966
79.72574615478534,12.277345143831743,,,
79.72574615478534,12.41737245902042,,0.0272492002695798,0.0183790866285562
79.72574615478534,12.5573997742091,0.0307221915572881,0.0413205958902835,
79.72574615478534,12.697427089397774,,0.0299796927720308,0.0385493375360965
79.72574615478534,12.837454404586452,,,
79.72574615478534,12.977481719775128,0.0326180905103683,0.0358312651515007,
79.72574615478534,13.117509034963804,,,
79.72574615478534,13.25753635015248,0.0270293932408094,0.0398034453392028,
79.72574615478534,13.397563665341158,,,
79.72574615478534,13.537590980529837,,0.0254879351705312,0.0329792946577072
79.86574615478534,8.076525688171444,0.0285571012645959,,
79.86574615478534,8.21655300336012,0.0254917684942483,,0.0261334832757711
79.86574615478534,8.356580318548797,0.0273412130773067,0.0364350900053978,
79.86574615478534,8.496607633737474,0.0240350700914859,0.0274383332580328,0.0307540073990821
79.86574615478534,8.636634948926151,,0.0343014672398567,0.0304000843316316
79.86574615478534,8.776662264114828,0.0300038363784551,0.035135731101036,0.0320988036692142
79.86574615478534,8.916689579303505,,,0.028252488002181
79.86574615478534,9.05671689449218,0.0303990580141544,,0.0310011766850948
79.86574615478534,9.196744209680856,0.0294676944613456,,0.0226787012070417
79.86574615478534,9.336771524869532,,,
79.86574615478534,9.47679884005821,,0.0290910806506872,0.0322088897228241
79.86574615478534,9.616826155246889,0.02927709184587,0.0311984792351722,0.0280581191182136
79.86574615478534,9.756853470435564,0.0267878137528896,0.0290550533682107,0.0292703621089458
79.86574615478534,9.89688078562424,0.0292447451502084,0.0233848337084054,0.0327428393065929
79.86574615478534,10.036908100812918,0.0242625214159488,0.0290261544287204,
79.86574615478534,10.176935416001594,0.0214789360761642,0.0334552116692066,0.0306488312780857
79.86574615478534,10.316962731190271,0.0273378808051347,0.0265268795192241,
79.86574615478534,10.456990046378948,0.0278362967073917,,0.0297140851616859
79.86574615478534,10.597017361567625,0.0229584164917469,0.0279912054538726,0.029727404937148
79.86574615478534,10.737044676756302,,,
79.86574615478534,10.877071991944977,0.0312077812850475,0.0295462422072887,0.0328060053288936
79.86574615478534,11.017099307133654,0.0188815928995609,,0.0274392552673816
79.86574615478534,11.15712662232233,0.0229640062898397,0.0303762443363666,
79.86574615478534,11.297153937511007,0.0314911715686321,,
79.86574615478534,11.437181252699684,0.0319711826741695,0.0346166603267192,
79.86574615478534,11.57720856788836,,0.0291527360677719,
79.86574615478534,11.717235883077038,0.0328930728137493,,0.0287800431251525
79.86574615478534,11.857263198265716,,,0.0360351391136646
79.86574615478534,11.997290513454391,0.0294626206159591,,0.029994536191225
79.86574615478534,12.137317828643068,0.0275906641036272,,
79.86574615478534,12.277345143831743,0.0220781955868005,,0.0215944685041904
79.86574615478534,12.41737245902042,,,0.0240210406482219
79.86574615478534,12.5573997742091,0.0288390386849641,0.0297509953379631,
79.86574615478534,12.697427089397774,,,0.0315333008766174
79.86574615478534,12.837454404586452,0.0311488714069128,,0.0279985629022121
79.86574615478534,12.977481719775128,0.0215873438864946,0.0313104540109634,
79.86574615478534,13.117509034963804,,0.0350308455526828,0.0308680702000856
79.86574615478534,13.25753635015248,,0.0322902537882328,0.0303252786397933
79.86574615478534,13.397563665341158,0.0282580014318227,0.0333704315125942,0.0232324786484241
79.86574615478534,13.537590980529837,0.0189676657319068,0.033158503472805,
80.00574615478534,8.076525688171444,0.031181838363409,,0.0336171202361583
80.00574615478534,8.21655300336012,0.0277081690728664,,0.0304959379136562
80.00574615478534,8.356580318548797,0.024723706766963,0.0266923457384109,0.0257974918931722
80.00574615478534,8.496607633737474,0.0274418722838163,0.0319364815950393,
80.00574615478534,8.636634948926151,0.0355864278972148,,0.0274773836135864
80.00574615478534,8.776662264114828,0.0262332279235124,0.0297888964414596,
80.00574615478534,8.916689579303505,0.0308273825794458,,0.0272231232374906
80.00574615478534,9.05671689449218,0.0287841949611902,,0.0320138782262802
80.00574615478534,9.196744209680856,0.0309211649000644,,0.0352958776056766
80.00574615478534,9.336771524869532,0.0324441343545913,,
80.00574615478534,9.47679884005821,0.0298881735652685,,0.0347209610044956
80.00574615478534,9.616826155246889,0.027753422036767,0.0296510886400938,0.0250957999378442
80.00574615478534,9.756853470435564,0.030111776664853,0.0232577733695507,0.0253973230719566
80.00574615478534,9.89688078562424,0.0213819406926631,0.0305435191839933,0.0284730233252048
80.00574615478534,10.036908100812918,0.0222027655690908,0.0280215498059988,0.0299306977540254
80.00574615478534,10.176935416001594,0.0288244485855102,,0.0310543775558471
80.00574615478534,10.316962731190271,0.026716835796833,0.0311556719243526,0.0309884585440158
80.00574615478534,10.456990046378948,,,0.0331649594008922
80.00574615478534,10.597017361567625,0.0221837069839239,0.0269843246787786,0.0303061828017234
80.00574615478534,10.737044676756302,0.0235984046012163,,0.0313827581703662
80.00574615478534,10.877071991944977,0.0211046710610389,0.0261443462222814,0.0273622032254934
80.00574615478534,11.017099307133654,,0.0389738529920578,0.0314271599054336
80.00574615478534,11.15712662232233,0.0248597022145986,,
80.00574615478534,11.297153937511007,0.0336097218096256,,0.0278756879270076
80.00574615478534,11.437181252699684,,,0.0309474840760231
80.00574615478534,11.57720856788836,0.0292430873960256,0.0289972480386495,
80.00574615478534,11.717235883077038,,0.0258865617215633,
80.00574615478534,11.857263198265716,,,0.0323756076395511
80.00574615478534,11.997290513454391,0.0292966533452272,0.0294979661703109,0.0268705636262893
80.00574615478534,12.137317828643068,,,0.0296340771019458
80.00574615478534,12.277345143831743,0.0258106216788291,,0.0245636794716119
80.00574615478534,12.41737245902042,,0.0344044454395771,
80.00574615478534,12.5573997742091,0.0247958600521087,0.0315564945340156,
80.00574615478534,12.697427089397774,0.0290890671312809,0.0293975621461868,
80.00574615478534,12.837454404586452,0.0290617980062961,0.0274755619466304,0.0336327701807022
80.00574615478534,12.977481719775128,0.0281501896679401,0.0377605333924293,
80.00574615478534,13.117509034963804,,0.0331843085587024,0.0226919911801815
80.00574615478534,13.25753635015248,0.0242328774183988,0.0264675188809633,0.0261372365057468
80.00574615478534,13.397563665341158,,,
80.00574615478534,13.537590980529837,0.0248659066855907,,
80.14574615478534,8.076525688171444,0.0274056773632764,,0.0308079924434423
80.14574615478534,8.21655300336012,0.0272307880222797,0.0301767848432064,
80.14574615478534,8.356580318548797,0.0275692529976367,,
80.14574615478534,8.496607633737474,,,
80.14574615478534,8.636634948926151,0.0293916519731283,0.0266671273857355,0.0305555295199155
80.14574615478534,8.776662264114828,0.027742238715291,,
80.14574615478534,8.916689579303505,0.0298309437930583,0.0250659883022308,0.0308944229036569
80.14574615478534,9.05671689449218,0.0263278055936098,0.0270198248326778,0.0369695648550987
80.14574615478534,9.196744209680856,0.021707609295845,,0.0328168757259845
80.14574615478534,9.336771524869532,0.0302572790533304,,0.0231788586825132
80.14574615478534,9.47679884005821,0.0276370700448751,0.0291474815458059,
80.14574615478534,9.616826155246889,0.0206904411315917,,0.0273228846490383
80.14574615478534,9.756853470435564,0.0269573424011468,0.024756621569395,0.0320047698915004
80.14574615478534,9.89688078562424,0.0311184246093034,0.027589401230216,
80.14574615478534,10.036908100812918,0.0262871533632278,0.0300814472138881,0.0260974876582622
80.14574615478534,10.176935416001594,,0.0287865027785301,
80.14574615478534,10.316962731190271,,0.0286021437495946,
80.14574615478534,10.456990046378948,0.0293774176388978,,0.0264189876616001
80.14574615478534,10.597017361567625,0.0238332264125347,0.0280956476926803,0.0276605561375617
80.14574615478534,10.737044676756302,0.0272173564881086,,
80.14574615478534,10.877071991944977,,,
80.14574615478534,11.017099307133654,0.022402748465538,0.0320521406829357,0.026208110153675
80.14574615478534,11.15712662232233,0.025933813303709,0.030024042353034,0.0281313974410295
80.14574615478534,11.297153937511007,0.026807140558958,0.0244182925671339,0.028339933604002
80.14574615478534,11.437181252699684,,,
80.14574615478534,11.57720856788836,,0.0299417078495025,0.0310264304280281
80.14574615478534,11.717235883077038,,0.0347874909639358,
80.14574615478534,11.857263198265716,,0.0325476303696632,0.0354108996689319
80.14574615478534,11.997290513454391,0.0265011582523584,,
80.14574615478534,12.137317828643068,0.0222566444426774,0.0259766206145286,
80.14574615478534,12.277345143831743,0.0276125837117433,0.0330352969467639,
80.14574615478534,12.41737245902042,0.0253092460334301,0.0390911251306533,0.0300985053181648
80.14574615478534,12.5573997742091,0.031517319381237,0.0344778820872306,0.0327754467725753
80.14574615478534,12.697427089397774,0.0193877592682838,,0.0306468307971954
80.14574615478534,12.837454404586452,0.0334258303046226,0.03196432441473,0.0212322119623422
80.14574615478534,12.977481719775128,0.0253303851932287,0.0377673357725143,
80.14574615478534,13.117509034963804,0.0242072120308876,0.0310415867716074,0.0346027798950672
80.14574615478534,13.25753635015248,0.0314472168684005,,0.0297336596995592
80.14574615478534,13.397563665341158,,0.0318383648991584,0.0328858457505703
80.14574615478534,13.537590980529837,,0.025689011439681,0.0288835372775793
80.28574615478534,8.076525688171444,0.018764054402709,0.0372514836490154,
80.28574615478534,8.21655300336012,0.0238206833600997,0.0257503353059291,0.0331895276904106
80.28574615478534,8.356580318548797,0.0297721698880195,0.0247427374124526,0.0353257581591606
80.28574615478534,8.496607633737474,0.0289209075272083,0.0252765081822872,0.031875979155302
80.28574615478534,8.636634948926151,0.0264180209487676,,0.0252210237085819
80.28574615478534,8.776662264114828,0.0244665220379829,0.0364929549396038,
80.28574615478534,8.916689579303505,0.028948076069355,,0.0328762345016002
80.28574615478534,9.05671689449218,0.0354274772107601,0.0281971637159585,0.0340829268097877
80.28574615478534,9.196744209680856,0.0280052460730075,0.0256420020014047,
80.28574615478534,9.336771524869532,0.019638231024146,0.0339681096374988,
80.28574615478534,9.47679884005821,0.0225831903517246,0.0306145325303077,0.0233654808253049
80.28574615478534,9.616826155246889,0.0361452065408229,0.023191288113594,
80.28574615478534,9.756853470435564,0.0278563480824232,0.0316120721399784,0.0344013348221778
80.28574615478534,9.89688078562424,0.025252278894186,0.0316789969801902,0.0333304181694984
80.28574615478534,10.036908100812918,,0.0300169251859188,0.026202579960227
80.28574615478534,10.176935416001594,0.023647142574191,,0.0332403853535652
80.28574615478534,10.316962731190271,0.0212815329432487,,0.0263688843697309
80.28574615478534,10.456990046378948,0.0260115955024957,0.029267156496644,0.0297853946685791
80.28574615478534,10.597017361567625,0.0254334695637226,,0.0314015410840511
80.28574615478534,10.737044676756302,0.0223578847944736,0.0344139412045478,
80.28574615478534,10.877071991944977,0.0254015885293483,,
80.28574615478534,11.017099307133654,0.0254648402333259,,0.0264019183814525
80.28574615478534,11.15712662232233,0.033331174403429,0.0269441306591033,0.0270991399884223
80.28574615478534,11.297153937511007,0.0256123598664999,0.0339091718196868,0.0299945268779993
80.28574615478534,11.437181252699684,0.0245073083788156,0.0333315655589103,
80.28574615478534,11.57720856788836,0.0323494113981723,0.0259975008666515,0.0308113098144531
80.28574615478534,11.717235883077038,0.0332873649895191,0.0420268699526786,0.0309012662619352
80.28574615478534,11.857263198265716,0.032535895705223,0.0292516183108091,0.025967413559556
80.28574615478534,11.997290513454391,0.0323448367416858,0.0286466050893068,0.0321532301604747
80.28574615478534,12.137317828643068,0.0293891783803701,0.0348092131316661,0.0327034816145896
80.28574615478534,12.277345143831743,,0.0294348653405904,
80.28574615478534,12.41737245902042,0.0339038781821727,,
80.28574615478534,12.5573997742091,0.0326700881123542,0.034616332501173,
80.28574615478534,12.697427089397774,0.0209539048373699,,
80.28574615478534,12.837454404586452,0.0268933586776256,0.0274046808481216,0.0310739520937204
80.28574615478534,12.977481719775128,0.027025843039155,,
80.28574615478534,13.117509034963804,0.0241267960518598,0.034656673669815,0.0367376655340194
80.28574615478534,13.25753635015248,0.0279327891767025,0.030187502503395,0.0325476638972759
80.28574615478534,13.397563665341158,0.0240239724516868,0.0328201279044151,0.0315433479845523
80.28574615478534,13.537590980529837,0.0343983769416809,0.0304773896932601,0.0308655314147472
